parcela_id,contrato_id,cliente_id,numero_parcela,data_vencimento,valor_parcela,status_parcela,dias_atraso,etapa_cobranca,data_pagamento,valor_recuperado,potencial_recuperacao,agente_cobranca,mes,ano
1,1,1,1,2020-11-27,1284.04,Pendente,1,SMS,,0.0,Alto,Terceirizado Sul,11,2020
2,1,1,2,2020-12-27,1284.04,Paga,0,Ligação,2021-01-14,928.44,Alto,Equipe C,12,2020
3,1,1,3,2021-01-26,1284.04,Paga,0,Email,2021-02-07,997.81,Alto,Equipe A,1,2021
4,1,1,4,2021-02-25,1284.04,Paga,0,Sem Cobrança,2021-02-26,1284.04,Alto,,2,2021
5,1,1,5,2021-03-27,1284.04,Paga,0,Sem Cobrança,2021-03-29,1284.04,Alto,,3,2021
6,1,1,6,2021-04-26,1284.04,Paga,0,Sem Cobrança,2021-04-28,1284.04,Alto,,4,2021
7,1,1,7,2021-05-26,1284.04,Paga,0,Sem Cobrança,2021-05-27,1284.04,Alto,,5,2021
8,1,1,8,2021-06-25,1284.04,Paga,0,Sem Cobrança,2021-06-25,1284.04,Alto,,6,2021
9,1,1,9,2021-07-25,1284.04,Renegociada,61,Jurídico,2021-09-24,1258.59,Médio,Equipe B,7,2021
10,1,1,10,2021-08-24,1284.04,Paga,0,Sem Cobrança,2021-08-27,1284.04,Alto,,8,2021
11,1,1,11,2021-09-23,1284.04,Paga,0,Sem Cobrança,2021-09-24,1284.04,Alto,,9,2021
12,1,1,12,2021-10-23,1284.04,Paga,0,Sem Cobrança,2021-10-24,1284.04,Alto,,10,2021
13,1,1,13,2021-11-22,1284.04,Paga,0,Email,2021-11-29,1146.23,Alto,Equipe A,11,2021
14,1,1,14,2021-12-22,1284.04,Paga,0,Ligação,2022-01-10,1082.29,Alto,Terceirizado Sul,12,2021
15,1,1,15,2022-01-21,1284.04,Paga,0,Email,2022-01-30,999.99,Alto,Terceirizado Sul,1,2022
16,1,1,16,2022-02-20,1284.04,Paga,0,Sem Cobrança,2022-02-20,1284.04,Alto,,2,2022
17,1,1,17,2022-03-22,1284.04,Paga,0,Email,2022-03-27,1020.44,Alto,Terceirizado Sul,3,2022
18,1,1,18,2022-04-21,1284.04,Paga,0,Sem Cobrança,2022-04-21,1284.04,Alto,,4,2022
19,1,1,19,2022-05-21,1284.04,Paga,0,Ligação,2022-06-05,1224.04,Alto,Terceirizado Sul,5,2022
20,1,1,20,2022-06-20,1284.04,Paga,0,Sem Cobrança,2022-06-22,1284.04,Alto,,6,2022
21,1,1,21,2022-07-20,1284.04,Paga,0,Cartório,2022-08-22,1150.89,Alto,Terceirizado Norte,7,2022
22,1,1,22,2022-08-19,1284.04,Paga,0,Sem Cobrança,2022-08-20,1284.04,Alto,,8,2022
23,1,1,23,2022-09-18,1284.04,Paga,0,Sem Cobrança,2022-09-19,1284.04,Alto,,9,2022
24,1,1,24,2022-10-18,1284.04,Paga,0,Sem Cobrança,2022-10-19,1284.04,Alto,,10,2022
25,2,2,1,2024-06-26,1993.72,Paga,0,Sem Cobrança,2024-06-26,1993.72,Alto,,6,2024
26,2,2,2,2024-07-26,1993.72,Paga,0,Sem Cobrança,2024-07-26,1993.72,Alto,,7,2024
27,2,2,3,2024-08-25,1993.72,Paga,0,Sem Cobrança,2024-08-25,1993.72,Alto,,8,2024
28,2,2,4,2024-09-24,1993.72,Paga,0,Sem Cobrança,2024-09-26,1993.72,Alto,,9,2024
29,2,2,5,2024-10-24,1993.72,Paga,0,Sem Cobrança,2024-10-26,1993.72,Alto,,10,2024
30,2,2,6,2024-11-23,1993.72,Paga,0,Sem Cobrança,2024-11-23,1993.72,Alto,,11,2024
31,2,2,7,2024-12-23,1993.72,Vencida,59,Cartório,,0.0,Médio,Equipe B,12,2024
32,2,2,8,2025-01-22,1993.72,Paga,0,Sem Cobrança,2025-01-22,1993.72,Alto,,1,2025
33,2,2,9,2025-02-21,1993.72,Paga,0,Sem Cobrança,2025-02-21,1993.72,Alto,,2,2025
34,2,2,10,2025-03-23,1993.72,Paga,0,Sem Cobrança,2025-03-24,1993.72,Alto,,3,2025
35,2,2,11,2025-04-22,1993.72,Paga,0,Sem Cobrança,2025-04-23,1993.72,Alto,,4,2025
36,2,2,12,2025-05-22,1993.72,Paga,0,Sem Cobrança,2025-05-23,1993.72,Alto,,5,2025
37,2,2,13,2025-06-21,1993.72,Paga,0,Sem Cobrança,2025-06-24,1993.72,Alto,,6,2025
38,2,2,14,2025-07-21,1993.72,Paga,0,Sem Cobrança,2025-07-21,1993.72,Alto,,7,2025
39,2,2,15,2025-08-20,1993.72,Paga,0,Sem Cobrança,2025-08-22,1993.72,Alto,,8,2025
40,2,2,16,2025-09-19,1993.72,Paga,0,Sem Cobrança,2025-09-21,1993.72,Alto,,9,2025
41,3,3,1,2020-10-11,1167.57,Vencida,65,Jurídico,,0.0,Médio,Terceirizado Norte,10,2020
42,3,3,2,2020-11-10,1167.57,Paga,0,Sem Cobrança,2020-11-10,1167.57,Alto,,11,2020
43,3,3,3,2020-12-10,1167.57,Renegociada,5,Email,2020-12-15,841.61,Médio,Equipe B,12,2020
44,3,3,4,2021-01-09,1167.57,Paga,0,Sem Cobrança,2021-01-10,1167.57,Alto,,1,2021
45,3,3,5,2021-02-08,1167.57,Paga,0,Sem Cobrança,2021-02-08,1167.57,Alto,,2,2021
46,3,3,6,2021-03-10,1167.57,Renegociada,6,Email,2021-03-16,1042.64,Médio,Terceirizado Norte,3,2021
47,3,3,7,2021-04-09,1167.57,Paga,0,Sem Cobrança,2021-04-09,1167.57,Alto,,4,2021
48,3,3,8,2021-05-09,1167.57,Vencida,66,Jurídico,,0.0,Médio,Terceirizado Norte,5,2021
49,3,3,9,2021-06-08,1167.57,Vencida,17,Ligação,,0.0,Médio,Equipe A,6,2021
50,3,3,10,2021-07-08,1167.57,Paga,0,Sem Cobrança,2021-07-11,1167.57,Alto,,7,2021
51,3,3,11,2021-08-07,1167.57,Vencida,8,Email,,0.0,Médio,Terceirizado Sul,8,2021
52,3,3,12,2021-09-06,1167.57,Vencida,8,Email,,0.0,Médio,Terceirizado Norte,9,2021
53,3,3,13,2021-10-06,1167.57,Paga,0,Sem Cobrança,2021-10-06,1167.57,Alto,,10,2021
54,3,3,14,2021-11-05,1167.57,Paga,0,Sem Cobrança,2021-11-05,1167.57,Alto,,11,2021
55,5,5,1,2020-02-23,1818.92,Paga,0,Sem Cobrança,2020-02-26,1818.92,Alto,,2,2020
56,5,5,2,2020-03-24,1818.92,Vencida,15,Ligação,,0.0,Médio,Equipe C,3,2020
57,5,5,3,2020-04-23,1818.92,Paga,0,Sem Cobrança,2020-04-26,1818.92,Alto,,4,2020
58,5,5,4,2020-05-23,1818.92,Pendente,1,SMS,,0.0,Médio,Equipe C,5,2020
59,5,5,5,2020-06-22,1818.92,Paga,0,Sem Cobrança,2020-06-24,1818.92,Alto,,6,2020
60,5,5,6,2020-07-22,1818.92,Vencida,19,Ligação,,0.0,Médio,Equipe B,7,2020
61,5,5,7,2020-08-21,1818.92,Paga,0,Sem Cobrança,2020-08-21,1818.92,Alto,,8,2020
62,5,5,8,2020-09-20,1818.92,Paga,0,Sem Cobrança,2020-09-21,1818.92,Alto,,9,2020
63,5,5,9,2020-10-20,1818.92,Paga,0,Sem Cobrança,2020-10-23,1818.92,Alto,,10,2020
64,5,5,10,2020-11-19,1818.92,Paga,0,Sem Cobrança,2020-11-21,1818.92,Alto,,11,2020
65,5,5,11,2020-12-19,1818.92,Paga,0,Sem Cobrança,2020-12-22,1818.92,Alto,,12,2020
66,5,5,12,2021-01-18,1818.92,Paga,0,Sem Cobrança,2021-01-19,1818.92,Alto,,1,2021
67,5,5,13,2021-02-17,1818.92,Vencida,91,Jurídico,,0.0,Baixo,Equipe B,2,2021
68,5,5,14,2021-03-19,1818.92,Paga,0,Sem Cobrança,2021-03-19,1818.92,Alto,,3,2021
69,5,5,15,2021-04-18,1818.92,Paga,0,Sem Cobrança,2021-04-20,1818.92,Alto,,4,2021
70,5,5,16,2021-05-18,1818.92,Paga,0,Sem Cobrança,2021-05-21,1818.92,Alto,,5,2021
71,5,5,17,2021-06-17,1818.92,Paga,0,Sem Cobrança,2021-06-17,1818.92,Alto,,6,2021
72,5,5,18,2021-07-17,1818.92,Vencida,72,Jurídico,,0.0,Médio,Equipe A,7,2021
73,7,6,1,2022-04-03,1110.15,Vencida,5,Email,,0.0,Médio,Terceirizado Norte,4,2022
74,7,6,2,2022-05-03,1110.15,Paga,0,Sem Cobrança,2022-05-04,1110.15,Alto,,5,2022
75,7,6,3,2022-06-02,1110.15,Paga,0,Sem Cobrança,2022-06-03,1110.15,Alto,,6,2022
76,7,6,4,2022-07-02,1110.15,Paga,0,Sem Cobrança,2022-07-02,1110.15,Alto,,7,2022
77,7,6,5,2022-08-01,1110.15,Paga,0,Sem Cobrança,2022-08-04,1110.15,Alto,,8,2022
78,7,6,6,2022-08-31,1110.15,Paga,0,Sem Cobrança,2022-09-03,1110.15,Alto,,8,2022
79,7,6,7,2022-09-30,1110.15,Paga,0,Sem Cobrança,2022-09-30,1110.15,Alto,,9,2022
80,7,6,8,2022-10-30,1110.15,Paga,0,Sem Cobrança,2022-10-31,1110.15,Alto,,10,2022
81,7,6,9,2022-11-29,1110.15,Vencida,11,Email,,0.0,Médio,Equipe A,11,2022
82,7,6,10,2022-12-29,1110.15,Paga,0,Sem Cobrança,2022-12-30,1110.15,Alto,,12,2022
83,7,6,11,2023-01-28,1110.15,Paga,0,Sem Cobrança,2023-01-28,1110.15,Alto,,1,2023
84,7,6,12,2023-02-27,1110.15,Paga,0,Sem Cobrança,2023-02-27,1110.15,Alto,,2,2023
85,7,6,13,2023-03-29,1110.15,Vencida,12,Email,,0.0,Médio,Equipe A,3,2023
86,7,6,14,2023-04-28,1110.15,Paga,0,Sem Cobrança,2023-05-01,1110.15,Alto,,4,2023
87,7,6,15,2023-05-28,1110.15,Paga,0,Sem Cobrança,2023-05-31,1110.15,Alto,,5,2023
88,7,6,16,2023-06-27,1110.15,Paga,0,Sem Cobrança,2023-06-28,1110.15,Alto,,6,2023
89,7,6,17,2023-07-27,1110.15,Paga,0,Sem Cobrança,2023-07-28,1110.15,Alto,,7,2023
90,7,6,18,2023-08-26,1110.15,Paga,0,Sem Cobrança,2023-08-27,1110.15,Alto,,8,2023
91,8,7,1,2022-12-05,4833.35,Vencida,32,Cartório,,0.0,Baixo,Equipe B,12,2022
92,8,7,2,2023-01-04,4833.35,Paga,0,Sem Cobrança,2023-01-05,4833.35,Alto,,1,2023
93,8,7,3,2023-02-03,4833.35,Paga,0,Sem Cobrança,2023-02-03,4833.35,Alto,,2,2023
94,8,7,4,2023-03-05,4833.35,Vencida,5,Email,,0.0,Baixo,Terceirizado Norte,3,2023
95,8,7,5,2023-04-04,4833.35,Paga,0,Sem Cobrança,2023-04-04,4833.35,Alto,,4,2023
96,8,7,6,2023-05-04,4833.35,Paga,0,Sem Cobrança,2023-05-04,4833.35,Alto,,5,2023
97,8,7,7,2023-06-03,4833.35,Renegociada,42,Cartório,2023-07-15,4328.39,Baixo,Equipe C,6,2023
98,8,7,8,2023-07-03,4833.35,Paga,0,Sem Cobrança,2023-07-06,4833.35,Alto,,7,2023
99,8,7,9,2023-08-02,4833.35,Paga,0,Sem Cobrança,2023-08-03,4833.35,Alto,,8,2023
100,8,7,10,2023-09-01,4833.35,Vencida,32,Cartório,,0.0,Baixo,Equipe B,9,2023
101,8,7,11,2023-10-01,4833.35,Paga,0,Sem Cobrança,2023-10-01,4833.35,Alto,,10,2023
102,8,7,12,2023-10-31,4833.35,Paga,0,Sem Cobrança,2023-11-03,4833.35,Alto,,10,2023
103,8,7,13,2023-11-30,4833.35,Paga,0,Sem Cobrança,2023-11-30,4833.35,Alto,,11,2023
104,8,7,14,2023-12-30,4833.35,Paga,0,Sem Cobrança,2024-01-01,4833.35,Alto,,12,2023
105,8,7,15,2024-01-29,4833.35,Vencida,134,Jurídico,,0.0,Baixo,Equipe A,1,2024
106,8,7,16,2024-02-28,4833.35,Paga,0,Sem Cobrança,2024-02-28,4833.35,Alto,,2,2024
107,9,8,1,2023-01-12,1630.52,Paga,0,Sem Cobrança,2023-01-13,1630.52,Alto,,1,2023
108,9,8,2,2023-02-11,1630.52,Paga,0,Sem Cobrança,2023-02-12,1630.52,Alto,,2,2023
109,9,8,3,2023-03-13,1630.52,Paga,0,Sem Cobrança,2023-03-14,1630.52,Alto,,3,2023
110,9,8,4,2023-04-12,1630.52,Paga,0,Sem Cobrança,2023-04-13,1630.52,Alto,,4,2023
111,9,8,5,2023-05-12,1630.52,Paga,0,Sem Cobrança,2023-05-15,1630.52,Alto,,5,2023
112,9,8,6,2023-06-11,1630.52,Paga,0,Sem Cobrança,2023-06-12,1630.52,Alto,,6,2023
113,9,8,7,2023-07-11,1630.52,Paga,0,Sem Cobrança,2023-07-11,1630.52,Alto,,7,2023
114,9,8,8,2023-08-10,1630.52,Renegociada,25,Ligação,2023-09-04,1264.33,Médio,Terceirizado Sul,8,2023
115,9,8,9,2023-09-09,1630.52,Paga,0,Sem Cobrança,2023-09-12,1630.52,Alto,,9,2023
116,9,8,10,2023-10-09,1630.52,Vencida,7,Email,,0.0,Médio,Equipe B,10,2023
117,9,8,11,2023-11-08,1630.52,Paga,0,Sem Cobrança,2023-11-08,1630.52,Alto,,11,2023
118,9,8,12,2023-12-08,1630.52,Paga,0,Sem Cobrança,2023-12-08,1630.52,Alto,,12,2023
119,9,8,13,2024-01-07,1630.52,Vencida,36,Cartório,,0.0,Médio,Terceirizado Sul,1,2024
120,9,8,14,2024-02-06,1630.52,Paga,0,Sem Cobrança,2024-02-07,1630.52,Alto,,2,2024
121,9,8,15,2024-03-07,1630.52,Paga,0,Sem Cobrança,2024-03-09,1630.52,Alto,,3,2024
122,9,8,16,2024-04-06,1630.52,Paga,0,Sem Cobrança,2024-04-06,1630.52,Alto,,4,2024
123,9,8,17,2024-05-06,1630.52,Paga,0,Sem Cobrança,2024-05-06,1630.52,Alto,,5,2024
124,10,9,1,2023-12-17,3925.61,Paga,0,Sem Cobrança,2023-12-18,3925.61,Alto,,12,2023
125,10,9,2,2024-01-16,3925.61,Paga,0,Sem Cobrança,2024-01-17,3925.61,Alto,,1,2024
126,10,9,3,2024-02-15,3925.61,Paga,0,Email,2024-02-28,3261.24,Alto,Equipe B,2,2024
127,10,9,4,2024-03-16,3925.61,Paga,0,Sem Cobrança,2024-03-19,3925.61,Alto,,3,2024
128,10,9,5,2024-04-15,3925.61,Paga,0,Sem Cobrança,2024-04-17,3925.61,Alto,,4,2024
129,10,9,6,2024-05-15,3925.61,Paga,0,Sem Cobrança,2024-05-16,3925.61,Alto,,5,2024
130,10,9,7,2024-06-14,3925.61,Paga,0,Sem Cobrança,2024-06-16,3925.61,Alto,,6,2024
131,10,9,8,2024-07-14,3925.61,Paga,0,Sem Cobrança,2024-07-15,3925.61,Alto,,7,2024
132,10,9,9,2024-08-13,3925.61,Paga,0,Email,2024-08-27,2878.78,Alto,Terceirizado Norte,8,2024
133,10,9,10,2024-09-12,3925.61,Paga,0,Sem Cobrança,2024-09-13,3925.61,Alto,,9,2024
134,10,9,11,2024-10-12,3925.61,Paga,0,Sem Cobrança,2024-10-13,3925.61,Alto,,10,2024
135,10,9,12,2024-11-11,3925.61,Paga,0,Sem Cobrança,2024-11-12,3925.61,Alto,,11,2024
136,10,9,13,2024-12-11,3925.61,Paga,0,Sem Cobrança,2024-12-12,3925.61,Alto,,12,2024
137,11,9,1,2024-05-19,2010.17,Paga,0,Sem Cobrança,2024-05-20,2010.17,Alto,,5,2024
138,11,9,2,2024-06-18,2010.17,Paga,0,Sem Cobrança,2024-06-21,2010.17,Alto,,6,2024
139,11,9,3,2024-07-18,2010.17,Paga,0,Sem Cobrança,2024-07-19,2010.17,Alto,,7,2024
140,11,9,4,2024-08-17,2010.17,Paga,0,Sem Cobrança,2024-08-20,2010.17,Alto,,8,2024
141,11,9,5,2024-09-16,2010.17,Paga,0,Sem Cobrança,2024-09-19,2010.17,Alto,,9,2024
142,11,9,6,2024-10-16,2010.17,Paga,0,Sem Cobrança,2024-10-17,2010.17,Alto,,10,2024
143,11,9,7,2024-11-15,2010.17,Paga,0,Sem Cobrança,2024-11-18,2010.17,Alto,,11,2024
144,11,9,8,2024-12-15,2010.17,Paga,0,Sem Cobrança,2024-12-16,2010.17,Alto,,12,2024
145,11,9,9,2025-01-14,2010.17,Paga,0,Sem Cobrança,2025-01-14,2010.17,Alto,,1,2025
146,11,9,10,2025-02-13,2010.17,Paga,0,Sem Cobrança,2025-02-13,2010.17,Alto,,2,2025
147,11,9,11,2025-03-15,2010.17,Vencida,18,Ligação,,0.0,Alto,Equipe A,3,2025
148,11,9,12,2025-04-14,2010.17,Paga,0,Sem Cobrança,2025-04-17,2010.17,Alto,,4,2025
149,11,9,13,2025-05-14,2010.17,Paga,0,Sem Cobrança,2025-05-14,2010.17,Alto,,5,2025
150,11,9,14,2025-06-13,2010.17,Paga,0,Sem Cobrança,2025-06-14,2010.17,Alto,,6,2025
151,11,9,15,2025-07-13,2010.17,Paga,0,Sem Cobrança,2025-07-13,2010.17,Alto,,7,2025
152,11,9,16,2025-08-12,2010.17,Paga,0,Sem Cobrança,2025-08-15,2010.17,Alto,,8,2025
153,11,9,17,2025-09-11,2010.17,Paga,0,Sem Cobrança,2025-09-12,2010.17,Alto,,9,2025
154,11,9,18,2025-10-11,2010.17,Paga,0,Sem Cobrança,2025-10-12,2010.17,Alto,,10,2025
155,11,9,19,2025-11-10,2010.17,Paga,0,Sem Cobrança,2025-11-10,2010.17,Alto,,11,2025
156,11,9,20,2025-12-10,2010.17,Paga,0,Email,2025-12-20,1684.09,Alto,Terceirizado Sul,12,2025
157,11,9,21,2026-01-09,2010.17,Paga,0,Sem Cobrança,2026-01-09,2010.17,Alto,,1,2026
158,11,9,22,2026-02-08,2010.17,Paga,0,Sem Cobrança,2026-02-11,2010.17,Alto,,2,2026
159,11,9,23,2026-03-10,2010.17,Paga,0,Sem Cobrança,2026-03-13,2010.17,Alto,,3,2026
160,11,9,24,2026-04-09,2010.17,Paga,0,Sem Cobrança,2026-04-11,2010.17,Alto,,4,2026
161,12,9,1,2024-08-15,8640.47,Paga,0,Sem Cobrança,2024-08-15,8640.47,Alto,,8,2024
162,12,9,2,2024-09-14,8640.47,Paga,0,Sem Cobrança,2024-09-14,8640.47,Alto,,9,2024
163,12,9,3,2024-10-14,8640.47,Paga,0,Sem Cobrança,2024-10-16,8640.47,Alto,,10,2024
164,12,9,4,2024-11-13,8640.47,Paga,0,Sem Cobrança,2024-11-15,8640.47,Alto,,11,2024
165,12,9,5,2024-12-13,8640.47,Paga,0,Sem Cobrança,2024-12-15,8640.47,Alto,,12,2024
166,12,9,6,2025-01-12,8640.47,Paga,0,Sem Cobrança,2025-01-13,8640.47,Alto,,1,2025
167,12,9,7,2025-02-11,8640.47,Paga,0,Sem Cobrança,2025-02-11,8640.47,Alto,,2,2025
168,12,9,8,2025-03-13,8640.47,Paga,0,Sem Cobrança,2025-03-15,8640.47,Alto,,3,2025
169,12,9,9,2025-04-12,8640.47,Paga,0,Sem Cobrança,2025-04-12,8640.47,Alto,,4,2025
170,12,9,10,2025-05-12,8640.47,Paga,0,Sem Cobrança,2025-05-14,8640.47,Alto,,5,2025
171,12,9,11,2025-06-11,8640.47,Paga,0,Sem Cobrança,2025-06-11,8640.47,Alto,,6,2025
172,12,9,12,2025-07-11,8640.47,Paga,0,Sem Cobrança,2025-07-14,8640.47,Alto,,7,2025
173,12,9,13,2025-08-10,8640.47,Paga,0,Sem Cobrança,2025-08-12,8640.47,Alto,,8,2025
174,12,9,14,2025-09-09,8640.47,Paga,0,Sem Cobrança,2025-09-09,8640.47,Alto,,9,2025
175,12,9,15,2025-10-09,8640.47,Paga,0,Sem Cobrança,2025-10-10,8640.47,Alto,,10,2025
176,12,9,16,2025-11-08,8640.47,Paga,0,Sem Cobrança,2025-11-10,8640.47,Alto,,11,2025
177,12,9,17,2025-12-08,8640.47,Paga,0,Sem Cobrança,2025-12-08,8640.47,Alto,,12,2025
178,12,9,18,2026-01-07,8640.47,Paga,0,Sem Cobrança,2026-01-08,8640.47,Alto,,1,2026
179,12,9,19,2026-02-06,8640.47,Paga,0,Sem Cobrança,2026-02-07,8640.47,Alto,,2,2026
180,12,9,20,2026-03-08,8640.47,Paga,0,Sem Cobrança,2026-03-10,8640.47,Alto,,3,2026
181,13,10,1,2024-06-21,2974.47,Paga,0,Sem Cobrança,2024-06-23,2974.47,Alto,,6,2024
182,13,10,2,2024-07-21,2974.47,Vencida,24,Ligação,,0.0,Médio,Terceirizado Sul,7,2024
183,13,10,3,2024-08-20,2974.47,Paga,0,Sem Cobrança,2024-08-20,2974.47,Alto,,8,2024
184,13,10,4,2024-09-19,2974.47,Paga,0,Sem Cobrança,2024-09-21,2974.47,Alto,,9,2024
185,13,10,5,2024-10-19,2974.47,Paga,0,Sem Cobrança,2024-10-21,2974.47,Alto,,10,2024
186,13,10,6,2024-11-18,2974.47,Paga,0,Sem Cobrança,2024-11-18,2974.47,Alto,,11,2024
187,13,10,7,2024-12-18,2974.47,Renegociada,3,SMS,2024-12-21,2430.75,Médio,Equipe B,12,2024
188,13,10,8,2025-01-17,2974.47,Renegociada,1,SMS,2025-01-18,2328.36,Médio,Equipe B,1,2025
189,13,10,9,2025-02-16,2974.47,Paga,0,Sem Cobrança,2025-02-17,2974.47,Alto,,2,2025
190,13,10,10,2025-03-18,2974.47,Paga,0,Sem Cobrança,2025-03-18,2974.47,Alto,,3,2025
191,13,10,11,2025-04-17,2974.47,Pendente,1,SMS,,0.0,Médio,Equipe B,4,2025
192,13,10,12,2025-05-17,2974.47,Paga,0,Sem Cobrança,2025-05-20,2974.47,Alto,,5,2025
193,13,10,13,2025-06-16,2974.47,Paga,0,Sem Cobrança,2025-06-16,2974.47,Alto,,6,2025
194,13,10,14,2025-07-16,2974.47,Vencida,69,Jurídico,,0.0,Médio,Equipe B,7,2025
195,13,10,15,2025-08-15,2974.47,Paga,0,Sem Cobrança,2025-08-17,2974.47,Alto,,8,2025
196,13,10,16,2025-09-14,2974.47,Paga,0,Sem Cobrança,2025-09-16,2974.47,Alto,,9,2025
197,13,10,17,2025-10-14,2974.47,Paga,0,Sem Cobrança,2025-10-16,2974.47,Alto,,10,2025
198,13,10,18,2025-11-13,2974.47,Paga,0,Sem Cobrança,2025-11-16,2974.47,Alto,,11,2025
199,13,10,19,2025-12-13,2974.47,Paga,0,Sem Cobrança,2025-12-14,2974.47,Alto,,12,2025
200,13,10,20,2026-01-12,2974.47,Paga,0,Sem Cobrança,2026-01-14,2974.47,Alto,,1,2026
201,13,10,21,2026-02-11,2974.47,Vencida,33,Cartório,,0.0,Médio,Equipe C,2,2026
202,13,10,22,2026-03-13,2974.47,Paga,0,Sem Cobrança,2026-03-13,2974.47,Alto,,3,2026
203,14,11,1,2025-07-27,3398.85,Paga,0,Sem Cobrança,2025-07-30,3398.85,Alto,,7,2025
204,14,11,2,2025-08-26,3398.85,Paga,0,Sem Cobrança,2025-08-27,3398.85,Alto,,8,2025
205,14,11,3,2025-09-25,3398.85,Paga,0,Sem Cobrança,2025-09-27,3398.85,Alto,,9,2025
206,14,11,4,2025-10-25,3398.85,Paga,0,Sem Cobrança,2025-10-26,3398.85,Alto,,10,2025
207,14,11,5,2025-11-24,3398.85,Paga,0,Sem Cobrança,2025-11-25,3398.85,Alto,,11,2025
208,14,11,6,2025-12-24,3398.85,Paga,0,Sem Cobrança,2025-12-24,3398.85,Alto,,12,2025
209,14,11,7,2026-01-23,3398.85,Renegociada,28,Ligação,2026-02-20,2644.72,Médio,Equipe B,1,2026
210,14,11,8,2026-02-22,3398.85,Paga,0,Sem Cobrança,2026-02-22,3398.85,Alto,,2,2026
211,14,11,9,2026-03-24,3398.85,Paga,0,Sem Cobrança,2026-03-26,3398.85,Alto,,3,2026
212,14,11,10,2026-04-23,3398.85,Vencida,20,Ligação,,0.0,Médio,Terceirizado Sul,4,2026
213,15,12,1,2022-12-04,6722.87,Paga,0,Sem Cobrança,2022-12-04,6722.87,Alto,,12,2022
214,15,12,2,2023-01-03,6722.87,Paga,0,Sem Cobrança,2023-01-06,6722.87,Alto,,1,2023
215,15,12,3,2023-02-02,6722.87,Paga,0,Sem Cobrança,2023-02-05,6722.87,Alto,,2,2023
216,15,12,4,2023-03-04,6722.87,Paga,0,Sem Cobrança,2023-03-05,6722.87,Alto,,3,2023
217,15,12,5,2023-04-03,6722.87,Vencida,7,Email,,0.0,Médio,Equipe C,4,2023
218,15,12,6,2023-05-03,6722.87,Paga,0,Sem Cobrança,2023-05-05,6722.87,Alto,,5,2023
219,15,12,7,2023-06-02,6722.87,Paga,0,Sem Cobrança,2023-06-04,6722.87,Alto,,6,2023
220,15,12,8,2023-07-02,6722.87,Paga,0,Sem Cobrança,2023-07-03,6722.87,Alto,,7,2023
221,15,12,9,2023-08-01,6722.87,Paga,0,Sem Cobrança,2023-08-04,6722.87,Alto,,8,2023
222,15,12,10,2023-08-31,6722.87,Paga,0,Sem Cobrança,2023-08-31,6722.87,Alto,,8,2023
223,15,12,11,2023-09-30,6722.87,Paga,0,Sem Cobrança,2023-09-30,6722.87,Alto,,9,2023
224,15,12,12,2023-10-30,6722.87,Paga,0,Sem Cobrança,2023-10-30,6722.87,Alto,,10,2023
225,15,12,13,2023-11-29,6722.87,Paga,0,Sem Cobrança,2023-12-02,6722.87,Alto,,11,2023
226,15,12,14,2023-12-29,6722.87,Paga,0,Sem Cobrança,2023-12-30,6722.87,Alto,,12,2023
227,15,12,15,2024-01-28,6722.87,Paga,0,Sem Cobrança,2024-01-28,6722.87,Alto,,1,2024
228,16,13,1,2025-03-24,3295.66,Vencida,11,Email,,0.0,Médio,Equipe B,3,2025
229,16,13,2,2025-04-23,3295.66,Paga,0,Sem Cobrança,2025-04-25,3295.66,Alto,,4,2025
230,16,13,3,2025-05-23,3295.66,Paga,0,Sem Cobrança,2025-05-23,3295.66,Alto,,5,2025
231,16,13,4,2025-06-22,3295.66,Paga,0,Sem Cobrança,2025-06-25,3295.66,Alto,,6,2025
232,16,13,5,2025-07-22,3295.66,Paga,0,Sem Cobrança,2025-07-22,3295.66,Alto,,7,2025
233,16,13,6,2025-08-21,3295.66,Paga,0,Sem Cobrança,2025-08-24,3295.66,Alto,,8,2025
234,16,13,7,2025-09-20,3295.66,Paga,0,Sem Cobrança,2025-09-22,3295.66,Alto,,9,2025
235,16,13,8,2025-10-20,3295.66,Paga,0,Sem Cobrança,2025-10-20,3295.66,Alto,,10,2025
236,16,13,9,2025-11-19,3295.66,Paga,0,Sem Cobrança,2025-11-21,3295.66,Alto,,11,2025
237,16,13,10,2025-12-19,3295.66,Paga,0,Sem Cobrança,2025-12-22,3295.66,Alto,,12,2025
238,16,13,11,2026-01-18,3295.66,Paga,0,Sem Cobrança,2026-01-20,3295.66,Alto,,1,2026
239,16,13,12,2026-02-17,3295.66,Vencida,26,Ligação,,0.0,Médio,Terceirizado Norte,2,2026
240,16,13,13,2026-03-19,3295.66,Paga,0,Sem Cobrança,2026-03-19,3295.66,Alto,,3,2026
241,16,13,14,2026-04-18,3295.66,Paga,0,Sem Cobrança,2026-04-21,3295.66,Alto,,4,2026
242,16,13,15,2026-05-18,3295.66,Paga,0,Sem Cobrança,2026-05-21,3295.66,Alto,,5,2026
243,16,13,16,2026-06-17,3295.66,Paga,0,Sem Cobrança,2026-06-19,3295.66,Alto,,6,2026
244,17,14,1,2020-08-15,5729.43,Paga,0,Sem Cobrança,2020-08-18,5729.43,Alto,,8,2020
245,17,14,2,2020-09-14,5729.43,Paga,0,Sem Cobrança,2020-09-17,5729.43,Alto,,9,2020
246,17,14,3,2020-10-14,5729.43,Renegociada,13,Email,2020-10-27,4367.75,Médio,Terceirizado Norte,10,2020
247,17,14,4,2020-11-13,5729.43,Paga,0,Sem Cobrança,2020-11-15,5729.43,Alto,,11,2020
248,17,14,5,2020-12-13,5729.43,Pendente,1,SMS,,0.0,Médio,Equipe A,12,2020
249,17,14,6,2021-01-12,5729.43,Renegociada,11,Email,2021-01-23,4311.21,Médio,Terceirizado Norte,1,2021
250,17,14,7,2021-02-11,5729.43,Paga,0,Sem Cobrança,2021-02-12,5729.43,Alto,,2,2021
251,17,14,8,2021-03-13,5729.43,Renegociada,4,SMS,2021-03-17,4853.83,Médio,Equipe C,3,2021
252,17,14,9,2021-04-12,5729.43,Paga,0,Sem Cobrança,2021-04-14,5729.43,Alto,,4,2021
253,17,14,10,2021-05-12,5729.43,Paga,0,Sem Cobrança,2021-05-15,5729.43,Alto,,5,2021
254,17,14,11,2021-06-11,5729.43,Paga,0,Sem Cobrança,2021-06-11,5729.43,Alto,,6,2021
255,18,15,1,2021-04-06,11764.51,Pendente,1,SMS,,0.0,Médio,Terceirizado Norte,4,2021
256,18,15,2,2021-05-06,11764.51,Renegociada,10,Email,2021-05-16,8868.23,Médio,Equipe B,5,2021
257,18,15,3,2021-06-05,11764.51,Vencida,6,Email,,0.0,Médio,Equipe A,6,2021
258,18,15,4,2021-07-05,11764.51,Paga,0,Sem Cobrança,2021-07-07,11764.51,Alto,,7,2021
259,18,15,5,2021-08-04,11764.51,Paga,0,Sem Cobrança,2021-08-07,11764.51,Alto,,8,2021
260,18,15,6,2021-09-03,11764.51,Paga,0,Sem Cobrança,2021-09-06,11764.51,Alto,,9,2021
261,18,15,7,2021-10-03,11764.51,Paga,0,Sem Cobrança,2021-10-03,11764.51,Alto,,10,2021
262,18,15,8,2021-11-02,11764.51,Paga,0,Sem Cobrança,2021-11-02,11764.51,Alto,,11,2021
263,18,15,9,2021-12-02,11764.51,Paga,0,Sem Cobrança,2021-12-03,11764.51,Alto,,12,2021
264,18,15,10,2022-01-01,11764.51,Paga,0,Sem Cobrança,2022-01-02,11764.51,Alto,,1,2022
265,19,15,1,2021-08-13,1299.26,Paga,0,Sem Cobrança,2021-08-14,1299.26,Alto,,8,2021
266,19,15,2,2021-09-12,1299.26,Paga,0,Sem Cobrança,2021-09-12,1299.26,Alto,,9,2021
267,19,15,3,2021-10-12,1299.26,Vencida,21,Ligação,,0.0,Médio,Equipe C,10,2021
268,19,15,4,2021-11-11,1299.26,Vencida,30,Cartório,,0.0,Médio,Equipe A,11,2021
269,19,15,5,2021-12-11,1299.26,Paga,0,Sem Cobrança,2021-12-12,1299.26,Alto,,12,2021
270,19,15,6,2022-01-10,1299.26,Paga,0,Sem Cobrança,2022-01-11,1299.26,Alto,,1,2022
271,19,15,7,2022-02-09,1299.26,Paga,0,Sem Cobrança,2022-02-11,1299.26,Alto,,2,2022
272,19,15,8,2022-03-11,1299.26,Paga,0,Sem Cobrança,2022-03-13,1299.26,Alto,,3,2022
273,19,15,9,2022-04-10,1299.26,Vencida,8,Email,,0.0,Médio,Terceirizado Sul,4,2022
274,19,15,10,2022-05-10,1299.26,Paga,0,Sem Cobrança,2022-05-11,1299.26,Alto,,5,2022
275,19,15,11,2022-06-09,1299.26,Vencida,16,Ligação,,0.0,Médio,Terceirizado Norte,6,2022
276,19,15,12,2022-07-09,1299.26,Paga,0,Sem Cobrança,2022-07-10,1299.26,Alto,,7,2022
277,19,15,13,2022-08-08,1299.26,Renegociada,46,Cartório,2022-09-23,982.92,Médio,Terceirizado Sul,8,2022
278,19,15,14,2022-09-07,1299.26,Paga,0,Sem Cobrança,2022-09-07,1299.26,Alto,,9,2022
279,19,15,15,2022-10-07,1299.26,Paga,0,Sem Cobrança,2022-10-07,1299.26,Alto,,10,2022
280,19,15,16,2022-11-06,1299.26,Renegociada,50,Cartório,2022-12-26,1045.21,Médio,Equipe C,11,2022
281,20,16,1,2024-08-16,2144.23,Paga,0,Sem Cobrança,2024-08-18,2144.23,Alto,,8,2024
282,20,16,2,2024-09-15,2144.23,Vencida,29,Ligação,,0.0,Médio,Equipe A,9,2024
283,20,16,3,2024-10-15,2144.23,Paga,0,Sem Cobrança,2024-10-16,2144.23,Alto,,10,2024
284,20,16,4,2024-11-14,2144.23,Paga,0,Sem Cobrança,2024-11-16,2144.23,Alto,,11,2024
285,20,16,5,2024-12-14,2144.23,Renegociada,50,Cartório,2025-02-02,1945.34,Médio,Equipe A,12,2024
286,20,16,6,2025-01-13,2144.23,Vencida,6,Email,,0.0,Médio,Equipe A,1,2025
287,20,16,7,2025-02-12,2144.23,Vencida,85,Jurídico,,0.0,Médio,Terceirizado Sul,2,2025
288,20,16,8,2025-03-14,2144.23,Renegociada,53,Cartório,2025-05-06,1543.58,Médio,Equipe A,3,2025
289,20,16,9,2025-04-13,2144.23,Paga,0,Sem Cobrança,2025-04-13,2144.23,Alto,,4,2025
290,20,16,10,2025-05-13,2144.23,Paga,0,Sem Cobrança,2025-05-14,2144.23,Alto,,5,2025
291,21,17,1,2020-03-10,1947.72,Paga,0,Sem Cobrança,2020-03-11,1947.72,Alto,,3,2020
292,21,17,2,2020-04-09,1947.72,Paga,0,Sem Cobrança,2020-04-09,1947.72,Alto,,4,2020
293,21,17,3,2020-05-09,1947.72,Pendente,4,SMS,,0.0,Médio,Terceirizado Sul,5,2020
294,21,17,4,2020-06-08,1947.72,Paga,0,Sem Cobrança,2020-06-09,1947.72,Alto,,6,2020
295,21,17,5,2020-07-08,1947.72,Paga,0,Sem Cobrança,2020-07-09,1947.72,Alto,,7,2020
296,21,17,6,2020-08-07,1947.72,Paga,0,Sem Cobrança,2020-08-07,1947.72,Alto,,8,2020
297,21,17,7,2020-09-06,1947.72,Renegociada,13,Email,2020-09-19,1490.2,Médio,Equipe B,9,2020
298,21,17,8,2020-10-06,1947.72,Paga,0,Sem Cobrança,2020-10-07,1947.72,Alto,,10,2020
299,21,17,9,2020-11-05,1947.72,Paga,0,Sem Cobrança,2020-11-05,1947.72,Alto,,11,2020
300,21,17,10,2020-12-05,1947.72,Paga,0,Sem Cobrança,2020-12-05,1947.72,Alto,,12,2020
301,21,17,11,2021-01-04,1947.72,Paga,0,Sem Cobrança,2021-01-07,1947.72,Alto,,1,2021
302,21,17,12,2021-02-03,1947.72,Paga,0,Sem Cobrança,2021-02-04,1947.72,Alto,,2,2021
303,21,17,13,2021-03-05,1947.72,Paga,0,Sem Cobrança,2021-03-05,1947.72,Alto,,3,2021
304,21,17,14,2021-04-04,1947.72,Vencida,25,Ligação,,0.0,Médio,Equipe B,4,2021
305,21,17,15,2021-05-04,1947.72,Paga,0,Sem Cobrança,2021-05-07,1947.72,Alto,,5,2021
306,21,17,16,2021-06-03,1947.72,Renegociada,1,SMS,2021-06-04,1427.86,Médio,Equipe B,6,2021
307,21,17,17,2021-07-03,1947.72,Paga,0,Sem Cobrança,2021-07-05,1947.72,Alto,,7,2021
308,21,17,18,2021-08-02,1947.72,Paga,0,Sem Cobrança,2021-08-02,1947.72,Alto,,8,2021
309,21,17,19,2021-09-01,1947.72,Vencida,17,Ligação,,0.0,Médio,Terceirizado Norte,9,2021
310,21,17,20,2021-10-01,1947.72,Paga,0,Sem Cobrança,2021-10-03,1947.72,Alto,,10,2021
311,21,17,21,2021-10-31,1947.72,Paga,0,Sem Cobrança,2021-11-03,1947.72,Alto,,10,2021
312,21,17,22,2021-11-30,1947.72,Paga,0,Sem Cobrança,2021-12-03,1947.72,Alto,,11,2021
313,21,17,23,2021-12-30,1947.72,Paga,0,Sem Cobrança,2022-01-02,1947.72,Alto,,12,2021
314,21,17,24,2022-01-29,1947.72,Vencida,66,Jurídico,,0.0,Médio,Terceirizado Norte,1,2022
315,22,17,1,2020-01-24,11515.35,Pendente,1,SMS,,0.0,Médio,Equipe A,1,2020
316,22,17,2,2020-02-23,11515.35,Paga,0,Sem Cobrança,2020-02-23,11515.35,Alto,,2,2020
317,22,17,3,2020-03-24,11515.35,Vencida,23,Ligação,,0.0,Médio,Equipe A,3,2020
318,22,17,4,2020-04-23,11515.35,Paga,0,Sem Cobrança,2020-04-24,11515.35,Alto,,4,2020
319,22,17,5,2020-05-23,11515.35,Pendente,1,SMS,,0.0,Médio,Terceirizado Sul,5,2020
320,22,17,6,2020-06-22,11515.35,Paga,0,Sem Cobrança,2020-06-25,11515.35,Alto,,6,2020
321,22,17,7,2020-07-22,11515.35,Pendente,4,SMS,,0.0,Médio,Equipe C,7,2020
322,22,17,8,2020-08-21,11515.35,Paga,0,Sem Cobrança,2020-08-23,11515.35,Alto,,8,2020
323,22,17,9,2020-09-20,11515.35,Paga,0,Sem Cobrança,2020-09-23,11515.35,Alto,,9,2020
324,22,17,10,2020-10-20,11515.35,Paga,0,Sem Cobrança,2020-10-23,11515.35,Alto,,10,2020
325,22,17,11,2020-11-19,11515.35,Paga,0,Sem Cobrança,2020-11-21,11515.35,Alto,,11,2020
326,22,17,12,2020-12-19,11515.35,Renegociada,19,Ligação,2021-01-07,9751.23,Médio,Equipe B,12,2020
327,22,17,13,2021-01-18,11515.35,Paga,0,Sem Cobrança,2021-01-19,11515.35,Alto,,1,2021
328,22,17,14,2021-02-17,11515.35,Vencida,7,Email,,0.0,Médio,Terceirizado Norte,2,2021
329,22,17,15,2021-03-19,11515.35,Paga,0,Sem Cobrança,2021-03-20,11515.35,Alto,,3,2021
330,22,17,16,2021-04-18,11515.35,Paga,0,Sem Cobrança,2021-04-20,11515.35,Alto,,4,2021
331,22,17,17,2021-05-18,11515.35,Renegociada,11,Email,2021-05-29,8325.08,Médio,Terceirizado Sul,5,2021
332,23,17,1,2020-03-28,1768.02,Paga,0,Sem Cobrança,2020-03-29,1768.02,Alto,,3,2020
333,23,17,2,2020-04-27,1768.02,Paga,0,Sem Cobrança,2020-04-30,1768.02,Alto,,4,2020
334,23,17,3,2020-05-27,1768.02,Paga,0,Sem Cobrança,2020-05-29,1768.02,Alto,,5,2020
335,23,17,4,2020-06-26,1768.02,Paga,0,Sem Cobrança,2020-06-26,1768.02,Alto,,6,2020
336,23,17,5,2020-07-26,1768.02,Paga,0,Sem Cobrança,2020-07-26,1768.02,Alto,,7,2020
337,23,17,6,2020-08-25,1768.02,Paga,0,Sem Cobrança,2020-08-25,1768.02,Alto,,8,2020
338,23,17,7,2020-09-24,1768.02,Paga,0,Sem Cobrança,2020-09-26,1768.02,Alto,,9,2020
339,23,17,8,2020-10-24,1768.02,Paga,0,Sem Cobrança,2020-10-27,1768.02,Alto,,10,2020
340,23,17,9,2020-11-23,1768.02,Paga,0,Sem Cobrança,2020-11-23,1768.02,Alto,,11,2020
341,23,17,10,2020-12-23,1768.02,Vencida,10,Email,,0.0,Médio,Equipe B,12,2020
342,23,17,11,2021-01-22,1768.02,Paga,0,Sem Cobrança,2021-01-23,1768.02,Alto,,1,2021
343,23,17,12,2021-02-21,1768.02,Paga,0,Sem Cobrança,2021-02-24,1768.02,Alto,,2,2021
344,23,17,13,2021-03-23,1768.02,Paga,0,Sem Cobrança,2021-03-23,1768.02,Alto,,3,2021
345,23,17,14,2021-04-22,1768.02,Paga,0,Sem Cobrança,2021-04-25,1768.02,Alto,,4,2021
346,23,17,15,2021-05-22,1768.02,Paga,0,Sem Cobrança,2021-05-25,1768.02,Alto,,5,2021
347,23,17,16,2021-06-21,1768.02,Paga,0,Sem Cobrança,2021-06-22,1768.02,Alto,,6,2021
348,23,17,17,2021-07-21,1768.02,Paga,0,Sem Cobrança,2021-07-24,1768.02,Alto,,7,2021
349,23,17,18,2021-08-20,1768.02,Paga,0,Sem Cobrança,2021-08-23,1768.02,Alto,,8,2021
350,23,17,19,2021-09-19,1768.02,Paga,0,Sem Cobrança,2021-09-21,1768.02,Alto,,9,2021
351,23,17,20,2021-10-19,1768.02,Paga,0,Sem Cobrança,2021-10-21,1768.02,Alto,,10,2021
352,23,17,21,2021-11-18,1768.02,Paga,0,Sem Cobrança,2021-11-18,1768.02,Alto,,11,2021
353,24,18,1,2022-03-18,5773.88,Pendente,4,SMS,,0.0,Médio,Terceirizado Sul,3,2022
354,24,18,2,2022-04-17,5773.88,Pendente,2,SMS,,0.0,Médio,Equipe A,4,2022
355,24,18,3,2022-05-17,5773.88,Pendente,1,SMS,,0.0,Médio,Equipe A,5,2022
356,24,18,4,2022-06-16,5773.88,Paga,0,Sem Cobrança,2022-06-17,5773.88,Alto,,6,2022
357,24,18,5,2022-07-16,5773.88,Renegociada,29,Ligação,2022-08-14,5233.43,Médio,Equipe C,7,2022
358,24,18,6,2022-08-15,5773.88,Vencida,44,Cartório,,0.0,Médio,Equipe A,8,2022
359,24,18,7,2022-09-14,5773.88,Pendente,3,SMS,,0.0,Médio,Terceirizado Norte,9,2022
360,24,18,8,2022-10-14,5773.88,Vencida,9,Email,,0.0,Médio,Equipe C,10,2022
361,24,18,9,2022-11-13,5773.88,Vencida,23,Ligação,,0.0,Médio,Terceirizado Norte,11,2022
362,24,18,10,2022-12-13,5773.88,Vencida,9,Email,,0.0,Médio,Terceirizado Sul,12,2022
363,24,18,11,2023-01-12,5773.88,Paga,0,Sem Cobrança,2023-01-14,5773.88,Alto,,1,2023
364,24,18,12,2023-02-11,5773.88,Vencida,30,Cartório,,0.0,Médio,Equipe B,2,2023
365,24,18,13,2023-03-13,5773.88,Pendente,4,SMS,,0.0,Médio,Terceirizado Sul,3,2023
366,24,18,14,2023-04-12,5773.88,Renegociada,33,Cartório,2023-05-15,5035.15,Médio,Equipe B,4,2023
367,24,18,15,2023-05-12,5773.88,Paga,0,Sem Cobrança,2023-05-12,5773.88,Alto,,5,2023
368,24,18,16,2023-06-11,5773.88,Paga,0,Sem Cobrança,2023-06-11,5773.88,Alto,,6,2023
369,24,18,17,2023-07-11,5773.88,Paga,0,Sem Cobrança,2023-07-13,5773.88,Alto,,7,2023
370,24,18,18,2023-08-10,5773.88,Vencida,5,Email,,0.0,Médio,Equipe B,8,2023
371,24,18,19,2023-09-09,5773.88,Vencida,64,Jurídico,,0.0,Médio,Terceirizado Sul,9,2023
372,24,18,20,2023-10-09,5773.88,Paga,0,Sem Cobrança,2023-10-12,5773.88,Alto,,10,2023
373,24,18,21,2023-11-08,5773.88,Paga,0,Sem Cobrança,2023-11-10,5773.88,Alto,,11,2023
374,24,18,22,2023-12-08,5773.88,Vencida,22,Ligação,,0.0,Médio,Terceirizado Norte,12,2023
375,24,18,23,2024-01-07,5773.88,Paga,0,Sem Cobrança,2024-01-08,5773.88,Alto,,1,2024
376,24,18,24,2024-02-06,5773.88,Paga,0,Sem Cobrança,2024-02-07,5773.88,Alto,,2,2024
377,25,19,1,2023-10-08,1529.57,Paga,0,Sem Cobrança,2023-10-11,1529.57,Alto,,10,2023
378,25,19,2,2023-11-07,1529.57,Paga,0,Sem Cobrança,2023-11-10,1529.57,Alto,,11,2023
379,25,19,3,2023-12-07,1529.57,Paga,0,Sem Cobrança,2023-12-07,1529.57,Alto,,12,2023
380,25,19,4,2024-01-06,1529.57,Paga,0,Sem Cobrança,2024-01-08,1529.57,Alto,,1,2024
381,25,19,5,2024-02-05,1529.57,Paga,0,Sem Cobrança,2024-02-06,1529.57,Alto,,2,2024
382,25,19,6,2024-03-06,1529.57,Vencida,9,Email,,0.0,Médio,Terceirizado Norte,3,2024
383,25,19,7,2024-04-05,1529.57,Paga,0,Sem Cobrança,2024-04-05,1529.57,Alto,,4,2024
384,25,19,8,2024-05-05,1529.57,Paga,0,Sem Cobrança,2024-05-08,1529.57,Alto,,5,2024
385,25,19,9,2024-06-04,1529.57,Paga,0,Sem Cobrança,2024-06-06,1529.57,Alto,,6,2024
386,25,19,10,2024-07-04,1529.57,Paga,0,Sem Cobrança,2024-07-06,1529.57,Alto,,7,2024
387,25,19,11,2024-08-03,1529.57,Paga,0,Sem Cobrança,2024-08-04,1529.57,Alto,,8,2024
388,25,19,12,2024-09-02,1529.57,Paga,0,Sem Cobrança,2024-09-02,1529.57,Alto,,9,2024
389,25,19,13,2024-10-02,1529.57,Vencida,89,Jurídico,,0.0,Médio,Equipe C,10,2024
390,25,19,14,2024-11-01,1529.57,Paga,0,Sem Cobrança,2024-11-04,1529.57,Alto,,11,2024
391,25,19,15,2024-12-01,1529.57,Paga,0,Sem Cobrança,2024-12-01,1529.57,Alto,,12,2024
392,25,19,16,2024-12-31,1529.57,Paga,0,Sem Cobrança,2025-01-02,1529.57,Alto,,12,2024
393,25,19,17,2025-01-30,1529.57,Vencida,33,Cartório,,0.0,Médio,Terceirizado Sul,1,2025
394,25,19,18,2025-03-01,1529.57,Pendente,3,SMS,,0.0,Médio,Terceirizado Norte,3,2025
395,25,19,19,2025-03-31,1529.57,Paga,0,Sem Cobrança,2025-03-31,1529.57,Alto,,3,2025
396,25,19,20,2025-04-30,1529.57,Paga,0,Sem Cobrança,2025-04-30,1529.57,Alto,,4,2025
397,25,19,21,2025-05-30,1529.57,Paga,0,Sem Cobrança,2025-06-01,1529.57,Alto,,5,2025
398,25,19,22,2025-06-29,1529.57,Paga,0,Sem Cobrança,2025-07-02,1529.57,Alto,,6,2025
399,25,19,23,2025-07-29,1529.57,Paga,0,Sem Cobrança,2025-07-29,1529.57,Alto,,7,2025
400,25,19,24,2025-08-28,1529.57,Paga,0,Sem Cobrança,2025-08-29,1529.57,Alto,,8,2025
401,26,20,1,2023-08-31,1388.3,Vencida,7,Email,,0.0,Baixo,Terceirizado Sul,8,2023
402,26,20,2,2023-09-30,1388.3,Paga,0,Sem Cobrança,2023-10-02,1388.3,Alto,,9,2023
403,26,20,3,2023-10-30,1388.3,Paga,0,Sem Cobrança,2023-10-30,1388.3,Alto,,10,2023
404,26,20,4,2023-11-29,1388.3,Vencida,52,Cartório,,0.0,Baixo,Equipe C,11,2023
405,26,20,5,2023-12-29,1388.3,Paga,0,Sem Cobrança,2024-01-01,1388.3,Alto,,12,2023
406,26,20,6,2024-01-28,1388.3,Paga,0,Sem Cobrança,2024-01-29,1388.3,Alto,,1,2024
407,26,20,7,2024-02-27,1388.3,Paga,0,Sem Cobrança,2024-02-28,1388.3,Alto,,2,2024
408,26,20,8,2024-03-28,1388.3,Vencida,43,Cartório,,0.0,Baixo,Terceirizado Norte,3,2024
409,26,20,9,2024-04-27,1388.3,Renegociada,3,SMS,2024-04-30,1193.99,Baixo,Equipe A,4,2024
410,26,20,10,2024-05-27,1388.3,Vencida,21,Ligação,,0.0,Baixo,Equipe C,5,2024
411,26,20,11,2024-06-26,1388.3,Paga,0,Sem Cobrança,2024-06-27,1388.3,Alto,,6,2024
412,26,20,12,2024-07-26,1388.3,Vencida,8,Email,,0.0,Baixo,Equipe A,7,2024
413,26,20,13,2024-08-25,1388.3,Paga,0,Sem Cobrança,2024-08-25,1388.3,Alto,,8,2024
414,27,21,1,2020-10-01,5382.29,Paga,0,Sem Cobrança,2020-10-02,5382.29,Alto,,10,2020
415,27,21,2,2020-10-31,5382.29,Paga,0,Sem Cobrança,2020-11-03,5382.29,Alto,,10,2020
416,27,21,3,2020-11-30,5382.29,Paga,0,Sem Cobrança,2020-12-02,5382.29,Alto,,11,2020
417,27,21,4,2020-12-30,5382.29,Paga,0,Sem Cobrança,2020-12-30,5382.29,Alto,,12,2020
418,27,21,5,2021-01-29,5382.29,Paga,0,Sem Cobrança,2021-01-30,5382.29,Alto,,1,2021
419,27,21,6,2021-02-28,5382.29,Paga,0,Sem Cobrança,2021-03-03,5382.29,Alto,,2,2021
420,27,21,7,2021-03-30,5382.29,Pendente,1,SMS,,0.0,Alto,Equipe C,3,2021
421,28,22,1,2021-11-18,3142.93,Renegociada,4,SMS,2021-11-22,2398.42,Médio,Equipe B,11,2021
422,28,22,2,2021-12-18,3142.93,Paga,0,Sem Cobrança,2021-12-20,3142.93,Alto,,12,2021
423,28,22,3,2022-01-17,3142.93,Paga,0,Sem Cobrança,2022-01-20,3142.93,Alto,,1,2022
424,28,22,4,2022-02-16,3142.93,Paga,0,Sem Cobrança,2022-02-18,3142.93,Alto,,2,2022
425,28,22,5,2022-03-18,3142.93,Paga,0,Sem Cobrança,2022-03-21,3142.93,Alto,,3,2022
426,28,22,6,2022-04-17,3142.93,Paga,0,Sem Cobrança,2022-04-20,3142.93,Alto,,4,2022
427,28,22,7,2022-05-17,3142.93,Paga,0,Sem Cobrança,2022-05-19,3142.93,Alto,,5,2022
428,28,22,8,2022-06-16,3142.93,Paga,0,Sem Cobrança,2022-06-16,3142.93,Alto,,6,2022
429,28,22,9,2022-07-16,3142.93,Paga,0,Sem Cobrança,2022-07-18,3142.93,Alto,,7,2022
430,28,22,10,2022-08-15,3142.93,Paga,0,Sem Cobrança,2022-08-17,3142.93,Alto,,8,2022
431,28,22,11,2022-09-14,3142.93,Paga,0,Sem Cobrança,2022-09-16,3142.93,Alto,,9,2022
432,28,22,12,2022-10-14,3142.93,Paga,0,Sem Cobrança,2022-10-14,3142.93,Alto,,10,2022
433,28,22,13,2022-11-13,3142.93,Paga,0,Sem Cobrança,2022-11-14,3142.93,Alto,,11,2022
434,28,22,14,2022-12-13,3142.93,Paga,0,Sem Cobrança,2022-12-14,3142.93,Alto,,12,2022
435,28,22,15,2023-01-12,3142.93,Vencida,40,Cartório,,0.0,Médio,Terceirizado Sul,1,2023
436,29,23,1,2025-03-01,5918.33,Paga,0,Sem Cobrança,2025-03-02,5918.33,Alto,,3,2025
437,29,23,2,2025-03-31,5918.33,Paga,0,Sem Cobrança,2025-04-01,5918.33,Alto,,3,2025
438,29,23,3,2025-04-30,5918.33,Paga,0,Sem Cobrança,2025-05-03,5918.33,Alto,,4,2025
439,29,23,4,2025-05-30,5918.33,Paga,0,Sem Cobrança,2025-06-01,5918.33,Alto,,5,2025
440,29,23,5,2025-06-29,5918.33,Paga,0,Sem Cobrança,2025-06-30,5918.33,Alto,,6,2025
441,29,23,6,2025-07-29,5918.33,Paga,0,Sem Cobrança,2025-07-31,5918.33,Alto,,7,2025
442,29,23,7,2025-08-28,5918.33,Paga,0,Sem Cobrança,2025-08-29,5918.33,Alto,,8,2025
443,29,23,8,2025-09-27,5918.33,Paga,0,Sem Cobrança,2025-09-29,5918.33,Alto,,9,2025
444,30,23,1,2024-08-18,1593.9,Paga,0,Sem Cobrança,2024-08-21,1593.9,Alto,,8,2024
445,30,23,2,2024-09-17,1593.9,Paga,0,Sem Cobrança,2024-09-18,1593.9,Alto,,9,2024
446,30,23,3,2024-10-17,1593.9,Vencida,94,Jurídico,,0.0,Baixo,Terceirizado Sul,10,2024
447,30,23,4,2024-11-16,1593.9,Paga,0,Sem Cobrança,2024-11-16,1593.9,Alto,,11,2024
448,30,23,5,2024-12-16,1593.9,Paga,0,Sem Cobrança,2024-12-17,1593.9,Alto,,12,2024
449,30,23,6,2025-01-15,1593.9,Paga,0,Sem Cobrança,2025-01-16,1593.9,Alto,,1,2025
450,30,23,7,2025-02-14,1593.9,Vencida,12,Email,,0.0,Médio,Equipe B,2,2025
451,30,23,8,2025-03-16,1593.9,Paga,0,Sem Cobrança,2025-03-18,1593.9,Alto,,3,2025
452,30,23,9,2025-04-15,1593.9,Paga,0,Sem Cobrança,2025-04-15,1593.9,Alto,,4,2025
453,30,23,10,2025-05-15,1593.9,Vencida,16,Ligação,,0.0,Médio,Terceirizado Norte,5,2025
454,30,23,11,2025-06-14,1593.9,Paga,0,Sem Cobrança,2025-06-17,1593.9,Alto,,6,2025
455,31,24,1,2025-03-04,2572.14,Vencida,39,Cartório,,0.0,Médio,Equipe C,3,2025
456,31,24,2,2025-04-03,2572.14,Paga,0,Sem Cobrança,2025-04-06,2572.14,Alto,,4,2025
457,31,24,3,2025-05-03,2572.14,Paga,0,Sem Cobrança,2025-05-06,2572.14,Alto,,5,2025
458,31,24,4,2025-06-02,2572.14,Paga,0,Sem Cobrança,2025-06-03,2572.14,Alto,,6,2025
459,31,24,5,2025-07-02,2572.14,Paga,0,Sem Cobrança,2025-07-04,2572.14,Alto,,7,2025
460,31,24,6,2025-08-01,2572.14,Paga,0,Sem Cobrança,2025-08-02,2572.14,Alto,,8,2025
461,31,24,7,2025-08-31,2572.14,Paga,0,Sem Cobrança,2025-09-03,2572.14,Alto,,8,2025
462,31,24,8,2025-09-30,2572.14,Paga,0,Sem Cobrança,2025-09-30,2572.14,Alto,,9,2025
463,31,24,9,2025-10-30,2572.14,Paga,0,Sem Cobrança,2025-11-01,2572.14,Alto,,10,2025
464,32,25,1,2021-11-24,5044.16,Paga,0,Sem Cobrança,2021-11-25,5044.16,Alto,,11,2021
465,32,25,2,2021-12-24,5044.16,Paga,0,Sem Cobrança,2021-12-27,5044.16,Alto,,12,2021
466,32,25,3,2022-01-23,5044.16,Vencida,18,Ligação,,0.0,Médio,Terceirizado Norte,1,2022
467,32,25,4,2022-02-22,5044.16,Paga,0,Sem Cobrança,2022-02-25,5044.16,Alto,,2,2022
468,32,25,5,2022-03-24,5044.16,Paga,0,Sem Cobrança,2022-03-26,5044.16,Alto,,3,2022
469,32,25,6,2022-04-23,5044.16,Renegociada,14,Email,2022-05-07,4939.84,Médio,Terceirizado Norte,4,2022
470,32,25,7,2022-05-23,5044.16,Paga,0,Sem Cobrança,2022-05-23,5044.16,Alto,,5,2022
471,32,25,8,2022-06-22,5044.16,Vencida,17,Ligação,,0.0,Médio,Terceirizado Norte,6,2022
472,32,25,9,2022-07-22,5044.16,Paga,0,Sem Cobrança,2022-07-23,5044.16,Alto,,7,2022
473,32,25,10,2022-08-21,5044.16,Paga,0,Sem Cobrança,2022-08-21,5044.16,Alto,,8,2022
474,32,25,11,2022-09-20,5044.16,Paga,0,Sem Cobrança,2022-09-22,5044.16,Alto,,9,2022
475,32,25,12,2022-10-20,5044.16,Vencida,17,Ligação,,0.0,Médio,Terceirizado Norte,10,2022
476,32,25,13,2022-11-19,5044.16,Vencida,28,Ligação,,0.0,Médio,Equipe B,11,2022
477,33,26,1,2023-02-14,1989.16,Renegociada,77,Jurídico,2023-05-02,1912.59,Médio,Equipe C,2,2023
478,33,26,2,2023-03-16,1989.16,Paga,0,Sem Cobrança,2023-03-19,1989.16,Alto,,3,2023
479,33,26,3,2023-04-15,1989.16,Paga,0,Sem Cobrança,2023-04-17,1989.16,Alto,,4,2023
480,33,26,4,2023-05-15,1989.16,Paga,0,Sem Cobrança,2023-05-17,1989.16,Alto,,5,2023
481,33,26,5,2023-06-14,1989.16,Paga,0,Sem Cobrança,2023-06-17,1989.16,Alto,,6,2023
482,33,26,6,2023-07-14,1989.16,Paga,0,Sem Cobrança,2023-07-16,1989.16,Alto,,7,2023
483,33,26,7,2023-08-13,1989.16,Paga,0,Sem Cobrança,2023-08-16,1989.16,Alto,,8,2023
484,33,26,8,2023-09-12,1989.16,Paga,0,Sem Cobrança,2023-09-13,1989.16,Alto,,9,2023
485,33,26,9,2023-10-12,1989.16,Paga,0,Sem Cobrança,2023-10-15,1989.16,Alto,,10,2023
486,33,26,10,2023-11-11,1989.16,Renegociada,47,Cartório,2023-12-28,1413.81,Médio,Equipe C,11,2023
487,33,26,11,2023-12-11,1989.16,Renegociada,19,Ligação,2023-12-30,1926.61,Médio,Terceirizado Norte,12,2023
488,33,26,12,2024-01-10,1989.16,Vencida,25,Ligação,,0.0,Médio,Terceirizado Norte,1,2024
489,33,26,13,2024-02-09,1989.16,Paga,0,Sem Cobrança,2024-02-09,1989.16,Alto,,2,2024
490,33,26,14,2024-03-10,1989.16,Paga,0,Sem Cobrança,2024-03-11,1989.16,Alto,,3,2024
491,34,27,1,2020-12-05,9433.52,Paga,0,Cartório,2021-01-13,8966.43,Alto,Terceirizado Sul,12,2020
492,34,27,2,2021-01-04,9433.52,Paga,0,Sem Cobrança,2021-01-05,9433.52,Alto,,1,2021
493,34,27,3,2021-02-03,9433.52,Paga,0,Sem Cobrança,2021-02-03,9433.52,Alto,,2,2021
494,34,27,4,2021-03-05,9433.52,Paga,0,Sem Cobrança,2021-03-06,9433.52,Alto,,3,2021
495,34,27,5,2021-04-04,9433.52,Paga,0,Sem Cobrança,2021-04-04,9433.52,Alto,,4,2021
496,34,27,6,2021-05-04,9433.52,Paga,0,Ligação,2021-05-21,7533.58,Alto,Equipe C,5,2021
497,34,27,7,2021-06-03,9433.52,Paga,0,Sem Cobrança,2021-06-03,9433.52,Alto,,6,2021
498,34,27,8,2021-07-03,9433.52,Paga,0,Sem Cobrança,2021-07-03,9433.52,Alto,,7,2021
499,34,27,9,2021-08-02,9433.52,Paga,0,Sem Cobrança,2021-08-03,9433.52,Alto,,8,2021
500,35,28,1,2021-11-12,2777.02,Pendente,4,SMS,,0.0,Médio,Terceirizado Norte,11,2021
501,35,28,2,2021-12-12,2777.02,Paga,0,Sem Cobrança,2021-12-14,2777.02,Alto,,12,2021
502,35,28,3,2022-01-11,2777.02,Paga,0,Sem Cobrança,2022-01-11,2777.02,Alto,,1,2022
503,35,28,4,2022-02-10,2777.02,Paga,0,Sem Cobrança,2022-02-10,2777.02,Alto,,2,2022
504,35,28,5,2022-03-12,2777.02,Paga,0,Sem Cobrança,2022-03-15,2777.02,Alto,,3,2022
505,35,28,6,2022-04-11,2777.02,Paga,0,Sem Cobrança,2022-04-12,2777.02,Alto,,4,2022
506,36,29,1,2021-02-03,1250.06,Paga,0,Sem Cobrança,2021-02-05,1250.06,Alto,,2,2021
507,36,29,2,2021-03-05,1250.06,Paga,0,Sem Cobrança,2021-03-05,1250.06,Alto,,3,2021
508,36,29,3,2021-04-04,1250.06,Paga,0,Sem Cobrança,2021-04-07,1250.06,Alto,,4,2021
509,36,29,4,2021-05-04,1250.06,Renegociada,34,Cartório,2021-06-07,1164.13,Médio,Terceirizado Norte,5,2021
510,36,29,5,2021-06-03,1250.06,Renegociada,3,SMS,2021-06-06,1167.37,Médio,Equipe C,6,2021
511,36,29,6,2021-07-03,1250.06,Paga,0,Sem Cobrança,2021-07-04,1250.06,Alto,,7,2021
512,36,29,7,2021-08-02,1250.06,Vencida,17,Ligação,,0.0,Médio,Equipe C,8,2021
513,36,29,8,2021-09-01,1250.06,Paga,0,Sem Cobrança,2021-09-02,1250.06,Alto,,9,2021
514,36,29,9,2021-10-01,1250.06,Paga,0,Sem Cobrança,2021-10-01,1250.06,Alto,,10,2021
515,36,29,10,2021-10-31,1250.06,Paga,0,Sem Cobrança,2021-11-01,1250.06,Alto,,10,2021
516,36,29,11,2021-11-30,1250.06,Paga,0,Sem Cobrança,2021-12-03,1250.06,Alto,,11,2021
517,36,29,12,2021-12-30,1250.06,Paga,0,Sem Cobrança,2022-01-02,1250.06,Alto,,12,2021
518,37,30,1,2025-03-14,4010.67,Paga,0,Sem Cobrança,2025-03-16,4010.67,Alto,,3,2025
519,37,30,2,2025-04-13,4010.67,Paga,0,Sem Cobrança,2025-04-16,4010.67,Alto,,4,2025
520,37,30,3,2025-05-13,4010.67,Paga,0,Sem Cobrança,2025-05-13,4010.67,Alto,,5,2025
521,37,30,4,2025-06-12,4010.67,Paga,0,Ligação,2025-07-08,3077.26,Alto,Equipe B,6,2025
522,37,30,5,2025-07-12,4010.67,Paga,0,Sem Cobrança,2025-07-12,4010.67,Alto,,7,2025
523,37,30,6,2025-08-11,4010.67,Paga,0,Sem Cobrança,2025-08-14,4010.67,Alto,,8,2025
524,37,30,7,2025-09-10,4010.67,Paga,0,Email,2025-09-15,3991.64,Alto,Equipe C,9,2025
525,37,30,8,2025-10-10,4010.67,Paga,0,Sem Cobrança,2025-10-13,4010.67,Alto,,10,2025
526,38,31,1,2024-11-16,1525.05,Paga,0,Sem Cobrança,2024-11-16,1525.05,Alto,,11,2024
527,38,31,2,2024-12-16,1525.05,Paga,0,Sem Cobrança,2024-12-16,1525.05,Alto,,12,2024
528,38,31,3,2025-01-15,1525.05,Paga,0,Sem Cobrança,2025-01-18,1525.05,Alto,,1,2025
529,38,31,4,2025-02-14,1525.05,Vencida,10,Email,,0.0,Médio,Equipe C,2,2025
530,38,31,5,2025-03-16,1525.05,Paga,0,Sem Cobrança,2025-03-16,1525.05,Alto,,3,2025
531,38,31,6,2025-04-15,1525.05,Paga,0,Sem Cobrança,2025-04-15,1525.05,Alto,,4,2025
532,38,31,7,2025-05-15,1525.05,Renegociada,10,Email,2025-05-25,1150.9,Médio,Terceirizado Norte,5,2025
533,38,31,8,2025-06-14,1525.05,Vencida,21,Ligação,,0.0,Médio,Equipe C,6,2025
534,38,31,9,2025-07-14,1525.05,Paga,0,Sem Cobrança,2025-07-17,1525.05,Alto,,7,2025
535,38,31,10,2025-08-13,1525.05,Paga,0,Sem Cobrança,2025-08-16,1525.05,Alto,,8,2025
536,38,31,11,2025-09-12,1525.05,Paga,0,Sem Cobrança,2025-09-14,1525.05,Alto,,9,2025
537,38,31,12,2025-10-12,1525.05,Paga,0,Sem Cobrança,2025-10-13,1525.05,Alto,,10,2025
538,38,31,13,2025-11-11,1525.05,Paga,0,Sem Cobrança,2025-11-11,1525.05,Alto,,11,2025
539,38,31,14,2025-12-11,1525.05,Paga,0,Sem Cobrança,2025-12-13,1525.05,Alto,,12,2025
540,38,31,15,2026-01-10,1525.05,Paga,0,Sem Cobrança,2026-01-10,1525.05,Alto,,1,2026
541,39,32,1,2023-12-30,3836.87,Paga,0,Sem Cobrança,2023-12-30,3836.87,Alto,,12,2023
542,39,32,2,2024-01-29,3836.87,Vencida,107,Jurídico,,0.0,Baixo,Terceirizado Norte,1,2024
543,39,32,3,2024-02-28,3836.87,Paga,0,Sem Cobrança,2024-03-02,3836.87,Alto,,2,2024
544,39,32,4,2024-03-29,3836.87,Vencida,5,Email,,0.0,Médio,Terceirizado Norte,3,2024
545,39,32,5,2024-04-28,3836.87,Paga,0,Sem Cobrança,2024-04-28,3836.87,Alto,,4,2024
546,39,32,6,2024-05-28,3836.87,Vencida,106,Jurídico,,0.0,Baixo,Equipe A,5,2024
547,39,32,7,2024-06-27,3836.87,Paga,0,Sem Cobrança,2024-06-28,3836.87,Alto,,6,2024
548,39,32,8,2024-07-27,3836.87,Paga,0,Sem Cobrança,2024-07-28,3836.87,Alto,,7,2024
549,39,32,9,2024-08-26,3836.87,Renegociada,48,Cartório,2024-10-13,3655.11,Médio,Terceirizado Sul,8,2024
550,39,32,10,2024-09-25,3836.87,Vencida,30,Cartório,,0.0,Médio,Terceirizado Norte,9,2024
551,39,32,11,2024-10-25,3836.87,Vencida,53,Cartório,,0.0,Médio,Terceirizado Norte,10,2024
552,39,32,12,2024-11-24,3836.87,Paga,0,Sem Cobrança,2024-11-27,3836.87,Alto,,11,2024
553,39,32,13,2024-12-24,3836.87,Renegociada,19,Ligação,2025-01-12,3025.18,Médio,Terceirizado Norte,12,2024
554,39,32,14,2025-01-23,3836.87,Vencida,121,Jurídico,,0.0,Baixo,Terceirizado Norte,1,2025
555,39,32,15,2025-02-22,3836.87,Paga,0,Sem Cobrança,2025-02-25,3836.87,Alto,,2,2025
556,39,32,16,2025-03-24,3836.87,Paga,0,Sem Cobrança,2025-03-26,3836.87,Alto,,3,2025
557,39,32,17,2025-04-23,3836.87,Vencida,22,Ligação,,0.0,Médio,Terceirizado Sul,4,2025
558,39,32,18,2025-05-23,3836.87,Paga,0,Sem Cobrança,2025-05-26,3836.87,Alto,,5,2025
559,39,32,19,2025-06-22,3836.87,Renegociada,70,Jurídico,2025-08-31,3349.28,Médio,Terceirizado Sul,6,2025
560,40,32,1,2023-12-24,1676.41,Paga,0,Sem Cobrança,2023-12-27,1676.41,Alto,,12,2023
561,40,32,2,2024-01-23,1676.41,Paga,0,Sem Cobrança,2024-01-23,1676.41,Alto,,1,2024
562,40,32,3,2024-02-22,1676.41,Paga,0,Sem Cobrança,2024-02-24,1676.41,Alto,,2,2024
563,40,32,4,2024-03-23,1676.41,Paga,0,Sem Cobrança,2024-03-26,1676.41,Alto,,3,2024
564,40,32,5,2024-04-22,1676.41,Renegociada,31,Cartório,2024-05-23,1346.42,Médio,Equipe B,4,2024
565,40,32,6,2024-05-22,1676.41,Paga,0,Sem Cobrança,2024-05-24,1676.41,Alto,,5,2024
566,40,32,7,2024-06-21,1676.41,Paga,0,Sem Cobrança,2024-06-24,1676.41,Alto,,6,2024
567,40,32,8,2024-07-21,1676.41,Vencida,30,Cartório,,0.0,Médio,Terceirizado Norte,7,2024
568,41,33,1,2022-08-16,2811.64,Paga,0,Sem Cobrança,2022-08-17,2811.64,Alto,,8,2022
569,41,33,2,2022-09-15,2811.64,Paga,0,Sem Cobrança,2022-09-17,2811.64,Alto,,9,2022
570,41,33,3,2022-10-15,2811.64,Paga,0,Sem Cobrança,2022-10-15,2811.64,Alto,,10,2022
571,41,33,4,2022-11-14,2811.64,Paga,0,Sem Cobrança,2022-11-15,2811.64,Alto,,11,2022
572,41,33,5,2022-12-14,2811.64,Paga,0,Sem Cobrança,2022-12-15,2811.64,Alto,,12,2022
573,41,33,6,2023-01-13,2811.64,Paga,0,Sem Cobrança,2023-01-13,2811.64,Alto,,1,2023
574,41,33,7,2023-02-12,2811.64,Paga,0,Sem Cobrança,2023-02-15,2811.64,Alto,,2,2023
575,41,33,8,2023-03-14,2811.64,Paga,0,Sem Cobrança,2023-03-15,2811.64,Alto,,3,2023
576,41,33,9,2023-04-13,2811.64,Paga,0,Sem Cobrança,2023-04-13,2811.64,Alto,,4,2023
577,41,33,10,2023-05-13,2811.64,Paga,0,Sem Cobrança,2023-05-15,2811.64,Alto,,5,2023
578,41,33,11,2023-06-12,2811.64,Paga,0,Sem Cobrança,2023-06-13,2811.64,Alto,,6,2023
579,41,33,12,2023-07-12,2811.64,Paga,0,Sem Cobrança,2023-07-12,2811.64,Alto,,7,2023
580,41,33,13,2023-08-11,2811.64,Paga,0,Sem Cobrança,2023-08-13,2811.64,Alto,,8,2023
581,41,33,14,2023-09-10,2811.64,Paga,0,Sem Cobrança,2023-09-11,2811.64,Alto,,9,2023
582,41,33,15,2023-10-10,2811.64,Paga,0,Sem Cobrança,2023-10-11,2811.64,Alto,,10,2023
583,41,33,16,2023-11-09,2811.64,Paga,0,Sem Cobrança,2023-11-11,2811.64,Alto,,11,2023
584,41,33,17,2023-12-09,2811.64,Paga,0,Sem Cobrança,2023-12-09,2811.64,Alto,,12,2023
585,42,34,1,2021-01-01,5082.35,Paga,0,Sem Cobrança,2021-01-02,5082.35,Alto,,1,2021
586,42,34,2,2021-01-31,5082.35,Paga,0,Sem Cobrança,2021-01-31,5082.35,Alto,,1,2021
587,42,34,3,2021-03-02,5082.35,Paga,0,Sem Cobrança,2021-03-05,5082.35,Alto,,3,2021
588,42,34,4,2021-04-01,5082.35,Paga,0,Sem Cobrança,2021-04-01,5082.35,Alto,,4,2021
589,42,34,5,2021-05-01,5082.35,Paga,0,Sem Cobrança,2021-05-01,5082.35,Alto,,5,2021
590,42,34,6,2021-05-31,5082.35,Paga,0,Sem Cobrança,2021-05-31,5082.35,Alto,,5,2021
591,42,34,7,2021-06-30,5082.35,Paga,0,Sem Cobrança,2021-07-01,5082.35,Alto,,6,2021
592,42,34,8,2021-07-30,5082.35,Paga,0,Sem Cobrança,2021-07-31,5082.35,Alto,,7,2021
593,42,34,9,2021-08-29,5082.35,Paga,0,Sem Cobrança,2021-08-30,5082.35,Alto,,8,2021
594,42,34,10,2021-09-28,5082.35,Paga,0,Sem Cobrança,2021-10-01,5082.35,Alto,,9,2021
595,42,34,11,2021-10-28,5082.35,Paga,0,Sem Cobrança,2021-10-31,5082.35,Alto,,10,2021
596,42,34,12,2021-11-27,5082.35,Paga,0,Sem Cobrança,2021-11-27,5082.35,Alto,,11,2021
597,42,34,13,2021-12-27,5082.35,Paga,0,Sem Cobrança,2021-12-29,5082.35,Alto,,12,2021
598,42,34,14,2022-01-26,5082.35,Paga,0,Sem Cobrança,2022-01-27,5082.35,Alto,,1,2022
599,42,34,15,2022-02-25,5082.35,Paga,0,Sem Cobrança,2022-02-26,5082.35,Alto,,2,2022
600,42,34,16,2022-03-27,5082.35,Paga,0,Sem Cobrança,2022-03-30,5082.35,Alto,,3,2022
601,42,34,17,2022-04-26,5082.35,Paga,0,Sem Cobrança,2022-04-26,5082.35,Alto,,4,2022
602,42,34,18,2022-05-26,5082.35,Paga,0,Sem Cobrança,2022-05-29,5082.35,Alto,,5,2022
603,42,34,19,2022-06-25,5082.35,Paga,0,Sem Cobrança,2022-06-26,5082.35,Alto,,6,2022
604,42,34,20,2022-07-25,5082.35,Paga,0,Sem Cobrança,2022-07-27,5082.35,Alto,,7,2022
605,42,34,21,2022-08-24,5082.35,Paga,0,Sem Cobrança,2022-08-27,5082.35,Alto,,8,2022
606,42,34,22,2022-09-23,5082.35,Paga,0,Sem Cobrança,2022-09-24,5082.35,Alto,,9,2022
607,42,34,23,2022-10-23,5082.35,Paga,0,Sem Cobrança,2022-10-26,5082.35,Alto,,10,2022
608,43,35,1,2020-09-08,5374.89,Vencida,21,Ligação,,0.0,Médio,Terceirizado Norte,9,2020
609,43,35,2,2020-10-08,5374.89,Paga,0,Sem Cobrança,2020-10-10,5374.89,Alto,,10,2020
610,43,35,3,2020-11-07,5374.89,Paga,0,Sem Cobrança,2020-11-10,5374.89,Alto,,11,2020
611,43,35,4,2020-12-07,5374.89,Vencida,115,Jurídico,,0.0,Baixo,Equipe A,12,2020
612,43,35,5,2021-01-06,5374.89,Vencida,28,Ligação,,0.0,Médio,Equipe B,1,2021
613,43,35,6,2021-02-05,5374.89,Renegociada,23,Ligação,2021-02-28,5249.95,Médio,Equipe B,2,2021
614,43,35,7,2021-03-07,5374.89,Paga,0,Sem Cobrança,2021-03-07,5374.89,Alto,,3,2021
615,43,35,8,2021-04-06,5374.89,Paga,0,Sem Cobrança,2021-04-08,5374.89,Alto,,4,2021
616,43,35,9,2021-05-06,5374.89,Pendente,3,SMS,,0.0,Médio,Equipe C,5,2021
617,43,35,10,2021-06-05,5374.89,Paga,0,Sem Cobrança,2021-06-07,5374.89,Alto,,6,2021
618,43,35,11,2021-07-05,5374.89,Paga,0,Sem Cobrança,2021-07-05,5374.89,Alto,,7,2021
619,43,35,12,2021-08-04,5374.89,Paga,0,Sem Cobrança,2021-08-05,5374.89,Alto,,8,2021
620,43,35,13,2021-09-03,5374.89,Paga,0,Sem Cobrança,2021-09-06,5374.89,Alto,,9,2021
621,44,36,1,2022-05-26,5814.97,Paga,0,Sem Cobrança,2022-05-29,5814.97,Alto,,5,2022
622,44,36,2,2022-06-25,5814.97,Paga,0,Sem Cobrança,2022-06-28,5814.97,Alto,,6,2022
623,44,36,3,2022-07-25,5814.97,Paga,0,Sem Cobrança,2022-07-27,5814.97,Alto,,7,2022
624,44,36,4,2022-08-24,5814.97,Vencida,15,Ligação,,0.0,Médio,Equipe B,8,2022
625,44,36,5,2022-09-23,5814.97,Paga,0,Sem Cobrança,2022-09-25,5814.97,Alto,,9,2022
626,44,36,6,2022-10-23,5814.97,Paga,0,Sem Cobrança,2022-10-25,5814.97,Alto,,10,2022
627,44,36,7,2022-11-22,5814.97,Paga,0,Sem Cobrança,2022-11-23,5814.97,Alto,,11,2022
628,44,36,8,2022-12-22,5814.97,Pendente,2,SMS,,0.0,Médio,Equipe C,12,2022
629,44,36,9,2023-01-21,5814.97,Paga,0,Sem Cobrança,2023-01-23,5814.97,Alto,,1,2023
630,44,36,10,2023-02-20,5814.97,Paga,0,Sem Cobrança,2023-02-20,5814.97,Alto,,2,2023
631,44,36,11,2023-03-22,5814.97,Paga,0,Sem Cobrança,2023-03-24,5814.97,Alto,,3,2023
632,44,36,12,2023-04-21,5814.97,Paga,0,Sem Cobrança,2023-04-23,5814.97,Alto,,4,2023
633,45,37,1,2026-01-31,5378.55,Paga,0,Email,2026-02-10,4245.76,Alto,Equipe A,1,2026
634,45,37,2,2026-03-02,5378.55,Paga,0,Sem Cobrança,2026-03-03,5378.55,Alto,,3,2026
635,45,37,3,2026-04-01,5378.55,Paga,0,Sem Cobrança,2026-04-02,5378.55,Alto,,4,2026
636,45,37,4,2026-05-01,5378.55,Paga,0,Sem Cobrança,2026-05-03,5378.55,Alto,,5,2026
637,45,37,5,2026-05-31,5378.55,Paga,0,Sem Cobrança,2026-06-01,5378.55,Alto,,5,2026
638,45,37,6,2026-06-30,5378.55,Paga,0,Sem Cobrança,2026-07-01,5378.55,Alto,,6,2026
639,45,37,7,2026-07-30,5378.55,Paga,0,Sem Cobrança,2026-07-31,5378.55,Alto,,7,2026
640,46,38,1,2024-05-01,2589.15,Paga,0,Sem Cobrança,2024-05-02,2589.15,Alto,,5,2024
641,46,38,2,2024-05-31,2589.15,Paga,0,Sem Cobrança,2024-06-03,2589.15,Alto,,5,2024
642,46,38,3,2024-06-30,2589.15,Paga,0,Sem Cobrança,2024-06-30,2589.15,Alto,,6,2024
643,46,38,4,2024-07-30,2589.15,Paga,0,Sem Cobrança,2024-07-31,2589.15,Alto,,7,2024
644,46,38,5,2024-08-29,2589.15,Paga,0,Sem Cobrança,2024-09-01,2589.15,Alto,,8,2024
645,46,38,6,2024-09-28,2589.15,Paga,0,Email,2024-10-07,2246.58,Alto,Terceirizado Norte,9,2024
646,46,38,7,2024-10-28,2589.15,Paga,0,Sem Cobrança,2024-10-31,2589.15,Alto,,10,2024
647,46,38,8,2024-11-27,2589.15,Paga,0,Sem Cobrança,2024-11-30,2589.15,Alto,,11,2024
648,46,38,9,2024-12-27,2589.15,Paga,0,Sem Cobrança,2024-12-30,2589.15,Alto,,12,2024
649,46,38,10,2025-01-26,2589.15,Paga,0,Sem Cobrança,2025-01-29,2589.15,Alto,,1,2025
650,46,38,11,2025-02-25,2589.15,Paga,0,Sem Cobrança,2025-02-26,2589.15,Alto,,2,2025
651,46,38,12,2025-03-27,2589.15,Paga,0,Sem Cobrança,2025-03-30,2589.15,Alto,,3,2025
652,46,38,13,2025-04-26,2589.15,Paga,0,Sem Cobrança,2025-04-27,2589.15,Alto,,4,2025
653,46,38,14,2025-05-26,2589.15,Paga,0,Sem Cobrança,2025-05-26,2589.15,Alto,,5,2025
654,46,38,15,2025-06-25,2589.15,Paga,0,Sem Cobrança,2025-06-28,2589.15,Alto,,6,2025
655,46,38,16,2025-07-25,2589.15,Paga,0,Sem Cobrança,2025-07-26,2589.15,Alto,,7,2025
656,46,38,17,2025-08-24,2589.15,Paga,0,Sem Cobrança,2025-08-26,2589.15,Alto,,8,2025
657,47,38,1,2024-08-12,1167.3,Paga,0,Sem Cobrança,2024-08-15,1167.3,Alto,,8,2024
658,47,38,2,2024-09-11,1167.3,Paga,0,Ligação,2024-10-05,1000.18,Alto,Equipe A,9,2024
659,47,38,3,2024-10-11,1167.3,Paga,0,SMS,2024-10-12,987.28,Alto,Equipe B,10,2024
660,47,38,4,2024-11-10,1167.3,Paga,0,Email,2024-11-23,1130.27,Alto,Equipe C,11,2024
661,47,38,5,2024-12-10,1167.3,Paga,0,SMS,2024-12-14,859.95,Alto,Equipe C,12,2024
662,47,38,6,2025-01-09,1167.3,Vencida,77,Jurídico,,0.0,Médio,Equipe C,1,2025
663,47,38,7,2025-02-08,1167.3,Paga,0,Sem Cobrança,2025-02-10,1167.3,Alto,,2,2025
664,47,38,8,2025-03-10,1167.3,Paga,0,Sem Cobrança,2025-03-13,1167.3,Alto,,3,2025
665,47,38,9,2025-04-09,1167.3,Paga,0,Sem Cobrança,2025-04-10,1167.3,Alto,,4,2025
666,48,39,1,2021-10-29,2125.05,Paga,0,Sem Cobrança,2021-11-01,2125.05,Alto,,10,2021
667,48,39,2,2021-11-28,2125.05,Paga,0,Sem Cobrança,2021-12-01,2125.05,Alto,,11,2021
668,48,39,3,2021-12-28,2125.05,Paga,0,Sem Cobrança,2021-12-30,2125.05,Alto,,12,2021
669,48,39,4,2022-01-27,2125.05,Paga,0,Sem Cobrança,2022-01-30,2125.05,Alto,,1,2022
670,48,39,5,2022-02-26,2125.05,Paga,0,Sem Cobrança,2022-03-01,2125.05,Alto,,2,2022
671,48,39,6,2022-03-28,2125.05,Paga,0,Sem Cobrança,2022-03-28,2125.05,Alto,,3,2022
672,48,39,7,2022-04-27,2125.05,Paga,0,Sem Cobrança,2022-04-30,2125.05,Alto,,4,2022
673,48,39,8,2022-05-27,2125.05,Paga,0,Sem Cobrança,2022-05-27,2125.05,Alto,,5,2022
674,48,39,9,2022-06-26,2125.05,Paga,0,Sem Cobrança,2022-06-26,2125.05,Alto,,6,2022
675,48,39,10,2022-07-26,2125.05,Paga,0,Sem Cobrança,2022-07-28,2125.05,Alto,,7,2022
676,49,40,1,2025-09-08,13810.74,Paga,0,Sem Cobrança,2025-09-08,13810.74,Alto,,9,2025
677,49,40,2,2025-10-08,13810.74,Vencida,12,Email,,0.0,Médio,Equipe A,10,2025
678,49,40,3,2025-11-07,13810.74,Paga,0,Sem Cobrança,2025-11-08,13810.74,Alto,,11,2025
679,49,40,4,2025-12-07,13810.74,Paga,0,Sem Cobrança,2025-12-07,13810.74,Alto,,12,2025
680,49,40,5,2026-01-06,13810.74,Renegociada,1,SMS,2026-01-07,9746.13,Médio,Equipe B,1,2026
681,49,40,6,2026-02-05,13810.74,Vencida,8,Email,,0.0,Médio,Terceirizado Norte,2,2026
682,49,40,7,2026-03-07,13810.74,Vencida,15,Ligação,,0.0,Médio,Terceirizado Sul,3,2026
683,49,40,8,2026-04-06,13810.74,Renegociada,3,SMS,2026-04-09,11478.18,Médio,Terceirizado Norte,4,2026
684,49,40,9,2026-05-06,13810.74,Vencida,15,Ligação,,0.0,Médio,Equipe A,5,2026
685,49,40,10,2026-06-05,13810.74,Renegociada,57,Cartório,2026-08-01,10264.28,Médio,Equipe C,6,2026
686,49,40,11,2026-07-05,13810.74,Paga,0,Sem Cobrança,2026-07-06,13810.74,Alto,,7,2026
687,49,40,12,2026-08-04,13810.74,Paga,0,Sem Cobrança,2026-08-07,13810.74,Alto,,8,2026
688,50,41,1,2023-06-26,964.24,Renegociada,1,SMS,2023-06-27,881.31,Médio,Equipe C,6,2023
689,50,41,2,2023-07-26,964.24,Paga,0,Sem Cobrança,2023-07-28,964.24,Alto,,7,2023
690,50,41,3,2023-08-25,964.24,Renegociada,2,SMS,2023-08-27,947.34,Médio,Equipe A,8,2023
691,50,41,4,2023-09-24,964.24,Vencida,35,Cartório,,0.0,Médio,Equipe B,9,2023
692,50,41,5,2023-10-24,964.24,Paga,0,Sem Cobrança,2023-10-27,964.24,Alto,,10,2023
693,50,41,6,2023-11-23,964.24,Paga,0,Sem Cobrança,2023-11-25,964.24,Alto,,11,2023
694,50,41,7,2023-12-23,964.24,Vencida,19,Ligação,,0.0,Médio,Terceirizado Norte,12,2023
695,50,41,8,2024-01-22,964.24,Vencida,11,Email,,0.0,Médio,Equipe A,1,2024
696,50,41,9,2024-02-21,964.24,Paga,0,Sem Cobrança,2024-02-21,964.24,Alto,,2,2024
697,50,41,10,2024-03-22,964.24,Paga,0,Sem Cobrança,2024-03-23,964.24,Alto,,3,2024
698,50,41,11,2024-04-21,964.24,Paga,0,Sem Cobrança,2024-04-24,964.24,Alto,,4,2024
699,51,42,1,2024-04-04,5213.4,Paga,0,Sem Cobrança,2024-04-05,5213.4,Alto,,4,2024
700,51,42,2,2024-05-04,5213.4,Paga,0,Sem Cobrança,2024-05-05,5213.4,Alto,,5,2024
701,51,42,3,2024-06-03,5213.4,Paga,0,Sem Cobrança,2024-06-04,5213.4,Alto,,6,2024
702,51,42,4,2024-07-03,5213.4,Paga,0,Sem Cobrança,2024-07-06,5213.4,Alto,,7,2024
703,51,42,5,2024-08-02,5213.4,Paga,0,Sem Cobrança,2024-08-05,5213.4,Alto,,8,2024
704,51,42,6,2024-09-01,5213.4,Vencida,5,Email,,0.0,Alto,Terceirizado Sul,9,2024
705,51,42,7,2024-10-01,5213.4,Paga,0,Sem Cobrança,2024-10-02,5213.4,Alto,,10,2024
706,51,42,8,2024-10-31,5213.4,Paga,0,SMS,2024-11-01,4584.46,Alto,Terceirizado Norte,10,2024
707,51,42,9,2024-11-30,5213.4,Paga,0,Sem Cobrança,2024-12-01,5213.4,Alto,,11,2024
708,51,42,10,2024-12-30,5213.4,Paga,0,Sem Cobrança,2025-01-01,5213.4,Alto,,12,2024
709,51,42,11,2025-01-29,5213.4,Vencida,7,Email,,0.0,Alto,Equipe C,1,2025
710,51,42,12,2025-02-28,5213.4,Paga,0,Sem Cobrança,2025-02-28,5213.4,Alto,,2,2025
711,51,42,13,2025-03-30,5213.4,Paga,0,Sem Cobrança,2025-04-01,5213.4,Alto,,3,2025
712,51,42,14,2025-04-29,5213.4,Paga,0,Sem Cobrança,2025-04-30,5213.4,Alto,,4,2025
713,51,42,15,2025-05-29,5213.4,Paga,0,Sem Cobrança,2025-05-31,5213.4,Alto,,5,2025
714,51,42,16,2025-06-28,5213.4,Paga,0,Sem Cobrança,2025-06-30,5213.4,Alto,,6,2025
715,51,42,17,2025-07-28,5213.4,Paga,0,Sem Cobrança,2025-07-31,5213.4,Alto,,7,2025
716,51,42,18,2025-08-27,5213.4,Paga,0,Sem Cobrança,2025-08-29,5213.4,Alto,,8,2025
717,51,42,19,2025-09-26,5213.4,Paga,0,Sem Cobrança,2025-09-29,5213.4,Alto,,9,2025
718,51,42,20,2025-10-26,5213.4,Paga,0,Sem Cobrança,2025-10-28,5213.4,Alto,,10,2025
719,52,43,1,2021-12-03,9454.31,Paga,0,Sem Cobrança,2021-12-04,9454.31,Alto,,12,2021
720,52,43,2,2022-01-02,9454.31,Paga,0,Sem Cobrança,2022-01-02,9454.31,Alto,,1,2022
721,52,43,3,2022-02-01,9454.31,Paga,0,Sem Cobrança,2022-02-01,9454.31,Alto,,2,2022
722,52,43,4,2022-03-03,9454.31,Paga,0,Sem Cobrança,2022-03-04,9454.31,Alto,,3,2022
723,52,43,5,2022-04-02,9454.31,Paga,0,Sem Cobrança,2022-04-05,9454.31,Alto,,4,2022
724,52,43,6,2022-05-02,9454.31,Paga,0,Sem Cobrança,2022-05-02,9454.31,Alto,,5,2022
725,53,44,1,2020-11-29,6830.45,Paga,0,Sem Cobrança,2020-12-02,6830.45,Alto,,11,2020
726,53,44,2,2020-12-29,6830.45,Paga,0,Sem Cobrança,2020-12-31,6830.45,Alto,,12,2020
727,53,44,3,2021-01-28,6830.45,Paga,0,Sem Cobrança,2021-01-31,6830.45,Alto,,1,2021
728,53,44,4,2021-02-27,6830.45,Paga,0,Sem Cobrança,2021-03-01,6830.45,Alto,,2,2021
729,53,44,5,2021-03-29,6830.45,Paga,0,Sem Cobrança,2021-03-29,6830.45,Alto,,3,2021
730,53,44,6,2021-04-28,6830.45,Paga,0,Sem Cobrança,2021-04-30,6830.45,Alto,,4,2021
731,53,44,7,2021-05-28,6830.45,Paga,0,Sem Cobrança,2021-05-31,6830.45,Alto,,5,2021
732,53,44,8,2021-06-27,6830.45,Vencida,7,Email,,0.0,Alto,Equipe C,6,2021
733,54,44,1,2020-09-30,2305.0,Paga,0,Sem Cobrança,2020-10-02,2305.0,Alto,,9,2020
734,54,44,2,2020-10-30,2305.0,Paga,0,Sem Cobrança,2020-10-31,2305.0,Alto,,10,2020
735,54,44,3,2020-11-29,2305.0,Paga,0,Sem Cobrança,2020-12-02,2305.0,Alto,,11,2020
736,54,44,4,2020-12-29,2305.0,Paga,0,Sem Cobrança,2020-12-29,2305.0,Alto,,12,2020
737,54,44,5,2021-01-28,2305.0,Paga,0,Sem Cobrança,2021-01-29,2305.0,Alto,,1,2021
738,54,44,6,2021-02-27,2305.0,Pendente,1,SMS,,0.0,Alto,Equipe A,2,2021
739,54,44,7,2021-03-29,2305.0,Paga,0,Sem Cobrança,2021-04-01,2305.0,Alto,,3,2021
740,54,44,8,2021-04-28,2305.0,Paga,0,Sem Cobrança,2021-04-29,2305.0,Alto,,4,2021
741,54,44,9,2021-05-28,2305.0,Paga,0,Sem Cobrança,2021-05-29,2305.0,Alto,,5,2021
742,54,44,10,2021-06-27,2305.0,Renegociada,51,Cartório,2021-08-17,1793.03,Médio,Terceirizado Sul,6,2021
743,54,44,11,2021-07-27,2305.0,Paga,0,Sem Cobrança,2021-07-29,2305.0,Alto,,7,2021
744,54,44,12,2021-08-26,2305.0,Paga,0,Sem Cobrança,2021-08-26,2305.0,Alto,,8,2021
745,55,45,1,2020-07-06,1230.04,Paga,0,Sem Cobrança,2020-07-09,1230.04,Alto,,7,2020
746,55,45,2,2020-08-05,1230.04,Vencida,21,Ligação,,0.0,Médio,Equipe A,8,2020
747,55,45,3,2020-09-04,1230.04,Paga,0,Sem Cobrança,2020-09-06,1230.04,Alto,,9,2020
748,55,45,4,2020-10-04,1230.04,Paga,0,Sem Cobrança,2020-10-07,1230.04,Alto,,10,2020
749,55,45,5,2020-11-03,1230.04,Vencida,9,Email,,0.0,Médio,Equipe C,11,2020
750,55,45,6,2020-12-03,1230.04,Paga,0,Sem Cobrança,2020-12-03,1230.04,Alto,,12,2020
751,55,45,7,2021-01-02,1230.04,Paga,0,Sem Cobrança,2021-01-03,1230.04,Alto,,1,2021
752,55,45,8,2021-02-01,1230.04,Pendente,2,SMS,,0.0,Médio,Equipe C,2,2021
753,55,45,9,2021-03-03,1230.04,Renegociada,40,Cartório,2021-04-12,1072.04,Médio,Equipe A,3,2021
754,55,45,10,2021-04-02,1230.04,Paga,0,Sem Cobrança,2021-04-03,1230.04,Alto,,4,2021
755,55,45,11,2021-05-02,1230.04,Paga,0,Sem Cobrança,2021-05-05,1230.04,Alto,,5,2021
756,55,45,12,2021-06-01,1230.04,Paga,0,Sem Cobrança,2021-06-02,1230.04,Alto,,6,2021
757,55,45,13,2021-07-01,1230.04,Renegociada,27,Ligação,2021-07-28,1091.77,Médio,Equipe A,7,2021
758,55,45,14,2021-07-31,1230.04,Paga,0,Sem Cobrança,2021-07-31,1230.04,Alto,,7,2021
759,55,45,15,2021-08-30,1230.04,Paga,0,Sem Cobrança,2021-09-01,1230.04,Alto,,8,2021
760,55,45,16,2021-09-29,1230.04,Paga,0,Sem Cobrança,2021-09-30,1230.04,Alto,,9,2021
761,55,45,17,2021-10-29,1230.04,Vencida,35,Cartório,,0.0,Médio,Equipe A,10,2021
762,55,45,18,2021-11-28,1230.04,Paga,0,Sem Cobrança,2021-11-29,1230.04,Alto,,11,2021
763,55,45,19,2021-12-28,1230.04,Paga,0,Sem Cobrança,2021-12-31,1230.04,Alto,,12,2021
764,55,45,20,2022-01-27,1230.04,Paga,0,Sem Cobrança,2022-01-30,1230.04,Alto,,1,2022
765,55,45,21,2022-02-26,1230.04,Paga,0,Sem Cobrança,2022-02-26,1230.04,Alto,,2,2022
766,55,45,22,2022-03-28,1230.04,Paga,0,Sem Cobrança,2022-03-28,1230.04,Alto,,3,2022
767,55,45,23,2022-04-27,1230.04,Pendente,2,SMS,,0.0,Médio,Equipe B,4,2022
768,56,45,1,2020-08-06,3432.12,Paga,0,Sem Cobrança,2020-08-09,3432.12,Alto,,8,2020
769,56,45,2,2020-09-05,3432.12,Vencida,12,Email,,0.0,Médio,Equipe A,9,2020
770,56,45,3,2020-10-05,3432.12,Paga,0,Sem Cobrança,2020-10-05,3432.12,Alto,,10,2020
771,56,45,4,2020-11-04,3432.12,Paga,0,Sem Cobrança,2020-11-07,3432.12,Alto,,11,2020
772,56,45,5,2020-12-04,3432.12,Paga,0,Sem Cobrança,2020-12-07,3432.12,Alto,,12,2020
773,56,45,6,2021-01-03,3432.12,Paga,0,Sem Cobrança,2021-01-03,3432.12,Alto,,1,2021
774,56,45,7,2021-02-02,3432.12,Paga,0,Sem Cobrança,2021-02-05,3432.12,Alto,,2,2021
775,57,46,1,2021-07-28,1668.31,Paga,0,Sem Cobrança,2021-07-28,1668.31,Alto,,7,2021
776,57,46,2,2021-08-27,1668.31,Paga,0,Sem Cobrança,2021-08-27,1668.31,Alto,,8,2021
777,57,46,3,2021-09-26,1668.31,Paga,0,Sem Cobrança,2021-09-28,1668.31,Alto,,9,2021
778,57,46,4,2021-10-26,1668.31,Paga,0,Sem Cobrança,2021-10-26,1668.31,Alto,,10,2021
779,57,46,5,2021-11-25,1668.31,Renegociada,12,Email,2021-12-07,1562.91,Médio,Equipe B,11,2021
780,57,46,6,2021-12-25,1668.31,Paga,0,Sem Cobrança,2021-12-26,1668.31,Alto,,12,2021
781,57,46,7,2022-01-24,1668.31,Paga,0,Sem Cobrança,2022-01-26,1668.31,Alto,,1,2022
782,57,46,8,2022-02-23,1668.31,Paga,0,Sem Cobrança,2022-02-26,1668.31,Alto,,2,2022
783,57,46,9,2022-03-25,1668.31,Paga,0,Sem Cobrança,2022-03-28,1668.31,Alto,,3,2022
784,57,46,10,2022-04-24,1668.31,Paga,0,Sem Cobrança,2022-04-25,1668.31,Alto,,4,2022
785,57,46,11,2022-05-24,1668.31,Paga,0,Sem Cobrança,2022-05-24,1668.31,Alto,,5,2022
786,57,46,12,2022-06-23,1668.31,Vencida,13,Email,,0.0,Médio,Equipe C,6,2022
787,57,46,13,2022-07-23,1668.31,Paga,0,Sem Cobrança,2022-07-24,1668.31,Alto,,7,2022
788,57,46,14,2022-08-22,1668.31,Vencida,29,Ligação,,0.0,Médio,Equipe C,8,2022
789,57,46,15,2022-09-21,1668.31,Paga,0,Sem Cobrança,2022-09-22,1668.31,Alto,,9,2022
790,57,46,16,2022-10-21,1668.31,Vencida,16,Ligação,,0.0,Médio,Equipe A,10,2022
791,57,46,17,2022-11-20,1668.31,Paga,0,Sem Cobrança,2022-11-21,1668.31,Alto,,11,2022
792,57,46,18,2022-12-20,1668.31,Paga,0,Sem Cobrança,2022-12-21,1668.31,Alto,,12,2022
793,57,46,19,2023-01-19,1668.31,Paga,0,Sem Cobrança,2023-01-21,1668.31,Alto,,1,2023
794,58,47,1,2024-05-04,4648.03,Paga,0,Sem Cobrança,2024-05-07,4648.03,Alto,,5,2024
795,58,47,2,2024-06-03,4648.03,Paga,0,Sem Cobrança,2024-06-05,4648.03,Alto,,6,2024
796,58,47,3,2024-07-03,4648.03,Paga,0,Sem Cobrança,2024-07-05,4648.03,Alto,,7,2024
797,58,47,4,2024-08-02,4648.03,Paga,0,Sem Cobrança,2024-08-05,4648.03,Alto,,8,2024
798,58,47,5,2024-09-01,4648.03,Paga,0,Sem Cobrança,2024-09-01,4648.03,Alto,,9,2024
799,58,47,6,2024-10-01,4648.03,Paga,0,Sem Cobrança,2024-10-01,4648.03,Alto,,10,2024
800,58,47,7,2024-10-31,4648.03,Paga,0,Sem Cobrança,2024-10-31,4648.03,Alto,,10,2024
801,58,47,8,2024-11-30,4648.03,Paga,0,Sem Cobrança,2024-12-01,4648.03,Alto,,11,2024
802,58,47,9,2024-12-30,4648.03,Paga,0,Sem Cobrança,2024-12-31,4648.03,Alto,,12,2024
803,58,47,10,2025-01-29,4648.03,Paga,0,Sem Cobrança,2025-01-31,4648.03,Alto,,1,2025
804,58,47,11,2025-02-28,4648.03,Paga,0,Sem Cobrança,2025-03-03,4648.03,Alto,,2,2025
805,58,47,12,2025-03-30,4648.03,Paga,0,Sem Cobrança,2025-03-31,4648.03,Alto,,3,2025
806,59,48,1,2021-12-16,4106.56,Paga,0,Sem Cobrança,2021-12-16,4106.56,Alto,,12,2021
807,59,48,2,2022-01-15,4106.56,Paga,0,Sem Cobrança,2022-01-15,4106.56,Alto,,1,2022
808,59,48,3,2022-02-14,4106.56,Vencida,20,Ligação,,0.0,Médio,Equipe C,2,2022
809,59,48,4,2022-03-16,4106.56,Renegociada,87,Jurídico,2022-06-11,3089.14,Médio,Equipe C,3,2022
810,59,48,5,2022-04-15,4106.56,Paga,0,Sem Cobrança,2022-04-17,4106.56,Alto,,4,2022
811,59,48,6,2022-05-15,4106.56,Paga,0,Sem Cobrança,2022-05-16,4106.56,Alto,,5,2022
812,60,49,1,2022-03-26,1488.49,Renegociada,43,Cartório,2022-05-08,1087.13,Médio,Equipe B,3,2022
813,60,49,2,2022-04-25,1488.49,Paga,0,Sem Cobrança,2022-04-25,1488.49,Alto,,4,2022
814,60,49,3,2022-05-25,1488.49,Paga,0,Sem Cobrança,2022-05-26,1488.49,Alto,,5,2022
815,60,49,4,2022-06-24,1488.49,Paga,0,Sem Cobrança,2022-06-25,1488.49,Alto,,6,2022
816,60,49,5,2022-07-24,1488.49,Paga,0,Sem Cobrança,2022-07-26,1488.49,Alto,,7,2022
817,60,49,6,2022-08-23,1488.49,Paga,0,Sem Cobrança,2022-08-26,1488.49,Alto,,8,2022
818,60,49,7,2022-09-22,1488.49,Paga,0,Sem Cobrança,2022-09-22,1488.49,Alto,,9,2022
819,60,49,8,2022-10-22,1488.49,Renegociada,3,SMS,2022-10-25,1126.63,Médio,Terceirizado Sul,10,2022
820,60,49,9,2022-11-21,1488.49,Paga,0,Sem Cobrança,2022-11-23,1488.49,Alto,,11,2022
821,60,49,10,2022-12-21,1488.49,Paga,0,Sem Cobrança,2022-12-24,1488.49,Alto,,12,2022
822,60,49,11,2023-01-20,1488.49,Paga,0,Sem Cobrança,2023-01-21,1488.49,Alto,,1,2023
823,61,49,1,2021-09-18,1674.24,Paga,0,Sem Cobrança,2021-09-19,1674.24,Alto,,9,2021
824,61,49,2,2021-10-18,1674.24,Paga,0,Sem Cobrança,2021-10-20,1674.24,Alto,,10,2021
825,61,49,3,2021-11-17,1674.24,Paga,0,Sem Cobrança,2021-11-19,1674.24,Alto,,11,2021
826,61,49,4,2021-12-17,1674.24,Paga,0,Sem Cobrança,2021-12-19,1674.24,Alto,,12,2021
827,61,49,5,2022-01-16,1674.24,Paga,0,Sem Cobrança,2022-01-19,1674.24,Alto,,1,2022
828,61,49,6,2022-02-15,1674.24,Paga,0,Sem Cobrança,2022-02-15,1674.24,Alto,,2,2022
829,61,49,7,2022-03-17,1674.24,Paga,0,Sem Cobrança,2022-03-17,1674.24,Alto,,3,2022
830,62,50,1,2019-08-18,986.35,Paga,0,Sem Cobrança,2019-08-20,986.35,Alto,,8,2019
831,62,50,2,2019-09-17,986.35,Paga,0,Sem Cobrança,2019-09-20,986.35,Alto,,9,2019
832,62,50,3,2019-10-17,986.35,Paga,0,Sem Cobrança,2019-10-19,986.35,Alto,,10,2019
833,62,50,4,2019-11-16,986.35,Paga,0,Sem Cobrança,2019-11-19,986.35,Alto,,11,2019
834,62,50,5,2019-12-16,986.35,Paga,0,Sem Cobrança,2019-12-19,986.35,Alto,,12,2019
835,62,50,6,2020-01-15,986.35,Paga,0,Sem Cobrança,2020-01-18,986.35,Alto,,1,2020
836,62,50,7,2020-02-14,986.35,Paga,0,Sem Cobrança,2020-02-14,986.35,Alto,,2,2020
837,62,50,8,2020-03-15,986.35,Paga,0,Sem Cobrança,2020-03-16,986.35,Alto,,3,2020
838,62,50,9,2020-04-14,986.35,Paga,0,Sem Cobrança,2020-04-15,986.35,Alto,,4,2020
839,62,50,10,2020-05-14,986.35,Paga,0,Sem Cobrança,2020-05-16,986.35,Alto,,5,2020
840,62,50,11,2020-06-13,986.35,Paga,0,Sem Cobrança,2020-06-16,986.35,Alto,,6,2020
841,63,50,1,2020-04-19,4265.19,Renegociada,4,SMS,2020-04-23,3094.09,Médio,Equipe A,4,2020
842,63,50,2,2020-05-19,4265.19,Paga,0,Sem Cobrança,2020-05-21,4265.19,Alto,,5,2020
843,63,50,3,2020-06-18,4265.19,Paga,0,Sem Cobrança,2020-06-18,4265.19,Alto,,6,2020
844,63,50,4,2020-07-18,4265.19,Paga,0,Sem Cobrança,2020-07-20,4265.19,Alto,,7,2020
845,63,50,5,2020-08-17,4265.19,Paga,0,Sem Cobrança,2020-08-20,4265.19,Alto,,8,2020
846,63,50,6,2020-09-16,4265.19,Paga,0,Sem Cobrança,2020-09-18,4265.19,Alto,,9,2020
847,63,50,7,2020-10-16,4265.19,Paga,0,Sem Cobrança,2020-10-18,4265.19,Alto,,10,2020
848,63,50,8,2020-11-15,4265.19,Paga,0,Sem Cobrança,2020-11-15,4265.19,Alto,,11,2020
849,63,50,9,2020-12-15,4265.19,Paga,0,Sem Cobrança,2020-12-16,4265.19,Alto,,12,2020
850,63,50,10,2021-01-14,4265.19,Paga,0,Sem Cobrança,2021-01-14,4265.19,Alto,,1,2021
851,63,50,11,2021-02-13,4265.19,Paga,0,Sem Cobrança,2021-02-13,4265.19,Alto,,2,2021
852,63,50,12,2021-03-15,4265.19,Paga,0,Sem Cobrança,2021-03-15,4265.19,Alto,,3,2021
853,63,50,13,2021-04-14,4265.19,Paga,0,Sem Cobrança,2021-04-15,4265.19,Alto,,4,2021
854,63,50,14,2021-05-14,4265.19,Renegociada,66,Jurídico,2021-07-19,3241.94,Médio,Equipe B,5,2021
855,63,50,15,2021-06-13,4265.19,Paga,0,Sem Cobrança,2021-06-15,4265.19,Alto,,6,2021
856,63,50,16,2021-07-13,4265.19,Paga,0,Sem Cobrança,2021-07-15,4265.19,Alto,,7,2021
857,63,50,17,2021-08-12,4265.19,Paga,0,Sem Cobrança,2021-08-13,4265.19,Alto,,8,2021
858,63,50,18,2021-09-11,4265.19,Paga,0,Sem Cobrança,2021-09-13,4265.19,Alto,,9,2021
859,63,50,19,2021-10-11,4265.19,Vencida,30,Cartório,,0.0,Médio,Terceirizado Norte,10,2021
860,63,50,20,2021-11-10,4265.19,Paga,0,Sem Cobrança,2021-11-10,4265.19,Alto,,11,2021
861,63,50,21,2021-12-10,4265.19,Paga,0,Sem Cobrança,2021-12-11,4265.19,Alto,,12,2021
862,63,50,22,2022-01-09,4265.19,Paga,0,Sem Cobrança,2022-01-10,4265.19,Alto,,1,2022
863,63,50,23,2022-02-08,4265.19,Paga,0,Sem Cobrança,2022-02-09,4265.19,Alto,,2,2022
864,63,50,24,2022-03-10,4265.19,Paga,0,Sem Cobrança,2022-03-13,4265.19,Alto,,3,2022
865,64,51,1,2022-04-07,4104.71,Paga,0,Sem Cobrança,2022-04-07,4104.71,Alto,,4,2022
866,64,51,2,2022-05-07,4104.71,Paga,0,Sem Cobrança,2022-05-08,4104.71,Alto,,5,2022
867,64,51,3,2022-06-06,4104.71,Paga,0,Sem Cobrança,2022-06-09,4104.71,Alto,,6,2022
868,64,51,4,2022-07-06,4104.71,Paga,0,Sem Cobrança,2022-07-09,4104.71,Alto,,7,2022
869,64,51,5,2022-08-05,4104.71,Paga,0,Sem Cobrança,2022-08-05,4104.71,Alto,,8,2022
870,64,51,6,2022-09-04,4104.71,Paga,0,Sem Cobrança,2022-09-05,4104.71,Alto,,9,2022
871,64,51,7,2022-10-04,4104.71,Paga,0,Sem Cobrança,2022-10-04,4104.71,Alto,,10,2022
872,64,51,8,2022-11-03,4104.71,Paga,0,Sem Cobrança,2022-11-05,4104.71,Alto,,11,2022
873,64,51,9,2022-12-03,4104.71,Paga,0,Sem Cobrança,2022-12-06,4104.71,Alto,,12,2022
874,64,51,10,2023-01-02,4104.71,Paga,0,Sem Cobrança,2023-01-05,4104.71,Alto,,1,2023
875,64,51,11,2023-02-01,4104.71,Paga,0,Sem Cobrança,2023-02-03,4104.71,Alto,,2,2023
876,64,51,12,2023-03-03,4104.71,Paga,0,Sem Cobrança,2023-03-03,4104.71,Alto,,3,2023
877,64,51,13,2023-04-02,4104.71,Paga,0,Sem Cobrança,2023-04-02,4104.71,Alto,,4,2023
878,64,51,14,2023-05-02,4104.71,Paga,0,Sem Cobrança,2023-05-03,4104.71,Alto,,5,2023
879,64,51,15,2023-06-01,4104.71,Paga,0,Sem Cobrança,2023-06-03,4104.71,Alto,,6,2023
880,64,51,16,2023-07-01,4104.71,Paga,0,Sem Cobrança,2023-07-04,4104.71,Alto,,7,2023
881,64,51,17,2023-07-31,4104.71,Paga,0,Sem Cobrança,2023-08-01,4104.71,Alto,,7,2023
882,64,51,18,2023-08-30,4104.71,Paga,0,Sem Cobrança,2023-08-30,4104.71,Alto,,8,2023
883,64,51,19,2023-09-29,4104.71,Paga,0,Sem Cobrança,2023-09-30,4104.71,Alto,,9,2023
884,64,51,20,2023-10-29,4104.71,Paga,0,Sem Cobrança,2023-10-31,4104.71,Alto,,10,2023
885,65,51,1,2022-07-05,2606.18,Paga,0,Sem Cobrança,2022-07-07,2606.18,Alto,,7,2022
886,65,51,2,2022-08-04,2606.18,Paga,0,Sem Cobrança,2022-08-04,2606.18,Alto,,8,2022
887,65,51,3,2022-09-03,2606.18,Paga,0,Sem Cobrança,2022-09-04,2606.18,Alto,,9,2022
888,65,51,4,2022-10-03,2606.18,Paga,0,Email,2022-10-12,1970.29,Alto,Equipe A,10,2022
889,65,51,5,2022-11-02,2606.18,Paga,0,Sem Cobrança,2022-11-05,2606.18,Alto,,11,2022
890,65,51,6,2022-12-02,2606.18,Paga,0,Sem Cobrança,2022-12-03,2606.18,Alto,,12,2022
891,65,51,7,2023-01-01,2606.18,Paga,0,Sem Cobrança,2023-01-01,2606.18,Alto,,1,2023
892,65,51,8,2023-01-31,2606.18,Paga,0,Sem Cobrança,2023-02-02,2606.18,Alto,,1,2023
893,65,51,9,2023-03-02,2606.18,Paga,0,Sem Cobrança,2023-03-03,2606.18,Alto,,3,2023
894,65,51,10,2023-04-01,2606.18,Paga,0,Sem Cobrança,2023-04-04,2606.18,Alto,,4,2023
895,65,51,11,2023-05-01,2606.18,Paga,0,Sem Cobrança,2023-05-01,2606.18,Alto,,5,2023
896,65,51,12,2023-05-31,2606.18,Paga,0,Sem Cobrança,2023-06-03,2606.18,Alto,,5,2023
897,65,51,13,2023-06-30,2606.18,Paga,0,Sem Cobrança,2023-06-30,2606.18,Alto,,6,2023
898,65,51,14,2023-07-30,2606.18,Paga,0,Sem Cobrança,2023-07-31,2606.18,Alto,,7,2023
899,65,51,15,2023-08-29,2606.18,Paga,0,Sem Cobrança,2023-08-30,2606.18,Alto,,8,2023
900,65,51,16,2023-09-28,2606.18,Paga,0,Sem Cobrança,2023-10-01,2606.18,Alto,,9,2023
901,65,51,17,2023-10-28,2606.18,Paga,0,Sem Cobrança,2023-10-30,2606.18,Alto,,10,2023
902,65,51,18,2023-11-27,2606.18,Paga,0,Sem Cobrança,2023-11-30,2606.18,Alto,,11,2023
903,65,51,19,2023-12-27,2606.18,Paga,0,Sem Cobrança,2023-12-27,2606.18,Alto,,12,2023
904,65,51,20,2024-01-26,2606.18,Paga,0,Sem Cobrança,2024-01-29,2606.18,Alto,,1,2024
905,65,51,21,2024-02-25,2606.18,Vencida,22,Ligação,,0.0,Alto,Terceirizado Sul,2,2024
906,65,51,22,2024-03-26,2606.18,Paga,0,Sem Cobrança,2024-03-29,2606.18,Alto,,3,2024
907,65,51,23,2024-04-25,2606.18,Paga,0,Sem Cobrança,2024-04-25,2606.18,Alto,,4,2024
908,65,51,24,2024-05-25,2606.18,Paga,0,Sem Cobrança,2024-05-27,2606.18,Alto,,5,2024
909,66,52,1,2024-05-27,9337.1,Paga,0,Sem Cobrança,2024-05-29,9337.1,Alto,,5,2024
910,66,52,2,2024-06-26,9337.1,Paga,0,Sem Cobrança,2024-06-27,9337.1,Alto,,6,2024
911,66,52,3,2024-07-26,9337.1,Paga,0,Sem Cobrança,2024-07-27,9337.1,Alto,,7,2024
912,66,52,4,2024-08-25,9337.1,Paga,0,Sem Cobrança,2024-08-28,9337.1,Alto,,8,2024
913,66,52,5,2024-09-24,9337.1,Paga,0,Sem Cobrança,2024-09-25,9337.1,Alto,,9,2024
914,66,52,6,2024-10-24,9337.1,Paga,0,Sem Cobrança,2024-10-24,9337.1,Alto,,10,2024
915,66,52,7,2024-11-23,9337.1,Paga,0,Sem Cobrança,2024-11-23,9337.1,Alto,,11,2024
916,66,52,8,2024-12-23,9337.1,Paga,0,Sem Cobrança,2024-12-24,9337.1,Alto,,12,2024
917,66,52,9,2025-01-22,9337.1,Paga,0,Sem Cobrança,2025-01-24,9337.1,Alto,,1,2025
918,66,52,10,2025-02-21,9337.1,Paga,0,Sem Cobrança,2025-02-21,9337.1,Alto,,2,2025
919,66,52,11,2025-03-23,9337.1,Paga,0,Sem Cobrança,2025-03-24,9337.1,Alto,,3,2025
920,66,52,12,2025-04-22,9337.1,Paga,0,Sem Cobrança,2025-04-25,9337.1,Alto,,4,2025
921,66,52,13,2025-05-22,9337.1,Paga,0,Sem Cobrança,2025-05-22,9337.1,Alto,,5,2025
922,66,52,14,2025-06-21,9337.1,Paga,0,Sem Cobrança,2025-06-21,9337.1,Alto,,6,2025
923,66,52,15,2025-07-21,9337.1,Paga,0,Sem Cobrança,2025-07-23,9337.1,Alto,,7,2025
924,66,52,16,2025-08-20,9337.1,Paga,0,Sem Cobrança,2025-08-21,9337.1,Alto,,8,2025
925,66,52,17,2025-09-19,9337.1,Paga,0,Sem Cobrança,2025-09-19,9337.1,Alto,,9,2025
926,66,52,18,2025-10-19,9337.1,Paga,0,Sem Cobrança,2025-10-19,9337.1,Alto,,10,2025
927,66,52,19,2025-11-18,9337.1,Paga,0,Sem Cobrança,2025-11-21,9337.1,Alto,,11,2025
928,66,52,20,2025-12-18,9337.1,Paga,0,Sem Cobrança,2025-12-21,9337.1,Alto,,12,2025
929,67,53,1,2022-09-07,2953.49,Paga,0,Sem Cobrança,2022-09-07,2953.49,Alto,,9,2022
930,67,53,2,2022-10-07,2953.49,Paga,0,Sem Cobrança,2022-10-08,2953.49,Alto,,10,2022
931,67,53,3,2022-11-06,2953.49,Paga,0,Sem Cobrança,2022-11-09,2953.49,Alto,,11,2022
932,67,53,4,2022-12-06,2953.49,Paga,0,Sem Cobrança,2022-12-06,2953.49,Alto,,12,2022
933,67,53,5,2023-01-05,2953.49,Vencida,10,Email,,0.0,Médio,Terceirizado Norte,1,2023
934,67,53,6,2023-02-04,2953.49,Pendente,4,SMS,,0.0,Médio,Equipe B,2,2023
935,67,53,7,2023-03-06,2953.49,Paga,0,Sem Cobrança,2023-03-06,2953.49,Alto,,3,2023
936,67,53,8,2023-04-05,2953.49,Paga,0,Sem Cobrança,2023-04-05,2953.49,Alto,,4,2023
937,67,53,9,2023-05-05,2953.49,Paga,0,Sem Cobrança,2023-05-08,2953.49,Alto,,5,2023
938,67,53,10,2023-06-04,2953.49,Paga,0,Sem Cobrança,2023-06-04,2953.49,Alto,,6,2023
939,67,53,11,2023-07-04,2953.49,Paga,0,Sem Cobrança,2023-07-05,2953.49,Alto,,7,2023
940,67,53,12,2023-08-03,2953.49,Paga,0,Sem Cobrança,2023-08-04,2953.49,Alto,,8,2023
941,68,54,1,2022-04-16,1730.41,Paga,0,Sem Cobrança,2022-04-17,1730.41,Alto,,4,2022
942,68,54,2,2022-05-16,1730.41,Paga,0,Sem Cobrança,2022-05-16,1730.41,Alto,,5,2022
943,68,54,3,2022-06-15,1730.41,Paga,0,Sem Cobrança,2022-06-15,1730.41,Alto,,6,2022
944,68,54,4,2022-07-15,1730.41,Paga,0,Sem Cobrança,2022-07-17,1730.41,Alto,,7,2022
945,68,54,5,2022-08-14,1730.41,Paga,0,Sem Cobrança,2022-08-14,1730.41,Alto,,8,2022
946,68,54,6,2022-09-13,1730.41,Renegociada,24,Ligação,2022-10-07,1340.91,Médio,Equipe B,9,2022
947,68,54,7,2022-10-13,1730.41,Renegociada,103,Jurídico,2023-01-24,1218.85,Baixo,Equipe B,10,2022
948,68,54,8,2022-11-12,1730.41,Paga,0,Sem Cobrança,2022-11-12,1730.41,Alto,,11,2022
949,68,54,9,2022-12-12,1730.41,Paga,0,Sem Cobrança,2022-12-12,1730.41,Alto,,12,2022
950,68,54,10,2023-01-11,1730.41,Paga,0,Sem Cobrança,2023-01-12,1730.41,Alto,,1,2023
951,68,54,11,2023-02-10,1730.41,Paga,0,Sem Cobrança,2023-02-10,1730.41,Alto,,2,2023
952,68,54,12,2023-03-12,1730.41,Paga,0,Sem Cobrança,2023-03-12,1730.41,Alto,,3,2023
953,70,56,1,2025-04-27,1691.75,Paga,0,Sem Cobrança,2025-04-28,1691.75,Alto,,4,2025
954,70,56,2,2025-05-27,1691.75,Paga,0,Sem Cobrança,2025-05-30,1691.75,Alto,,5,2025
955,70,56,3,2025-06-26,1691.75,Paga,0,Sem Cobrança,2025-06-26,1691.75,Alto,,6,2025
956,70,56,4,2025-07-26,1691.75,Paga,0,Sem Cobrança,2025-07-26,1691.75,Alto,,7,2025
957,70,56,5,2025-08-25,1691.75,Paga,0,Sem Cobrança,2025-08-26,1691.75,Alto,,8,2025
958,70,56,6,2025-09-24,1691.75,Paga,0,Email,2025-10-04,1292.21,Alto,Equipe B,9,2025
959,70,56,7,2025-10-24,1691.75,Vencida,5,Email,,0.0,Alto,Equipe C,10,2025
960,70,56,8,2025-11-23,1691.75,Paga,0,SMS,2025-11-26,1573.77,Alto,Terceirizado Norte,11,2025
961,70,56,9,2025-12-23,1691.75,Paga,0,Sem Cobrança,2025-12-23,1691.75,Alto,,12,2025
962,70,56,10,2026-01-22,1691.75,Paga,0,Sem Cobrança,2026-01-23,1691.75,Alto,,1,2026
963,70,56,11,2026-02-21,1691.75,Paga,0,Sem Cobrança,2026-02-21,1691.75,Alto,,2,2026
964,70,56,12,2026-03-23,1691.75,Paga,0,Sem Cobrança,2026-03-26,1691.75,Alto,,3,2026
965,70,56,13,2026-04-22,1691.75,Paga,0,Sem Cobrança,2026-04-23,1691.75,Alto,,4,2026
966,70,56,14,2026-05-22,1691.75,Paga,0,Sem Cobrança,2026-05-24,1691.75,Alto,,5,2026
967,70,56,15,2026-06-21,1691.75,Paga,0,Sem Cobrança,2026-06-24,1691.75,Alto,,6,2026
968,70,56,16,2026-07-21,1691.75,Vencida,100,Jurídico,,0.0,Baixo,Terceirizado Norte,7,2026
969,71,56,1,2024-12-30,4554.39,Paga,0,Sem Cobrança,2024-12-31,4554.39,Alto,,12,2024
970,71,56,2,2025-01-29,4554.39,Paga,0,Sem Cobrança,2025-01-29,4554.39,Alto,,1,2025
971,71,56,3,2025-02-28,4554.39,Vencida,12,Email,,0.0,Alto,Equipe C,2,2025
972,71,56,4,2025-03-30,4554.39,Paga,0,Ligação,2025-04-20,3296.54,Alto,Equipe B,3,2025
973,71,56,5,2025-04-29,4554.39,Paga,0,Cartório,2025-05-29,3467.33,Alto,Equipe A,4,2025
974,71,56,6,2025-05-29,4554.39,Vencida,8,Email,,0.0,Alto,Terceirizado Norte,5,2025
975,71,56,7,2025-06-28,4554.39,Paga,0,Sem Cobrança,2025-06-30,4554.39,Alto,,6,2025
976,71,56,8,2025-07-28,4554.39,Vencida,28,Ligação,,0.0,Alto,Equipe A,7,2025
977,71,56,9,2025-08-27,4554.39,Paga,0,Sem Cobrança,2025-08-30,4554.39,Alto,,8,2025
978,71,56,10,2025-09-26,4554.39,Paga,0,Sem Cobrança,2025-09-28,4554.39,Alto,,9,2025
979,71,56,11,2025-10-26,4554.39,Paga,0,Sem Cobrança,2025-10-27,4554.39,Alto,,10,2025
980,71,56,12,2025-11-25,4554.39,Paga,0,Sem Cobrança,2025-11-27,4554.39,Alto,,11,2025
981,71,56,13,2025-12-25,4554.39,Paga,0,Cartório,2026-02-02,4441.91,Alto,Equipe B,12,2025
982,71,56,14,2026-01-24,4554.39,Paga,0,Sem Cobrança,2026-01-25,4554.39,Alto,,1,2026
983,71,56,15,2026-02-23,4554.39,Paga,0,Sem Cobrança,2026-02-26,4554.39,Alto,,2,2026
984,71,56,16,2026-03-25,4554.39,Paga,0,Sem Cobrança,2026-03-26,4554.39,Alto,,3,2026
985,71,56,17,2026-04-24,4554.39,Paga,0,Sem Cobrança,2026-04-24,4554.39,Alto,,4,2026
986,71,56,18,2026-05-24,4554.39,Vencida,17,Ligação,,0.0,Alto,Equipe A,5,2026
987,72,57,1,2019-08-16,5363.27,Paga,0,Sem Cobrança,2019-08-17,5363.27,Alto,,8,2019
988,72,57,2,2019-09-15,5363.27,Vencida,13,Email,,0.0,Médio,Equipe B,9,2019
989,72,57,3,2019-10-15,5363.27,Paga,0,Sem Cobrança,2019-10-15,5363.27,Alto,,10,2019
990,72,57,4,2019-11-14,5363.27,Paga,0,Sem Cobrança,2019-11-17,5363.27,Alto,,11,2019
991,72,57,5,2019-12-14,5363.27,Paga,0,Sem Cobrança,2019-12-15,5363.27,Alto,,12,2019
992,72,57,6,2020-01-13,5363.27,Paga,0,Sem Cobrança,2020-01-14,5363.27,Alto,,1,2020
993,72,57,7,2020-02-12,5363.27,Paga,0,Sem Cobrança,2020-02-14,5363.27,Alto,,2,2020
994,72,57,8,2020-03-13,5363.27,Paga,0,Sem Cobrança,2020-03-16,5363.27,Alto,,3,2020
995,72,57,9,2020-04-12,5363.27,Paga,0,Sem Cobrança,2020-04-13,5363.27,Alto,,4,2020
996,72,57,10,2020-05-12,5363.27,Paga,0,Sem Cobrança,2020-05-15,5363.27,Alto,,5,2020
997,73,58,1,2022-07-31,2661.0,Paga,0,Sem Cobrança,2022-08-02,2661.0,Alto,,7,2022
998,73,58,2,2022-08-30,2661.0,Paga,0,Sem Cobrança,2022-08-31,2661.0,Alto,,8,2022
999,73,58,3,2022-09-29,2661.0,Paga,0,Sem Cobrança,2022-10-02,2661.0,Alto,,9,2022
1000,73,58,4,2022-10-29,2661.0,Paga,0,Sem Cobrança,2022-11-01,2661.0,Alto,,10,2022
1001,73,58,5,2022-11-28,2661.0,Paga,0,Sem Cobrança,2022-12-01,2661.0,Alto,,11,2022
1002,73,58,6,2022-12-28,2661.0,Vencida,24,Ligação,,0.0,Médio,Equipe C,12,2022
1003,73,58,7,2023-01-27,2661.0,Paga,0,Sem Cobrança,2023-01-28,2661.0,Alto,,1,2023
1004,73,58,8,2023-02-26,2661.0,Paga,0,Sem Cobrança,2023-02-27,2661.0,Alto,,2,2023
1005,74,59,1,2023-04-19,1287.1,Paga,0,Sem Cobrança,2023-04-21,1287.1,Alto,,4,2023
1006,74,59,2,2023-05-19,1287.1,Paga,0,Sem Cobrança,2023-05-22,1287.1,Alto,,5,2023
1007,74,59,3,2023-06-18,1287.1,Paga,0,Sem Cobrança,2023-06-21,1287.1,Alto,,6,2023
1008,74,59,4,2023-07-18,1287.1,Vencida,49,Cartório,,0.0,Médio,Equipe B,7,2023
1009,74,59,5,2023-08-17,1287.1,Paga,0,Sem Cobrança,2023-08-17,1287.1,Alto,,8,2023
1010,74,59,6,2023-09-16,1287.1,Vencida,17,Ligação,,0.0,Médio,Terceirizado Norte,9,2023
1011,74,59,7,2023-10-16,1287.1,Paga,0,Sem Cobrança,2023-10-19,1287.1,Alto,,10,2023
1012,74,59,8,2023-11-15,1287.1,Paga,0,Sem Cobrança,2023-11-17,1287.1,Alto,,11,2023
1013,74,59,9,2023-12-15,1287.1,Paga,0,Sem Cobrança,2023-12-17,1287.1,Alto,,12,2023
1014,74,59,10,2024-01-14,1287.1,Paga,0,Sem Cobrança,2024-01-14,1287.1,Alto,,1,2024
1015,74,59,11,2024-02-13,1287.1,Paga,0,Sem Cobrança,2024-02-13,1287.1,Alto,,2,2024
1016,74,59,12,2024-03-14,1287.1,Paga,0,Sem Cobrança,2024-03-14,1287.1,Alto,,3,2024
1017,74,59,13,2024-04-13,1287.1,Paga,0,Sem Cobrança,2024-04-14,1287.1,Alto,,4,2024
1018,74,59,14,2024-05-13,1287.1,Paga,0,Sem Cobrança,2024-05-16,1287.1,Alto,,5,2024
1019,75,59,1,2023-01-03,1613.49,Paga,0,Sem Cobrança,2023-01-05,1613.49,Alto,,1,2023
1020,75,59,2,2023-02-02,1613.49,Paga,0,Sem Cobrança,2023-02-05,1613.49,Alto,,2,2023
1021,75,59,3,2023-03-04,1613.49,Paga,0,Sem Cobrança,2023-03-06,1613.49,Alto,,3,2023
1022,75,59,4,2023-04-03,1613.49,Paga,0,Sem Cobrança,2023-04-06,1613.49,Alto,,4,2023
1023,75,59,5,2023-05-03,1613.49,Paga,0,Sem Cobrança,2023-05-04,1613.49,Alto,,5,2023
1024,75,59,6,2023-06-02,1613.49,Paga,0,Sem Cobrança,2023-06-02,1613.49,Alto,,6,2023
1025,75,59,7,2023-07-02,1613.49,Paga,0,Sem Cobrança,2023-07-04,1613.49,Alto,,7,2023
1026,75,59,8,2023-08-01,1613.49,Paga,0,Sem Cobrança,2023-08-01,1613.49,Alto,,8,2023
1027,75,59,9,2023-08-31,1613.49,Paga,0,Sem Cobrança,2023-09-01,1613.49,Alto,,8,2023
1028,75,59,10,2023-09-30,1613.49,Paga,0,Sem Cobrança,2023-10-03,1613.49,Alto,,9,2023
1029,75,59,11,2023-10-30,1613.49,Paga,0,Sem Cobrança,2023-10-31,1613.49,Alto,,10,2023
1030,75,59,12,2023-11-29,1613.49,Paga,0,Sem Cobrança,2023-11-30,1613.49,Alto,,11,2023
1031,75,59,13,2023-12-29,1613.49,Vencida,6,Email,,0.0,Médio,Terceirizado Norte,12,2023
1032,75,59,14,2024-01-28,1613.49,Paga,0,Sem Cobrança,2024-01-28,1613.49,Alto,,1,2024
1033,76,60,1,2024-07-13,2679.69,Paga,0,Sem Cobrança,2024-07-16,2679.69,Alto,,7,2024
1034,76,60,2,2024-08-12,2679.69,Vencida,21,Ligação,,0.0,Médio,Terceirizado Sul,8,2024
1035,76,60,3,2024-09-11,2679.69,Paga,0,Sem Cobrança,2024-09-14,2679.69,Alto,,9,2024
1036,76,60,4,2024-10-11,2679.69,Paga,0,Sem Cobrança,2024-10-14,2679.69,Alto,,10,2024
1037,76,60,5,2024-11-10,2679.69,Paga,0,Sem Cobrança,2024-11-10,2679.69,Alto,,11,2024
1038,76,60,6,2024-12-10,2679.69,Vencida,13,Email,,0.0,Médio,Equipe B,12,2024
1039,76,60,7,2025-01-09,2679.69,Paga,0,Sem Cobrança,2025-01-10,2679.69,Alto,,1,2025
1040,76,60,8,2025-02-08,2679.69,Paga,0,Sem Cobrança,2025-02-11,2679.69,Alto,,2,2025
1041,76,60,9,2025-03-10,2679.69,Paga,0,Sem Cobrança,2025-03-10,2679.69,Alto,,3,2025
1042,76,60,10,2025-04-09,2679.69,Paga,0,Sem Cobrança,2025-04-12,2679.69,Alto,,4,2025
1043,76,60,11,2025-05-09,2679.69,Vencida,66,Jurídico,,0.0,Médio,Terceirizado Sul,5,2025
1044,76,60,12,2025-06-08,2679.69,Paga,0,Sem Cobrança,2025-06-10,2679.69,Alto,,6,2025
1045,76,60,13,2025-07-08,2679.69,Paga,0,Sem Cobrança,2025-07-09,2679.69,Alto,,7,2025
1046,76,60,14,2025-08-07,2679.69,Renegociada,41,Cartório,2025-09-17,2266.86,Médio,Terceirizado Sul,8,2025
1047,76,60,15,2025-09-06,2679.69,Paga,0,Sem Cobrança,2025-09-09,2679.69,Alto,,9,2025
1048,76,60,16,2025-10-06,2679.69,Paga,0,Sem Cobrança,2025-10-07,2679.69,Alto,,10,2025
1049,76,60,17,2025-11-05,2679.69,Renegociada,70,Jurídico,2026-01-14,2486.08,Médio,Equipe C,11,2025
1050,76,60,18,2025-12-05,2679.69,Paga,0,Sem Cobrança,2025-12-08,2679.69,Alto,,12,2025
1051,76,60,19,2026-01-04,2679.69,Paga,0,Sem Cobrança,2026-01-04,2679.69,Alto,,1,2026
1052,76,60,20,2026-02-03,2679.69,Paga,0,Sem Cobrança,2026-02-04,2679.69,Alto,,2,2026
1053,76,60,21,2026-03-05,2679.69,Renegociada,61,Jurídico,2026-05-05,1927.44,Médio,Equipe A,3,2026
1054,76,60,22,2026-04-04,2679.69,Paga,0,Sem Cobrança,2026-04-07,2679.69,Alto,,4,2026
1055,77,61,1,2021-02-15,4060.56,Paga,0,Sem Cobrança,2021-02-15,4060.56,Alto,,2,2021
1056,77,61,2,2021-03-17,4060.56,Vencida,33,Cartório,,0.0,Médio,Terceirizado Sul,3,2021
1057,77,61,3,2021-04-16,4060.56,Paga,0,Sem Cobrança,2021-04-16,4060.56,Alto,,4,2021
1058,77,61,4,2021-05-16,4060.56,Renegociada,16,Ligação,2021-06-01,3576.93,Médio,Equipe C,5,2021
1059,77,61,5,2021-06-15,4060.56,Paga,0,Sem Cobrança,2021-06-18,4060.56,Alto,,6,2021
1060,77,61,6,2021-07-15,4060.56,Paga,0,Sem Cobrança,2021-07-18,4060.56,Alto,,7,2021
1061,77,61,7,2021-08-14,4060.56,Paga,0,Sem Cobrança,2021-08-16,4060.56,Alto,,8,2021
1062,77,61,8,2021-09-13,4060.56,Paga,0,Sem Cobrança,2021-09-14,4060.56,Alto,,9,2021
1063,77,61,9,2021-10-13,4060.56,Paga,0,Sem Cobrança,2021-10-16,4060.56,Alto,,10,2021
1064,77,61,10,2021-11-12,4060.56,Paga,0,Sem Cobrança,2021-11-12,4060.56,Alto,,11,2021
1065,77,61,11,2021-12-12,4060.56,Paga,0,Sem Cobrança,2021-12-14,4060.56,Alto,,12,2021
1066,77,61,12,2022-01-11,4060.56,Paga,0,Sem Cobrança,2022-01-11,4060.56,Alto,,1,2022
1067,77,61,13,2022-02-10,4060.56,Paga,0,Sem Cobrança,2022-02-13,4060.56,Alto,,2,2022
1068,77,61,14,2022-03-12,4060.56,Paga,0,Sem Cobrança,2022-03-13,4060.56,Alto,,3,2022
1069,77,61,15,2022-04-11,4060.56,Vencida,52,Cartório,,0.0,Médio,Equipe B,4,2022
1070,77,61,16,2022-05-11,4060.56,Paga,0,Sem Cobrança,2022-05-14,4060.56,Alto,,5,2022
1071,77,61,17,2022-06-10,4060.56,Paga,0,Sem Cobrança,2022-06-11,4060.56,Alto,,6,2022
1072,77,61,18,2022-07-10,4060.56,Vencida,11,Email,,0.0,Médio,Equipe C,7,2022
1073,77,61,19,2022-08-09,4060.56,Renegociada,25,Ligação,2022-09-03,3826.13,Médio,Equipe C,8,2022
1074,77,61,20,2022-09-08,4060.56,Paga,0,Sem Cobrança,2022-09-09,4060.56,Alto,,9,2022
1075,77,61,21,2022-10-08,4060.56,Paga,0,Sem Cobrança,2022-10-11,4060.56,Alto,,10,2022
1076,78,62,1,2022-01-05,1265.1,Paga,0,Sem Cobrança,2022-01-08,1265.1,Alto,,1,2022
1077,78,62,2,2022-02-04,1265.1,Paga,0,Sem Cobrança,2022-02-04,1265.1,Alto,,2,2022
1078,78,62,3,2022-03-06,1265.1,Paga,0,Sem Cobrança,2022-03-08,1265.1,Alto,,3,2022
1079,78,62,4,2022-04-05,1265.1,Paga,0,Sem Cobrança,2022-04-06,1265.1,Alto,,4,2022
1080,78,62,5,2022-05-05,1265.1,Paga,0,Sem Cobrança,2022-05-05,1265.1,Alto,,5,2022
1081,78,62,6,2022-06-04,1265.1,Vencida,5,Email,,0.0,Médio,Terceirizado Sul,6,2022
1082,78,62,7,2022-07-04,1265.1,Paga,0,Sem Cobrança,2022-07-07,1265.1,Alto,,7,2022
1083,78,62,8,2022-08-03,1265.1,Renegociada,20,Ligação,2022-08-23,1137.06,Médio,Equipe B,8,2022
1084,79,62,1,2021-11-27,1428.21,Vencida,7,Email,,0.0,Médio,Equipe A,11,2021
1085,79,62,2,2021-12-27,1428.21,Renegociada,1,SMS,2021-12-28,1397.79,Médio,Equipe C,12,2021
1086,79,62,3,2022-01-26,1428.21,Paga,0,Sem Cobrança,2022-01-28,1428.21,Alto,,1,2022
1087,79,62,4,2022-02-25,1428.21,Vencida,33,Cartório,,0.0,Médio,Equipe A,2,2022
1088,79,62,5,2022-03-27,1428.21,Paga,0,Sem Cobrança,2022-03-30,1428.21,Alto,,3,2022
1089,79,62,6,2022-04-26,1428.21,Vencida,9,Email,,0.0,Médio,Terceirizado Sul,4,2022
1090,79,62,7,2022-05-26,1428.21,Paga,0,Sem Cobrança,2022-05-26,1428.21,Alto,,5,2022
1091,79,62,8,2022-06-25,1428.21,Paga,0,Sem Cobrança,2022-06-28,1428.21,Alto,,6,2022
1092,79,62,9,2022-07-25,1428.21,Paga,0,Sem Cobrança,2022-07-28,1428.21,Alto,,7,2022
1093,79,62,10,2022-08-24,1428.21,Paga,0,Sem Cobrança,2022-08-27,1428.21,Alto,,8,2022
1094,79,62,11,2022-09-23,1428.21,Paga,0,Sem Cobrança,2022-09-24,1428.21,Alto,,9,2022
1095,79,62,12,2022-10-23,1428.21,Renegociada,30,Cartório,2022-11-22,1145.53,Médio,Terceirizado Sul,10,2022
1096,79,62,13,2022-11-22,1428.21,Paga,0,Sem Cobrança,2022-11-22,1428.21,Alto,,11,2022
1097,81,63,1,2022-03-15,3529.68,Paga,0,Sem Cobrança,2022-03-17,3529.68,Alto,,3,2022
1098,81,63,2,2022-04-14,3529.68,Paga,0,Sem Cobrança,2022-04-14,3529.68,Alto,,4,2022
1099,81,63,3,2022-05-14,3529.68,Paga,0,Sem Cobrança,2022-05-15,3529.68,Alto,,5,2022
1100,81,63,4,2022-06-13,3529.68,Paga,0,Sem Cobrança,2022-06-16,3529.68,Alto,,6,2022
1101,81,63,5,2022-07-13,3529.68,Paga,0,Sem Cobrança,2022-07-15,3529.68,Alto,,7,2022
1102,81,63,6,2022-08-12,3529.68,Paga,0,Sem Cobrança,2022-08-13,3529.68,Alto,,8,2022
1103,81,63,7,2022-09-11,3529.68,Paga,0,Sem Cobrança,2022-09-12,3529.68,Alto,,9,2022
1104,81,63,8,2022-10-11,3529.68,Paga,0,Sem Cobrança,2022-10-11,3529.68,Alto,,10,2022
1105,81,63,9,2022-11-10,3529.68,Paga,0,Sem Cobrança,2022-11-13,3529.68,Alto,,11,2022
1106,81,63,10,2022-12-10,3529.68,Paga,0,Sem Cobrança,2022-12-12,3529.68,Alto,,12,2022
1107,81,63,11,2023-01-09,3529.68,Paga,0,Sem Cobrança,2023-01-12,3529.68,Alto,,1,2023
1108,81,63,12,2023-02-08,3529.68,Paga,0,Sem Cobrança,2023-02-09,3529.68,Alto,,2,2023
1109,81,63,13,2023-03-10,3529.68,Paga,0,Sem Cobrança,2023-03-11,3529.68,Alto,,3,2023
1110,81,63,14,2023-04-09,3529.68,Paga,0,Sem Cobrança,2023-04-09,3529.68,Alto,,4,2023
1111,81,63,15,2023-05-09,3529.68,Paga,0,Sem Cobrança,2023-05-11,3529.68,Alto,,5,2023
1112,81,63,16,2023-06-08,3529.68,Paga,0,Sem Cobrança,2023-06-08,3529.68,Alto,,6,2023
1113,81,63,17,2023-07-08,3529.68,Paga,0,Sem Cobrança,2023-07-11,3529.68,Alto,,7,2023
1114,81,63,18,2023-08-07,3529.68,Paga,0,Sem Cobrança,2023-08-08,3529.68,Alto,,8,2023
1115,81,63,19,2023-09-06,3529.68,Paga,0,Sem Cobrança,2023-09-09,3529.68,Alto,,9,2023
1116,81,63,20,2023-10-06,3529.68,Paga,0,Email,2023-10-11,3229.76,Alto,Equipe B,10,2023
1117,81,63,21,2023-11-05,3529.68,Paga,0,Sem Cobrança,2023-11-05,3529.68,Alto,,11,2023
1118,81,63,22,2023-12-05,3529.68,Paga,0,Sem Cobrança,2023-12-06,3529.68,Alto,,12,2023
1119,81,63,23,2024-01-04,3529.68,Paga,0,Sem Cobrança,2024-01-07,3529.68,Alto,,1,2024
1120,81,63,24,2024-02-03,3529.68,Paga,0,Sem Cobrança,2024-02-04,3529.68,Alto,,2,2024
1121,82,64,1,2020-09-14,8631.51,Paga,0,Sem Cobrança,2020-09-16,8631.51,Alto,,9,2020
1122,82,64,2,2020-10-14,8631.51,Paga,0,Sem Cobrança,2020-10-17,8631.51,Alto,,10,2020
1123,82,64,3,2020-11-13,8631.51,Paga,0,Sem Cobrança,2020-11-16,8631.51,Alto,,11,2020
1124,82,64,4,2020-12-13,8631.51,Paga,0,Sem Cobrança,2020-12-15,8631.51,Alto,,12,2020
1125,82,64,5,2021-01-12,8631.51,Paga,0,Sem Cobrança,2021-01-13,8631.51,Alto,,1,2021
1126,82,64,6,2021-02-11,8631.51,Paga,0,Sem Cobrança,2021-02-14,8631.51,Alto,,2,2021
1127,83,64,1,2020-10-21,6355.97,Vencida,7,Email,,0.0,Médio,Equipe A,10,2020
1128,83,64,2,2020-11-20,6355.97,Paga,0,Sem Cobrança,2020-11-22,6355.97,Alto,,11,2020
1129,83,64,3,2020-12-20,6355.97,Paga,0,Sem Cobrança,2020-12-21,6355.97,Alto,,12,2020
1130,83,64,4,2021-01-19,6355.97,Paga,0,Sem Cobrança,2021-01-22,6355.97,Alto,,1,2021
1131,83,64,5,2021-02-18,6355.97,Paga,0,Sem Cobrança,2021-02-20,6355.97,Alto,,2,2021
1132,83,64,6,2021-03-20,6355.97,Paga,0,Sem Cobrança,2021-03-21,6355.97,Alto,,3,2021
1133,83,64,7,2021-04-19,6355.97,Vencida,7,Email,,0.0,Médio,Equipe A,4,2021
1134,83,64,8,2021-05-19,6355.97,Paga,0,Sem Cobrança,2021-05-19,6355.97,Alto,,5,2021
1135,83,64,9,2021-06-18,6355.97,Paga,0,Sem Cobrança,2021-06-19,6355.97,Alto,,6,2021
1136,84,65,1,2024-01-31,5387.2,Paga,0,Sem Cobrança,2024-02-03,5387.2,Alto,,1,2024
1137,84,65,2,2024-03-01,5387.2,Paga,0,Sem Cobrança,2024-03-02,5387.2,Alto,,3,2024
1138,84,65,3,2024-03-31,5387.2,Paga,0,Sem Cobrança,2024-03-31,5387.2,Alto,,3,2024
1139,84,65,4,2024-04-30,5387.2,Paga,0,Sem Cobrança,2024-05-03,5387.2,Alto,,4,2024
1140,84,65,5,2024-05-30,5387.2,Vencida,73,Jurídico,,0.0,Médio,Equipe C,5,2024
1141,84,65,6,2024-06-29,5387.2,Paga,0,Sem Cobrança,2024-06-30,5387.2,Alto,,6,2024
1142,84,65,7,2024-07-29,5387.2,Paga,0,Sem Cobrança,2024-08-01,5387.2,Alto,,7,2024
1143,84,65,8,2024-08-28,5387.2,Vencida,53,Cartório,,0.0,Médio,Equipe C,8,2024
1144,84,65,9,2024-09-27,5387.2,Paga,0,Sem Cobrança,2024-09-28,5387.2,Alto,,9,2024
1145,84,65,10,2024-10-27,5387.2,Paga,0,Sem Cobrança,2024-10-30,5387.2,Alto,,10,2024
1146,84,65,11,2024-11-26,5387.2,Paga,0,Sem Cobrança,2024-11-26,5387.2,Alto,,11,2024
1147,84,65,12,2024-12-26,5387.2,Paga,0,Sem Cobrança,2024-12-29,5387.2,Alto,,12,2024
1148,84,65,13,2025-01-25,5387.2,Vencida,10,Email,,0.0,Médio,Equipe A,1,2025
1149,84,65,14,2025-02-24,5387.2,Vencida,52,Cartório,,0.0,Médio,Terceirizado Sul,2,2025
1150,84,65,15,2025-03-26,5387.2,Vencida,13,Email,,0.0,Médio,Terceirizado Norte,3,2025
1151,84,65,16,2025-04-25,5387.2,Vencida,7,Email,,0.0,Médio,Equipe B,4,2025
1152,84,65,17,2025-05-25,5387.2,Paga,0,Sem Cobrança,2025-05-28,5387.2,Alto,,5,2025
1153,84,65,18,2025-06-24,5387.2,Paga,0,Sem Cobrança,2025-06-25,5387.2,Alto,,6,2025
1154,85,66,1,2022-03-27,4284.41,Paga,0,Sem Cobrança,2022-03-28,4284.41,Alto,,3,2022
1155,85,66,2,2022-04-26,4284.41,Paga,0,Sem Cobrança,2022-04-26,4284.41,Alto,,4,2022
1156,85,66,3,2022-05-26,4284.41,Paga,0,Sem Cobrança,2022-05-29,4284.41,Alto,,5,2022
1157,85,66,4,2022-06-25,4284.41,Paga,0,SMS,2022-06-29,4051.54,Alto,Equipe A,6,2022
1158,85,66,5,2022-07-25,4284.41,Paga,0,Sem Cobrança,2022-07-26,4284.41,Alto,,7,2022
1159,85,66,6,2022-08-24,4284.41,Paga,0,Sem Cobrança,2022-08-24,4284.41,Alto,,8,2022
1160,85,66,7,2022-09-23,4284.41,Paga,0,Sem Cobrança,2022-09-24,4284.41,Alto,,9,2022
1161,85,66,8,2022-10-23,4284.41,Paga,0,Ligação,2022-11-12,3049.4,Alto,Terceirizado Sul,10,2022
1162,85,66,9,2022-11-22,4284.41,Paga,0,Sem Cobrança,2022-11-23,4284.41,Alto,,11,2022
1163,86,67,1,2021-11-03,2969.75,Paga,0,Sem Cobrança,2021-11-03,2969.75,Alto,,11,2021
1164,86,67,2,2021-12-03,2969.75,Paga,0,Sem Cobrança,2021-12-03,2969.75,Alto,,12,2021
1165,86,67,3,2022-01-02,2969.75,Paga,0,Sem Cobrança,2022-01-04,2969.75,Alto,,1,2022
1166,86,67,4,2022-02-01,2969.75,Paga,0,Sem Cobrança,2022-02-02,2969.75,Alto,,2,2022
1167,86,67,5,2022-03-03,2969.75,Paga,0,Sem Cobrança,2022-03-03,2969.75,Alto,,3,2022
1168,86,67,6,2022-04-02,2969.75,Paga,0,Sem Cobrança,2022-04-02,2969.75,Alto,,4,2022
1169,86,67,7,2022-05-02,2969.75,Paga,0,Sem Cobrança,2022-05-04,2969.75,Alto,,5,2022
1170,86,67,8,2022-06-01,2969.75,Paga,0,Sem Cobrança,2022-06-04,2969.75,Alto,,6,2022
1171,87,67,1,2021-03-05,3164.47,Paga,0,Sem Cobrança,2021-03-07,3164.47,Alto,,3,2021
1172,87,67,2,2021-04-04,3164.47,Paga,0,Sem Cobrança,2021-04-06,3164.47,Alto,,4,2021
1173,87,67,3,2021-05-04,3164.47,Paga,0,Sem Cobrança,2021-05-05,3164.47,Alto,,5,2021
1174,87,67,4,2021-06-03,3164.47,Paga,0,Sem Cobrança,2021-06-03,3164.47,Alto,,6,2021
1175,87,67,5,2021-07-03,3164.47,Paga,0,Sem Cobrança,2021-07-04,3164.47,Alto,,7,2021
1176,87,67,6,2021-08-02,3164.47,Paga,0,Sem Cobrança,2021-08-03,3164.47,Alto,,8,2021
1177,87,67,7,2021-09-01,3164.47,Paga,0,Sem Cobrança,2021-09-02,3164.47,Alto,,9,2021
1178,87,67,8,2021-10-01,3164.47,Paga,0,Sem Cobrança,2021-10-03,3164.47,Alto,,10,2021
1179,87,67,9,2021-10-31,3164.47,Paga,0,Sem Cobrança,2021-11-03,3164.47,Alto,,10,2021
1180,87,67,10,2021-11-30,3164.47,Vencida,34,Cartório,,0.0,Médio,Equipe B,11,2021
1181,88,68,1,2025-04-14,2456.16,Paga,0,Sem Cobrança,2025-04-16,2456.16,Alto,,4,2025
1182,88,68,2,2025-05-14,2456.16,Paga,0,Sem Cobrança,2025-05-15,2456.16,Alto,,5,2025
1183,88,68,3,2025-06-13,2456.16,Paga,0,Sem Cobrança,2025-06-13,2456.16,Alto,,6,2025
1184,88,68,4,2025-07-13,2456.16,Paga,0,Sem Cobrança,2025-07-15,2456.16,Alto,,7,2025
1185,88,68,5,2025-08-12,2456.16,Paga,0,Sem Cobrança,2025-08-13,2456.16,Alto,,8,2025
1186,88,68,6,2025-09-11,2456.16,Paga,0,Sem Cobrança,2025-09-12,2456.16,Alto,,9,2025
1187,88,68,7,2025-10-11,2456.16,Paga,0,Sem Cobrança,2025-10-12,2456.16,Alto,,10,2025
1188,88,68,8,2025-11-10,2456.16,Paga,0,Sem Cobrança,2025-11-13,2456.16,Alto,,11,2025
1189,88,68,9,2025-12-10,2456.16,Paga,0,Sem Cobrança,2025-12-11,2456.16,Alto,,12,2025
1190,88,68,10,2026-01-09,2456.16,Renegociada,52,Cartório,2026-03-02,2123.38,Médio,Equipe A,1,2026
1191,88,68,11,2026-02-08,2456.16,Paga,0,Sem Cobrança,2026-02-08,2456.16,Alto,,2,2026
1192,88,68,12,2026-03-10,2456.16,Paga,0,Sem Cobrança,2026-03-12,2456.16,Alto,,3,2026
1193,88,68,13,2026-04-09,2456.16,Paga,0,Sem Cobrança,2026-04-10,2456.16,Alto,,4,2026
1194,88,68,14,2026-05-09,2456.16,Paga,0,Sem Cobrança,2026-05-10,2456.16,Alto,,5,2026
1195,88,68,15,2026-06-08,2456.16,Paga,0,Sem Cobrança,2026-06-08,2456.16,Alto,,6,2026
1196,88,68,16,2026-07-08,2456.16,Paga,0,Sem Cobrança,2026-07-09,2456.16,Alto,,7,2026
1197,88,68,17,2026-08-07,2456.16,Paga,0,Sem Cobrança,2026-08-07,2456.16,Alto,,8,2026
1198,89,69,1,2024-07-21,2027.17,Paga,0,Email,2024-07-28,1918.52,Alto,Terceirizado Norte,7,2024
1199,89,69,2,2024-08-20,2027.17,Vencida,26,Ligação,,0.0,Alto,Equipe C,8,2024
1200,89,69,3,2024-09-19,2027.17,Paga,0,Sem Cobrança,2024-09-19,2027.17,Alto,,9,2024
1201,89,69,4,2024-10-19,2027.17,Paga,0,Sem Cobrança,2024-10-20,2027.17,Alto,,10,2024
1202,89,69,5,2024-11-18,2027.17,Paga,0,Email,2024-11-25,1909.24,Alto,Terceirizado Sul,11,2024
1203,89,69,6,2024-12-18,2027.17,Paga,0,Sem Cobrança,2024-12-21,2027.17,Alto,,12,2024
1204,89,69,7,2025-01-17,2027.17,Paga,0,Sem Cobrança,2025-01-18,2027.17,Alto,,1,2025
1205,89,69,8,2025-02-16,2027.17,Vencida,9,Email,,0.0,Alto,Equipe B,2,2025
1206,89,69,9,2025-03-18,2027.17,Paga,0,Email,2025-04-01,1977.57,Alto,Equipe C,3,2025
1207,90,69,1,2024-06-30,5378.05,Paga,0,Sem Cobrança,2024-07-03,5378.05,Alto,,6,2024
1208,90,69,2,2024-07-30,5378.05,Paga,0,Sem Cobrança,2024-07-31,5378.05,Alto,,7,2024
1209,90,69,3,2024-08-29,5378.05,Paga,0,Sem Cobrança,2024-08-31,5378.05,Alto,,8,2024
1210,90,69,4,2024-09-28,5378.05,Paga,0,Sem Cobrança,2024-09-30,5378.05,Alto,,9,2024
1211,90,69,5,2024-10-28,5378.05,Paga,0,Sem Cobrança,2024-10-31,5378.05,Alto,,10,2024
1212,90,69,6,2024-11-27,5378.05,Paga,0,Sem Cobrança,2024-11-28,5378.05,Alto,,11,2024
1213,90,69,7,2024-12-27,5378.05,Paga,0,Sem Cobrança,2024-12-27,5378.05,Alto,,12,2024
1214,90,69,8,2025-01-26,5378.05,Paga,0,Sem Cobrança,2025-01-29,5378.05,Alto,,1,2025
1215,90,69,9,2025-02-25,5378.05,Paga,0,Sem Cobrança,2025-02-25,5378.05,Alto,,2,2025
1216,90,69,10,2025-03-27,5378.05,Paga,0,Sem Cobrança,2025-03-27,5378.05,Alto,,3,2025
1217,90,69,11,2025-04-26,5378.05,Paga,0,Sem Cobrança,2025-04-26,5378.05,Alto,,4,2025
1218,90,69,12,2025-05-26,5378.05,Paga,0,Sem Cobrança,2025-05-26,5378.05,Alto,,5,2025
1219,90,69,13,2025-06-25,5378.05,Paga,0,Sem Cobrança,2025-06-27,5378.05,Alto,,6,2025
1220,91,69,1,2023-10-10,7956.07,Paga,0,Sem Cobrança,2023-10-10,7956.07,Alto,,10,2023
1221,91,69,2,2023-11-09,7956.07,Paga,0,Sem Cobrança,2023-11-12,7956.07,Alto,,11,2023
1222,91,69,3,2023-12-09,7956.07,Paga,0,Sem Cobrança,2023-12-10,7956.07,Alto,,12,2023
1223,91,69,4,2024-01-08,7956.07,Paga,0,Sem Cobrança,2024-01-08,7956.07,Alto,,1,2024
1224,91,69,5,2024-02-07,7956.07,Paga,0,Sem Cobrança,2024-02-08,7956.07,Alto,,2,2024
1225,91,69,6,2024-03-08,7956.07,Paga,0,Sem Cobrança,2024-03-08,7956.07,Alto,,3,2024
1226,91,69,7,2024-04-07,7956.07,Paga,0,Sem Cobrança,2024-04-09,7956.07,Alto,,4,2024
1227,91,69,8,2024-05-07,7956.07,Paga,0,Sem Cobrança,2024-05-07,7956.07,Alto,,5,2024
1228,91,69,9,2024-06-06,7956.07,Paga,0,Sem Cobrança,2024-06-07,7956.07,Alto,,6,2024
1229,91,69,10,2024-07-06,7956.07,Paga,0,Sem Cobrança,2024-07-07,7956.07,Alto,,7,2024
1230,91,69,11,2024-08-05,7956.07,Paga,0,Sem Cobrança,2024-08-07,7956.07,Alto,,8,2024
1231,91,69,12,2024-09-04,7956.07,Paga,0,Sem Cobrança,2024-09-06,7956.07,Alto,,9,2024
1232,91,69,13,2024-10-04,7956.07,Paga,0,Sem Cobrança,2024-10-07,7956.07,Alto,,10,2024
1233,91,69,14,2024-11-03,7956.07,Paga,0,Sem Cobrança,2024-11-04,7956.07,Alto,,11,2024
1234,91,69,15,2024-12-03,7956.07,Paga,0,Sem Cobrança,2024-12-03,7956.07,Alto,,12,2024
1235,91,69,16,2025-01-02,7956.07,Paga,0,Sem Cobrança,2025-01-03,7956.07,Alto,,1,2025
1236,91,69,17,2025-02-01,7956.07,Paga,0,Sem Cobrança,2025-02-01,7956.07,Alto,,2,2025
1237,91,69,18,2025-03-03,7956.07,Paga,0,Sem Cobrança,2025-03-06,7956.07,Alto,,3,2025
1238,91,69,19,2025-04-02,7956.07,Paga,0,Sem Cobrança,2025-04-03,7956.07,Alto,,4,2025
1239,91,69,20,2025-05-02,7956.07,Paga,0,Email,2025-05-13,7772.42,Alto,Terceirizado Sul,5,2025
1240,91,69,21,2025-06-01,7956.07,Paga,0,Sem Cobrança,2025-06-01,7956.07,Alto,,6,2025
1241,91,69,22,2025-07-01,7956.07,Paga,0,Sem Cobrança,2025-07-04,7956.07,Alto,,7,2025
1242,91,69,23,2025-07-31,7956.07,Vencida,128,Jurídico,,0.0,Baixo,Equipe C,7,2025
1243,92,70,1,2022-05-28,1895.75,Paga,0,Sem Cobrança,2022-05-30,1895.75,Alto,,5,2022
1244,92,70,2,2022-06-27,1895.75,Paga,0,Sem Cobrança,2022-06-28,1895.75,Alto,,6,2022
1245,92,70,3,2022-07-27,1895.75,Paga,0,Sem Cobrança,2022-07-27,1895.75,Alto,,7,2022
1246,92,70,4,2022-08-26,1895.75,Paga,0,Sem Cobrança,2022-08-29,1895.75,Alto,,8,2022
1247,92,70,5,2022-09-25,1895.75,Paga,0,Sem Cobrança,2022-09-26,1895.75,Alto,,9,2022
1248,92,70,6,2022-10-25,1895.75,Paga,0,Sem Cobrança,2022-10-28,1895.75,Alto,,10,2022
1249,92,70,7,2022-11-24,1895.75,Paga,0,Email,2022-11-30,1594.72,Alto,Equipe C,11,2022
1250,92,70,8,2022-12-24,1895.75,Paga,0,Sem Cobrança,2022-12-27,1895.75,Alto,,12,2022
1251,92,70,9,2023-01-23,1895.75,Paga,0,Sem Cobrança,2023-01-25,1895.75,Alto,,1,2023
1252,92,70,10,2023-02-22,1895.75,Paga,0,Sem Cobrança,2023-02-25,1895.75,Alto,,2,2023
1253,92,70,11,2023-03-24,1895.75,Paga,0,Sem Cobrança,2023-03-27,1895.75,Alto,,3,2023
1254,92,70,12,2023-04-23,1895.75,Paga,0,Sem Cobrança,2023-04-25,1895.75,Alto,,4,2023
1255,92,70,13,2023-05-23,1895.75,Paga,0,Sem Cobrança,2023-05-23,1895.75,Alto,,5,2023
1256,92,70,14,2023-06-22,1895.75,Paga,0,Sem Cobrança,2023-06-23,1895.75,Alto,,6,2023
1257,92,70,15,2023-07-22,1895.75,Paga,0,Sem Cobrança,2023-07-24,1895.75,Alto,,7,2023
1258,92,70,16,2023-08-21,1895.75,Vencida,23,Ligação,,0.0,Alto,Equipe A,8,2023
1259,92,70,17,2023-09-20,1895.75,Paga,0,Sem Cobrança,2023-09-21,1895.75,Alto,,9,2023
1260,93,70,1,2021-11-20,2965.49,Paga,0,Sem Cobrança,2021-11-22,2965.49,Alto,,11,2021
1261,93,70,2,2021-12-20,2965.49,Paga,0,Sem Cobrança,2021-12-23,2965.49,Alto,,12,2021
1262,93,70,3,2022-01-19,2965.49,Paga,0,Sem Cobrança,2022-01-20,2965.49,Alto,,1,2022
1263,93,70,4,2022-02-18,2965.49,Paga,0,Sem Cobrança,2022-02-21,2965.49,Alto,,2,2022
1264,93,70,5,2022-03-20,2965.49,Paga,0,Sem Cobrança,2022-03-23,2965.49,Alto,,3,2022
1265,93,70,6,2022-04-19,2965.49,Paga,0,Sem Cobrança,2022-04-19,2965.49,Alto,,4,2022
1266,93,70,7,2022-05-19,2965.49,Paga,0,Sem Cobrança,2022-05-20,2965.49,Alto,,5,2022
1267,93,70,8,2022-06-18,2965.49,Paga,0,Sem Cobrança,2022-06-18,2965.49,Alto,,6,2022
1268,93,70,9,2022-07-18,2965.49,Paga,0,Sem Cobrança,2022-07-19,2965.49,Alto,,7,2022
1269,93,70,10,2022-08-17,2965.49,Paga,0,SMS,2022-08-21,2607.04,Alto,Equipe A,8,2022
1270,93,70,11,2022-09-16,2965.49,Paga,0,Sem Cobrança,2022-09-18,2965.49,Alto,,9,2022
1271,93,70,12,2022-10-16,2965.49,Paga,0,Sem Cobrança,2022-10-16,2965.49,Alto,,10,2022
1272,93,70,13,2022-11-15,2965.49,Paga,0,Sem Cobrança,2022-11-16,2965.49,Alto,,11,2022
1273,93,70,14,2022-12-15,2965.49,Paga,0,Sem Cobrança,2022-12-16,2965.49,Alto,,12,2022
1274,93,70,15,2023-01-14,2965.49,Paga,0,Sem Cobrança,2023-01-14,2965.49,Alto,,1,2023
1275,93,70,16,2023-02-13,2965.49,Paga,0,Sem Cobrança,2023-02-14,2965.49,Alto,,2,2023
1276,93,70,17,2023-03-15,2965.49,Paga,0,Sem Cobrança,2023-03-18,2965.49,Alto,,3,2023
1277,93,70,18,2023-04-14,2965.49,Paga,0,Sem Cobrança,2023-04-14,2965.49,Alto,,4,2023
1278,93,70,19,2023-05-14,2965.49,Paga,0,Sem Cobrança,2023-05-15,2965.49,Alto,,5,2023
1279,93,70,20,2023-06-13,2965.49,Paga,0,Sem Cobrança,2023-06-14,2965.49,Alto,,6,2023
1280,93,70,21,2023-07-13,2965.49,Paga,0,Sem Cobrança,2023-07-14,2965.49,Alto,,7,2023
1281,94,71,1,2024-05-17,3009.21,Pendente,1,SMS,,0.0,Médio,Terceirizado Norte,5,2024
1282,94,71,2,2024-06-16,3009.21,Vencida,40,Cartório,,0.0,Médio,Terceirizado Norte,6,2024
1283,94,71,3,2024-07-16,3009.21,Paga,0,Sem Cobrança,2024-07-18,3009.21,Alto,,7,2024
1284,94,71,4,2024-08-15,3009.21,Paga,0,Sem Cobrança,2024-08-16,3009.21,Alto,,8,2024
1285,94,71,5,2024-09-14,3009.21,Renegociada,21,Ligação,2024-10-05,2491.99,Médio,Equipe A,9,2024
1286,94,71,6,2024-10-14,3009.21,Paga,0,Sem Cobrança,2024-10-16,3009.21,Alto,,10,2024
1287,94,71,7,2024-11-13,3009.21,Paga,0,Sem Cobrança,2024-11-15,3009.21,Alto,,11,2024
1288,94,71,8,2024-12-13,3009.21,Paga,0,Sem Cobrança,2024-12-14,3009.21,Alto,,12,2024
1289,94,71,9,2025-01-12,3009.21,Paga,0,Sem Cobrança,2025-01-12,3009.21,Alto,,1,2025
1290,94,71,10,2025-02-11,3009.21,Vencida,180,Jurídico,,0.0,Baixo,Equipe C,2,2025
1291,94,71,11,2025-03-13,3009.21,Vencida,18,Ligação,,0.0,Médio,Equipe A,3,2025
1292,94,71,12,2025-04-12,3009.21,Paga,0,Sem Cobrança,2025-04-14,3009.21,Alto,,4,2025
1293,94,71,13,2025-05-12,3009.21,Paga,0,Sem Cobrança,2025-05-14,3009.21,Alto,,5,2025
1294,94,71,14,2025-06-11,3009.21,Paga,0,Sem Cobrança,2025-06-11,3009.21,Alto,,6,2025
1295,94,71,15,2025-07-11,3009.21,Vencida,107,Jurídico,,0.0,Baixo,Equipe B,7,2025
1296,94,71,16,2025-08-10,3009.21,Paga,0,Sem Cobrança,2025-08-12,3009.21,Alto,,8,2025
1297,94,71,17,2025-09-09,3009.21,Paga,0,Sem Cobrança,2025-09-11,3009.21,Alto,,9,2025
1298,94,71,18,2025-10-09,3009.21,Vencida,32,Cartório,,0.0,Médio,Equipe A,10,2025
1299,95,71,1,2024-08-17,1378.77,Renegociada,7,Email,2024-08-24,1207.76,Médio,Equipe B,8,2024
1300,95,71,2,2024-09-16,1378.77,Renegociada,20,Ligação,2024-10-06,1354.7,Médio,Terceirizado Sul,9,2024
1301,95,71,3,2024-10-16,1378.77,Paga,0,Sem Cobrança,2024-10-19,1378.77,Alto,,10,2024
1302,95,71,4,2024-11-15,1378.77,Paga,0,Sem Cobrança,2024-11-16,1378.77,Alto,,11,2024
1303,95,71,5,2024-12-15,1378.77,Paga,0,Sem Cobrança,2024-12-16,1378.77,Alto,,12,2024
1304,95,71,6,2025-01-14,1378.77,Vencida,41,Cartório,,0.0,Médio,Equipe C,1,2025
1305,95,71,7,2025-02-13,1378.77,Paga,0,Sem Cobrança,2025-02-15,1378.77,Alto,,2,2025
1306,95,71,8,2025-03-15,1378.77,Paga,0,Sem Cobrança,2025-03-18,1378.77,Alto,,3,2025
1307,95,71,9,2025-04-14,1378.77,Paga,0,Sem Cobrança,2025-04-14,1378.77,Alto,,4,2025
1308,96,71,1,2024-04-26,13769.45,Vencida,21,Ligação,,0.0,Médio,Terceirizado Sul,4,2024
1309,96,71,2,2024-05-26,13769.45,Paga,0,Sem Cobrança,2024-05-27,13769.45,Alto,,5,2024
1310,96,71,3,2024-06-25,13769.45,Paga,0,Sem Cobrança,2024-06-26,13769.45,Alto,,6,2024
1311,96,71,4,2024-07-25,13769.45,Renegociada,1,SMS,2024-07-26,13655.74,Médio,Equipe B,7,2024
1312,96,71,5,2024-08-24,13769.45,Paga,0,Sem Cobrança,2024-08-27,13769.45,Alto,,8,2024
1313,96,71,6,2024-09-23,13769.45,Vencida,15,Ligação,,0.0,Médio,Equipe A,9,2024
1314,96,71,7,2024-10-23,13769.45,Vencida,7,Email,,0.0,Médio,Terceirizado Norte,10,2024
1315,96,71,8,2024-11-22,13769.45,Renegociada,32,Cartório,2024-12-24,10299.56,Médio,Equipe B,11,2024
1316,96,71,9,2024-12-22,13769.45,Paga,0,Sem Cobrança,2024-12-22,13769.45,Alto,,12,2024
1317,96,71,10,2025-01-21,13769.45,Paga,0,Sem Cobrança,2025-01-24,13769.45,Alto,,1,2025
1318,96,71,11,2025-02-20,13769.45,Renegociada,8,Email,2025-02-28,13160.05,Médio,Equipe C,2,2025
1319,96,71,12,2025-03-22,13769.45,Paga,0,Sem Cobrança,2025-03-22,13769.45,Alto,,3,2025
1320,96,71,13,2025-04-21,13769.45,Renegociada,77,Jurídico,2025-07-07,9800.09,Médio,Equipe B,4,2025
1321,96,71,14,2025-05-21,13769.45,Paga,0,Sem Cobrança,2025-05-23,13769.45,Alto,,5,2025
1322,96,71,15,2025-06-20,13769.45,Paga,0,Sem Cobrança,2025-06-22,13769.45,Alto,,6,2025
1323,96,71,16,2025-07-20,13769.45,Paga,0,Sem Cobrança,2025-07-20,13769.45,Alto,,7,2025
1324,96,71,17,2025-08-19,13769.45,Paga,0,Sem Cobrança,2025-08-20,13769.45,Alto,,8,2025
1325,96,71,18,2025-09-18,13769.45,Paga,0,Sem Cobrança,2025-09-19,13769.45,Alto,,9,2025
1326,96,71,19,2025-10-18,13769.45,Vencida,164,Jurídico,,0.0,Baixo,Terceirizado Sul,10,2025
1327,97,72,1,2021-03-02,1455.67,Paga,0,Sem Cobrança,2021-03-04,1455.67,Alto,,3,2021
1328,97,72,2,2021-04-01,1455.67,Paga,0,Sem Cobrança,2021-04-04,1455.67,Alto,,4,2021
1329,97,72,3,2021-05-01,1455.67,Paga,0,Sem Cobrança,2021-05-03,1455.67,Alto,,5,2021
1330,97,72,4,2021-05-31,1455.67,Paga,0,Sem Cobrança,2021-05-31,1455.67,Alto,,5,2021
1331,97,72,5,2021-06-30,1455.67,Paga,0,Sem Cobrança,2021-06-30,1455.67,Alto,,6,2021
1332,97,72,6,2021-07-30,1455.67,Paga,0,Sem Cobrança,2021-07-31,1455.67,Alto,,7,2021
1333,97,72,7,2021-08-29,1455.67,Paga,0,Sem Cobrança,2021-08-31,1455.67,Alto,,8,2021
1334,97,72,8,2021-09-28,1455.67,Pendente,1,SMS,,0.0,Médio,Terceirizado Sul,9,2021
1335,97,72,9,2021-10-28,1455.67,Vencida,7,Email,,0.0,Médio,Equipe C,10,2021
1336,97,72,10,2021-11-27,1455.67,Paga,0,Sem Cobrança,2021-11-28,1455.67,Alto,,11,2021
1337,97,72,11,2021-12-27,1455.67,Paga,0,Sem Cobrança,2021-12-28,1455.67,Alto,,12,2021
1338,97,72,12,2022-01-26,1455.67,Paga,0,Sem Cobrança,2022-01-27,1455.67,Alto,,1,2022
1339,97,72,13,2022-02-25,1455.67,Paga,0,Sem Cobrança,2022-02-28,1455.67,Alto,,2,2022
1340,97,72,14,2022-03-27,1455.67,Vencida,36,Cartório,,0.0,Médio,Equipe C,3,2022
1341,97,72,15,2022-04-26,1455.67,Vencida,18,Ligação,,0.0,Médio,Terceirizado Norte,4,2022
1342,97,72,16,2022-05-26,1455.67,Renegociada,3,SMS,2022-05-29,1233.18,Médio,Equipe B,5,2022
1343,97,72,17,2022-06-25,1455.67,Paga,0,Sem Cobrança,2022-06-25,1455.67,Alto,,6,2022
1344,98,73,1,2024-04-27,791.42,Vencida,43,Cartório,,0.0,Médio,Terceirizado Sul,4,2024
1345,98,73,2,2024-05-27,791.42,Vencida,48,Cartório,,0.0,Médio,Terceirizado Norte,5,2024
1346,98,73,3,2024-06-26,791.42,Paga,0,Sem Cobrança,2024-06-29,791.42,Alto,,6,2024
1347,98,73,4,2024-07-26,791.42,Vencida,16,Ligação,,0.0,Médio,Equipe A,7,2024
1348,98,73,5,2024-08-25,791.42,Paga,0,Sem Cobrança,2024-08-28,791.42,Alto,,8,2024
1349,98,73,6,2024-09-24,791.42,Paga,0,Sem Cobrança,2024-09-24,791.42,Alto,,9,2024
1350,98,73,7,2024-10-24,791.42,Paga,0,Sem Cobrança,2024-10-24,791.42,Alto,,10,2024
1351,98,73,8,2024-11-23,791.42,Renegociada,6,Email,2024-11-29,776.84,Médio,Terceirizado Sul,11,2024
1352,98,73,9,2024-12-23,791.42,Pendente,1,SMS,,0.0,Médio,Equipe A,12,2024
1353,98,73,10,2025-01-22,791.42,Paga,0,Sem Cobrança,2025-01-24,791.42,Alto,,1,2025
1354,98,73,11,2025-02-21,791.42,Paga,0,Sem Cobrança,2025-02-21,791.42,Alto,,2,2025
1355,98,73,12,2025-03-23,791.42,Paga,0,Sem Cobrança,2025-03-26,791.42,Alto,,3,2025
1356,98,73,13,2025-04-22,791.42,Paga,0,Sem Cobrança,2025-04-25,791.42,Alto,,4,2025
1357,98,73,14,2025-05-22,791.42,Paga,0,Sem Cobrança,2025-05-24,791.42,Alto,,5,2025
1358,98,73,15,2025-06-21,791.42,Paga,0,Sem Cobrança,2025-06-22,791.42,Alto,,6,2025
1359,99,73,1,2024-06-30,4136.54,Vencida,9,Email,,0.0,Médio,Equipe A,6,2024
1360,99,73,2,2024-07-30,4136.54,Vencida,77,Jurídico,,0.0,Médio,Equipe A,7,2024
1361,99,73,3,2024-08-29,4136.54,Paga,0,Sem Cobrança,2024-09-01,4136.54,Alto,,8,2024
1362,99,73,4,2024-09-28,4136.54,Renegociada,2,SMS,2024-09-30,3425.64,Médio,Equipe B,9,2024
1363,99,73,5,2024-10-28,4136.54,Paga,0,Sem Cobrança,2024-10-30,4136.54,Alto,,10,2024
1364,99,73,6,2024-11-27,4136.54,Paga,0,Sem Cobrança,2024-11-30,4136.54,Alto,,11,2024
1365,99,73,7,2024-12-27,4136.54,Paga,0,Sem Cobrança,2024-12-27,4136.54,Alto,,12,2024
1366,99,73,8,2025-01-26,4136.54,Paga,0,Sem Cobrança,2025-01-26,4136.54,Alto,,1,2025
1367,99,73,9,2025-02-25,4136.54,Paga,0,Sem Cobrança,2025-02-27,4136.54,Alto,,2,2025
1368,99,73,10,2025-03-27,4136.54,Paga,0,Sem Cobrança,2025-03-29,4136.54,Alto,,3,2025
1369,99,73,11,2025-04-26,4136.54,Pendente,1,SMS,,0.0,Médio,Equipe A,4,2025
1370,99,73,12,2025-05-26,4136.54,Paga,0,Sem Cobrança,2025-05-27,4136.54,Alto,,5,2025
1371,99,73,13,2025-06-25,4136.54,Paga,0,Sem Cobrança,2025-06-27,4136.54,Alto,,6,2025
1372,100,74,1,2020-12-06,5943.02,Paga,0,Sem Cobrança,2020-12-07,5943.02,Alto,,12,2020
1373,100,74,2,2021-01-05,5943.02,Paga,0,Sem Cobrança,2021-01-07,5943.02,Alto,,1,2021
1374,100,74,3,2021-02-04,5943.02,Paga,0,Sem Cobrança,2021-02-06,5943.02,Alto,,2,2021
1375,100,74,4,2021-03-06,5943.02,Vencida,56,Cartório,,0.0,Baixo,Equipe C,3,2021
1376,100,74,5,2021-04-05,5943.02,Paga,0,Sem Cobrança,2021-04-05,5943.02,Alto,,4,2021
1377,100,74,6,2021-05-05,5943.02,Paga,0,Sem Cobrança,2021-05-06,5943.02,Alto,,5,2021
1378,100,74,7,2021-06-04,5943.02,Paga,0,Sem Cobrança,2021-06-05,5943.02,Alto,,6,2021
1379,100,74,8,2021-07-04,5943.02,Vencida,23,Ligação,,0.0,Baixo,Terceirizado Norte,7,2021
1380,100,74,9,2021-08-03,5943.02,Paga,0,Sem Cobrança,2021-08-03,5943.02,Alto,,8,2021
1381,100,74,10,2021-09-02,5943.02,Paga,0,Sem Cobrança,2021-09-04,5943.02,Alto,,9,2021
1382,100,74,11,2021-10-02,5943.02,Vencida,28,Ligação,,0.0,Baixo,Terceirizado Norte,10,2021
1383,101,74,1,2021-09-20,3455.54,Vencida,21,Ligação,,0.0,Baixo,Terceirizado Norte,9,2021
1384,101,74,2,2021-10-20,3455.54,Vencida,11,Email,,0.0,Baixo,Equipe B,10,2021
1385,101,74,3,2021-11-19,3455.54,Vencida,14,Email,,0.0,Baixo,Terceirizado Norte,11,2021
1386,101,74,4,2021-12-19,3455.54,Pendente,4,SMS,,0.0,Baixo,Terceirizado Sul,12,2021
1387,101,74,5,2022-01-18,3455.54,Paga,0,Sem Cobrança,2022-01-19,3455.54,Alto,,1,2022
1388,101,74,6,2022-02-17,3455.54,Renegociada,36,Cartório,2022-03-25,3449.22,Baixo,Equipe A,2,2022
1389,101,74,7,2022-03-19,3455.54,Vencida,18,Ligação,,0.0,Baixo,Equipe A,3,2022
1390,101,74,8,2022-04-18,3455.54,Vencida,26,Ligação,,0.0,Baixo,Equipe B,4,2022
1391,101,74,9,2022-05-18,3455.54,Vencida,48,Cartório,,0.0,Baixo,Terceirizado Norte,5,2022
1392,101,74,10,2022-06-17,3455.54,Renegociada,4,SMS,2022-06-21,2561.73,Baixo,Equipe B,6,2022
1393,101,74,11,2022-07-17,3455.54,Vencida,90,Jurídico,,0.0,Baixo,Equipe C,7,2022
1394,101,74,12,2022-08-16,3455.54,Vencida,56,Cartório,,0.0,Baixo,Terceirizado Norte,8,2022
1395,101,74,13,2022-09-15,3455.54,Paga,0,Sem Cobrança,2022-09-16,3455.54,Alto,,9,2022
1396,101,74,14,2022-10-15,3455.54,Renegociada,25,Ligação,2022-11-09,2498.77,Baixo,Terceirizado Sul,10,2022
1397,101,74,15,2022-11-14,3455.54,Paga,0,Sem Cobrança,2022-11-17,3455.54,Alto,,11,2022
1398,101,74,16,2022-12-14,3455.54,Vencida,42,Cartório,,0.0,Baixo,Terceirizado Sul,12,2022
1399,101,74,17,2023-01-13,3455.54,Vencida,30,Cartório,,0.0,Baixo,Equipe C,1,2023
1400,102,75,1,2024-04-01,1870.39,Paga,0,Sem Cobrança,2024-04-01,1870.39,Alto,,4,2024
1401,102,75,2,2024-05-01,1870.39,Vencida,46,Cartório,,0.0,Médio,Equipe A,5,2024
1402,102,75,3,2024-05-31,1870.39,Paga,0,Sem Cobrança,2024-06-01,1870.39,Alto,,5,2024
1403,102,75,4,2024-06-30,1870.39,Paga,0,Sem Cobrança,2024-06-30,1870.39,Alto,,6,2024
1404,102,75,5,2024-07-30,1870.39,Vencida,21,Ligação,,0.0,Médio,Terceirizado Norte,7,2024
1405,102,75,6,2024-08-29,1870.39,Paga,0,Sem Cobrança,2024-08-31,1870.39,Alto,,8,2024
1406,102,75,7,2024-09-28,1870.39,Paga,0,Sem Cobrança,2024-09-30,1870.39,Alto,,9,2024
1407,102,75,8,2024-10-28,1870.39,Paga,0,Sem Cobrança,2024-10-31,1870.39,Alto,,10,2024
1408,102,75,9,2024-11-27,1870.39,Paga,0,Sem Cobrança,2024-11-29,1870.39,Alto,,11,2024
1409,102,75,10,2024-12-27,1870.39,Paga,0,Sem Cobrança,2024-12-30,1870.39,Alto,,12,2024
1410,102,75,11,2025-01-26,1870.39,Paga,0,Sem Cobrança,2025-01-27,1870.39,Alto,,1,2025
1411,102,75,12,2025-02-25,1870.39,Paga,0,Sem Cobrança,2025-02-28,1870.39,Alto,,2,2025
1412,102,75,13,2025-03-27,1870.39,Paga,0,Sem Cobrança,2025-03-28,1870.39,Alto,,3,2025
1413,102,75,14,2025-04-26,1870.39,Pendente,4,SMS,,0.0,Médio,Terceirizado Sul,4,2025
1414,102,75,15,2025-05-26,1870.39,Paga,0,Sem Cobrança,2025-05-29,1870.39,Alto,,5,2025
1415,102,75,16,2025-06-25,1870.39,Paga,0,Sem Cobrança,2025-06-28,1870.39,Alto,,6,2025
1416,102,75,17,2025-07-25,1870.39,Paga,0,Sem Cobrança,2025-07-26,1870.39,Alto,,7,2025
1417,102,75,18,2025-08-24,1870.39,Vencida,24,Ligação,,0.0,Médio,Equipe C,8,2025
1418,102,75,19,2025-09-23,1870.39,Vencida,63,Jurídico,,0.0,Médio,Equipe C,9,2025
1419,102,75,20,2025-10-23,1870.39,Vencida,31,Cartório,,0.0,Médio,Equipe A,10,2025
1420,104,77,1,2021-08-16,1725.82,Paga,0,Sem Cobrança,2021-08-18,1725.82,Alto,,8,2021
1421,104,77,2,2021-09-15,1725.82,Paga,0,Sem Cobrança,2021-09-16,1725.82,Alto,,9,2021
1422,104,77,3,2021-10-15,1725.82,Paga,0,Sem Cobrança,2021-10-15,1725.82,Alto,,10,2021
1423,104,77,4,2021-11-14,1725.82,Paga,0,Sem Cobrança,2021-11-14,1725.82,Alto,,11,2021
1424,104,77,5,2021-12-14,1725.82,Paga,0,Sem Cobrança,2021-12-14,1725.82,Alto,,12,2021
1425,104,77,6,2022-01-13,1725.82,Paga,0,Sem Cobrança,2022-01-16,1725.82,Alto,,1,2022
1426,104,77,7,2022-02-12,1725.82,Vencida,28,Ligação,,0.0,Médio,Equipe A,2,2022
1427,104,77,8,2022-03-14,1725.82,Paga,0,Sem Cobrança,2022-03-16,1725.82,Alto,,3,2022
1428,104,77,9,2022-04-13,1725.82,Paga,0,Sem Cobrança,2022-04-14,1725.82,Alto,,4,2022
1429,104,77,10,2022-05-13,1725.82,Paga,0,Sem Cobrança,2022-05-16,1725.82,Alto,,5,2022
1430,104,77,11,2022-06-12,1725.82,Paga,0,Sem Cobrança,2022-06-13,1725.82,Alto,,6,2022
1431,104,77,12,2022-07-12,1725.82,Paga,0,Sem Cobrança,2022-07-12,1725.82,Alto,,7,2022
1432,105,77,1,2022-02-13,9394.16,Paga,0,Sem Cobrança,2022-02-13,9394.16,Alto,,2,2022
1433,105,77,2,2022-03-15,9394.16,Paga,0,Sem Cobrança,2022-03-16,9394.16,Alto,,3,2022
1434,105,77,3,2022-04-14,9394.16,Vencida,5,Email,,0.0,Médio,Equipe A,4,2022
1435,105,77,4,2022-05-14,9394.16,Paga,0,Sem Cobrança,2022-05-15,9394.16,Alto,,5,2022
1436,105,77,5,2022-06-13,9394.16,Paga,0,Sem Cobrança,2022-06-13,9394.16,Alto,,6,2022
1437,105,77,6,2022-07-13,9394.16,Paga,0,Sem Cobrança,2022-07-13,9394.16,Alto,,7,2022
1438,105,77,7,2022-08-12,9394.16,Paga,0,Sem Cobrança,2022-08-13,9394.16,Alto,,8,2022
1439,105,77,8,2022-09-11,9394.16,Paga,0,Sem Cobrança,2022-09-12,9394.16,Alto,,9,2022
1440,105,77,9,2022-10-11,9394.16,Paga,0,Sem Cobrança,2022-10-12,9394.16,Alto,,10,2022
1441,105,77,10,2022-11-10,9394.16,Paga,0,Sem Cobrança,2022-11-12,9394.16,Alto,,11,2022
1442,105,77,11,2022-12-10,9394.16,Paga,0,Sem Cobrança,2022-12-11,9394.16,Alto,,12,2022
1443,105,77,12,2023-01-09,9394.16,Paga,0,Sem Cobrança,2023-01-11,9394.16,Alto,,1,2023
1444,105,77,13,2023-02-08,9394.16,Paga,0,Sem Cobrança,2023-02-11,9394.16,Alto,,2,2023
1445,105,77,14,2023-03-10,9394.16,Vencida,8,Email,,0.0,Médio,Equipe B,3,2023
1446,105,77,15,2023-04-09,9394.16,Paga,0,Sem Cobrança,2023-04-09,9394.16,Alto,,4,2023
1447,105,77,16,2023-05-09,9394.16,Paga,0,Sem Cobrança,2023-05-12,9394.16,Alto,,5,2023
1448,106,78,1,2020-04-05,1532.82,Paga,0,Sem Cobrança,2020-04-06,1532.82,Alto,,4,2020
1449,106,78,2,2020-05-05,1532.82,Paga,0,Sem Cobrança,2020-05-07,1532.82,Alto,,5,2020
1450,106,78,3,2020-06-04,1532.82,Paga,0,Sem Cobrança,2020-06-04,1532.82,Alto,,6,2020
1451,106,78,4,2020-07-04,1532.82,Paga,0,Sem Cobrança,2020-07-07,1532.82,Alto,,7,2020
1452,106,78,5,2020-08-03,1532.82,Paga,0,Sem Cobrança,2020-08-05,1532.82,Alto,,8,2020
1453,106,78,6,2020-09-02,1532.82,Paga,0,Sem Cobrança,2020-09-04,1532.82,Alto,,9,2020
1454,106,78,7,2020-10-02,1532.82,Paga,0,Sem Cobrança,2020-10-04,1532.82,Alto,,10,2020
1455,106,78,8,2020-11-01,1532.82,Paga,0,Sem Cobrança,2020-11-02,1532.82,Alto,,11,2020
1456,106,78,9,2020-12-01,1532.82,Paga,0,Sem Cobrança,2020-12-04,1532.82,Alto,,12,2020
1457,107,79,1,2019-12-24,2137.31,Paga,0,Sem Cobrança,2019-12-26,2137.31,Alto,,12,2019
1458,107,79,2,2020-01-23,2137.31,Paga,0,Sem Cobrança,2020-01-26,2137.31,Alto,,1,2020
1459,107,79,3,2020-02-22,2137.31,Paga,0,Sem Cobrança,2020-02-23,2137.31,Alto,,2,2020
1460,107,79,4,2020-03-23,2137.31,Paga,0,Sem Cobrança,2020-03-26,2137.31,Alto,,3,2020
1461,107,79,5,2020-04-22,2137.31,Pendente,3,SMS,,0.0,Médio,Terceirizado Sul,4,2020
1462,107,79,6,2020-05-22,2137.31,Paga,0,Sem Cobrança,2020-05-23,2137.31,Alto,,5,2020
1463,107,79,7,2020-06-21,2137.31,Paga,0,Sem Cobrança,2020-06-23,2137.31,Alto,,6,2020
1464,107,79,8,2020-07-21,2137.31,Paga,0,Sem Cobrança,2020-07-24,2137.31,Alto,,7,2020
1465,107,79,9,2020-08-20,2137.31,Paga,0,Sem Cobrança,2020-08-22,2137.31,Alto,,8,2020
1466,107,79,10,2020-09-19,2137.31,Paga,0,Sem Cobrança,2020-09-19,2137.31,Alto,,9,2020
1467,107,79,11,2020-10-19,2137.31,Paga,0,Sem Cobrança,2020-10-19,2137.31,Alto,,10,2020
1468,107,79,12,2020-11-18,2137.31,Paga,0,Sem Cobrança,2020-11-19,2137.31,Alto,,11,2020
1469,107,79,13,2020-12-18,2137.31,Paga,0,Sem Cobrança,2020-12-18,2137.31,Alto,,12,2020
1470,107,79,14,2021-01-17,2137.31,Vencida,56,Cartório,,0.0,Médio,Terceirizado Sul,1,2021
1471,108,80,1,2024-11-03,1855.77,Paga,0,Sem Cobrança,2024-11-04,1855.77,Alto,,11,2024
1472,108,80,2,2024-12-03,1855.77,Paga,0,Sem Cobrança,2024-12-06,1855.77,Alto,,12,2024
1473,108,80,3,2025-01-02,1855.77,Paga,0,Sem Cobrança,2025-01-04,1855.77,Alto,,1,2025
1474,108,80,4,2025-02-01,1855.77,Paga,0,Sem Cobrança,2025-02-04,1855.77,Alto,,2,2025
1475,108,80,5,2025-03-03,1855.77,Paga,0,Cartório,2025-04-14,1833.25,Alto,Terceirizado Norte,3,2025
1476,108,80,6,2025-04-02,1855.77,Paga,0,Sem Cobrança,2025-04-03,1855.77,Alto,,4,2025
1477,108,80,7,2025-05-02,1855.77,Paga,0,Sem Cobrança,2025-05-02,1855.77,Alto,,5,2025
1478,108,80,8,2025-06-01,1855.77,Paga,0,SMS,2025-06-02,1690.03,Alto,Terceirizado Norte,6,2025
1479,108,80,9,2025-07-01,1855.77,Paga,0,Ligação,2025-07-20,1827.12,Alto,Equipe B,7,2025
1480,108,80,10,2025-07-31,1855.77,Paga,0,Sem Cobrança,2025-08-02,1855.77,Alto,,7,2025
1481,108,80,11,2025-08-30,1855.77,Paga,0,Sem Cobrança,2025-09-02,1855.77,Alto,,8,2025
1482,108,80,12,2025-09-29,1855.77,Vencida,5,Email,,0.0,Alto,Terceirizado Norte,9,2025
1483,108,80,13,2025-10-29,1855.77,Paga,0,Cartório,2025-12-06,1721.38,Alto,Terceirizado Norte,10,2025
1484,108,80,14,2025-11-28,1855.77,Paga,0,Email,2025-12-09,1337.6,Alto,Terceirizado Norte,11,2025
1485,108,80,15,2025-12-28,1855.77,Paga,0,SMS,2025-12-31,1532.71,Alto,Equipe B,12,2025
1486,108,80,16,2026-01-27,1855.77,Paga,0,Sem Cobrança,2026-01-29,1855.77,Alto,,1,2026
1487,108,80,17,2026-02-26,1855.77,Vencida,73,Jurídico,,0.0,Médio,Terceirizado Norte,2,2026
1488,108,80,18,2026-03-28,1855.77,Paga,0,Email,2026-04-04,1493.49,Alto,Terceirizado Norte,3,2026
1489,109,80,1,2025-03-10,5534.08,Paga,0,Sem Cobrança,2025-03-11,5534.08,Alto,,3,2025
1490,109,80,2,2025-04-09,5534.08,Paga,0,Sem Cobrança,2025-04-12,5534.08,Alto,,4,2025
1491,109,80,3,2025-05-09,5534.08,Paga,0,Sem Cobrança,2025-05-12,5534.08,Alto,,5,2025
1492,109,80,4,2025-06-08,5534.08,Paga,0,Sem Cobrança,2025-06-09,5534.08,Alto,,6,2025
1493,109,80,5,2025-07-08,5534.08,Vencida,10,Email,,0.0,Alto,Equipe C,7,2025
1494,109,80,6,2025-08-07,5534.08,Paga,0,Sem Cobrança,2025-08-09,5534.08,Alto,,8,2025
1495,109,80,7,2025-09-06,5534.08,Pendente,2,SMS,,0.0,Alto,Terceirizado Norte,9,2025
1496,109,80,8,2025-10-06,5534.08,Paga,0,Sem Cobrança,2025-10-06,5534.08,Alto,,10,2025
1497,109,80,9,2025-11-05,5534.08,Paga,0,Sem Cobrança,2025-11-08,5534.08,Alto,,11,2025
1498,109,80,10,2025-12-05,5534.08,Paga,0,Sem Cobrança,2025-12-05,5534.08,Alto,,12,2025
1499,109,80,11,2026-01-04,5534.08,Paga,0,Sem Cobrança,2026-01-05,5534.08,Alto,,1,2026
1500,109,80,12,2026-02-03,5534.08,Paga,0,Sem Cobrança,2026-02-03,5534.08,Alto,,2,2026
1501,109,80,13,2026-03-05,5534.08,Paga,0,Email,2026-03-12,5030.11,Alto,Equipe B,3,2026
1502,109,80,14,2026-04-04,5534.08,Paga,0,Sem Cobrança,2026-04-05,5534.08,Alto,,4,2026
1503,109,80,15,2026-05-04,5534.08,Paga,0,Sem Cobrança,2026-05-05,5534.08,Alto,,5,2026
1504,109,80,16,2026-06-03,5534.08,Paga,0,Sem Cobrança,2026-06-03,5534.08,Alto,,6,2026
1505,109,80,17,2026-07-03,5534.08,Paga,0,Sem Cobrança,2026-07-05,5534.08,Alto,,7,2026
1506,109,80,18,2026-08-02,5534.08,Paga,0,SMS,2026-08-04,5314.53,Alto,Terceirizado Norte,8,2026
1507,110,80,1,2024-04-21,8111.48,Paga,0,Sem Cobrança,2024-04-23,8111.48,Alto,,4,2024
1508,110,80,2,2024-05-21,8111.48,Paga,0,Ligação,2024-06-05,7539.82,Alto,Equipe A,5,2024
1509,110,80,3,2024-06-20,8111.48,Paga,0,Sem Cobrança,2024-06-23,8111.48,Alto,,6,2024
1510,110,80,4,2024-07-20,8111.48,Paga,0,Sem Cobrança,2024-07-21,8111.48,Alto,,7,2024
1511,110,80,5,2024-08-19,8111.48,Paga,0,Sem Cobrança,2024-08-20,8111.48,Alto,,8,2024
1512,110,80,6,2024-09-18,8111.48,Paga,0,Sem Cobrança,2024-09-21,8111.48,Alto,,9,2024
1513,110,80,7,2024-10-18,8111.48,Vencida,10,Email,,0.0,Alto,Equipe C,10,2024
1514,110,80,8,2024-11-17,8111.48,Paga,0,Sem Cobrança,2024-11-17,8111.48,Alto,,11,2024
1515,110,80,9,2024-12-17,8111.48,Paga,0,Sem Cobrança,2024-12-17,8111.48,Alto,,12,2024
1516,110,80,10,2025-01-16,8111.48,Vencida,102,Jurídico,,0.0,Baixo,Equipe A,1,2025
1517,110,80,11,2025-02-15,8111.48,Paga,0,Sem Cobrança,2025-02-15,8111.48,Alto,,2,2025
1518,110,80,12,2025-03-17,8111.48,Paga,0,Sem Cobrança,2025-03-17,8111.48,Alto,,3,2025
1519,110,80,13,2025-04-16,8111.48,Paga,0,Sem Cobrança,2025-04-19,8111.48,Alto,,4,2025
1520,110,80,14,2025-05-16,8111.48,Vencida,6,Email,,0.0,Alto,Equipe A,5,2025
1521,110,80,15,2025-06-15,8111.48,Paga,0,Ligação,2025-07-03,8032.68,Alto,Terceirizado Norte,6,2025
1522,110,80,16,2025-07-15,8111.48,Paga,0,Sem Cobrança,2025-07-18,8111.48,Alto,,7,2025
1523,110,80,17,2025-08-14,8111.48,Paga,0,Ligação,2025-09-07,6368.17,Alto,Equipe C,8,2025
1524,110,80,18,2025-09-13,8111.48,Pendente,2,SMS,,0.0,Alto,Equipe B,9,2025
1525,110,80,19,2025-10-13,8111.48,Paga,0,SMS,2025-10-15,5741.91,Alto,Equipe C,10,2025
1526,110,80,20,2025-11-12,8111.48,Paga,0,Sem Cobrança,2025-11-14,8111.48,Alto,,11,2025
1527,111,81,1,2024-11-21,5646.19,Paga,0,Sem Cobrança,2024-11-24,5646.19,Alto,,11,2024
1528,111,81,2,2024-12-21,5646.19,Paga,0,Sem Cobrança,2024-12-24,5646.19,Alto,,12,2024
1529,111,81,3,2025-01-20,5646.19,Paga,0,Sem Cobrança,2025-01-23,5646.19,Alto,,1,2025
1530,111,81,4,2025-02-19,5646.19,Paga,0,Sem Cobrança,2025-02-22,5646.19,Alto,,2,2025
1531,111,81,5,2025-03-21,5646.19,Vencida,11,Email,,0.0,Médio,Equipe B,3,2025
1532,111,81,6,2025-04-20,5646.19,Paga,0,Sem Cobrança,2025-04-22,5646.19,Alto,,4,2025
1533,111,81,7,2025-05-20,5646.19,Paga,0,Sem Cobrança,2025-05-23,5646.19,Alto,,5,2025
1534,111,81,8,2025-06-19,5646.19,Paga,0,Sem Cobrança,2025-06-20,5646.19,Alto,,6,2025
1535,111,81,9,2025-07-19,5646.19,Paga,0,Sem Cobrança,2025-07-22,5646.19,Alto,,7,2025
1536,111,81,10,2025-08-18,5646.19,Paga,0,Sem Cobrança,2025-08-20,5646.19,Alto,,8,2025
1537,111,81,11,2025-09-17,5646.19,Paga,0,Sem Cobrança,2025-09-18,5646.19,Alto,,9,2025
1538,111,81,12,2025-10-17,5646.19,Paga,0,Sem Cobrança,2025-10-18,5646.19,Alto,,10,2025
1539,111,81,13,2025-11-16,5646.19,Renegociada,91,Jurídico,2026-02-15,5256.66,Baixo,Equipe B,11,2025
1540,111,81,14,2025-12-16,5646.19,Vencida,8,Email,,0.0,Médio,Equipe A,12,2025
1541,111,81,15,2026-01-15,5646.19,Paga,0,Sem Cobrança,2026-01-15,5646.19,Alto,,1,2026
1542,111,81,16,2026-02-14,5646.19,Paga,0,Sem Cobrança,2026-02-15,5646.19,Alto,,2,2026
1543,112,82,1,2024-07-15,7124.82,Paga,0,Sem Cobrança,2024-07-17,7124.82,Alto,,7,2024
1544,112,82,2,2024-08-14,7124.82,Renegociada,10,Email,2024-08-24,5401.67,Médio,Equipe B,8,2024
1545,112,82,3,2024-09-13,7124.82,Paga,0,Sem Cobrança,2024-09-16,7124.82,Alto,,9,2024
1546,112,82,4,2024-10-13,7124.82,Paga,0,Sem Cobrança,2024-10-13,7124.82,Alto,,10,2024
1547,112,82,5,2024-11-12,7124.82,Pendente,1,SMS,,0.0,Médio,Terceirizado Sul,11,2024
1548,112,82,6,2024-12-12,7124.82,Paga,0,Sem Cobrança,2024-12-12,7124.82,Alto,,12,2024
1549,112,82,7,2025-01-11,7124.82,Paga,0,Sem Cobrança,2025-01-11,7124.82,Alto,,1,2025
1550,112,82,8,2025-02-10,7124.82,Vencida,31,Cartório,,0.0,Médio,Equipe A,2,2025
1551,112,82,9,2025-03-12,7124.82,Pendente,4,SMS,,0.0,Médio,Equipe B,3,2025
1552,112,82,10,2025-04-11,7124.82,Paga,0,Sem Cobrança,2025-04-14,7124.82,Alto,,4,2025
1553,112,82,11,2025-05-11,7124.82,Paga,0,Sem Cobrança,2025-05-14,7124.82,Alto,,5,2025
1554,112,82,12,2025-06-10,7124.82,Renegociada,1,SMS,2025-06-11,6456.52,Médio,Terceirizado Norte,6,2025
1555,112,82,13,2025-07-10,7124.82,Paga,0,Sem Cobrança,2025-07-13,7124.82,Alto,,7,2025
1556,112,82,14,2025-08-09,7124.82,Paga,0,Sem Cobrança,2025-08-10,7124.82,Alto,,8,2025
1557,112,82,15,2025-09-08,7124.82,Pendente,2,SMS,,0.0,Médio,Terceirizado Sul,9,2025
1558,112,82,16,2025-10-08,7124.82,Paga,0,Sem Cobrança,2025-10-08,7124.82,Alto,,10,2025
1559,112,82,17,2025-11-07,7124.82,Paga,0,Sem Cobrança,2025-11-09,7124.82,Alto,,11,2025
1560,112,82,18,2025-12-07,7124.82,Paga,0,Sem Cobrança,2025-12-07,7124.82,Alto,,12,2025
1561,112,82,19,2026-01-06,7124.82,Vencida,7,Email,,0.0,Médio,Equipe B,1,2026
1562,112,82,20,2026-02-05,7124.82,Paga,0,Sem Cobrança,2026-02-05,7124.82,Alto,,2,2026
1563,113,83,1,2024-04-29,2640.65,Paga,0,Sem Cobrança,2024-04-30,2640.65,Alto,,4,2024
1564,113,83,2,2024-05-29,2640.65,Paga,0,Sem Cobrança,2024-05-31,2640.65,Alto,,5,2024
1565,113,83,3,2024-06-28,2640.65,Vencida,38,Cartório,,0.0,Médio,Equipe B,6,2024
1566,113,83,4,2024-07-28,2640.65,Renegociada,9,Email,2024-08-06,2065.25,Médio,Equipe B,7,2024
1567,113,83,5,2024-08-27,2640.65,Paga,0,Sem Cobrança,2024-08-29,2640.65,Alto,,8,2024
1568,113,83,6,2024-09-26,2640.65,Paga,0,Sem Cobrança,2024-09-28,2640.65,Alto,,9,2024
1569,113,83,7,2024-10-26,2640.65,Paga,0,Sem Cobrança,2024-10-29,2640.65,Alto,,10,2024
1570,113,83,8,2024-11-25,2640.65,Paga,0,Sem Cobrança,2024-11-28,2640.65,Alto,,11,2024
1571,113,83,9,2024-12-25,2640.65,Paga,0,Sem Cobrança,2024-12-27,2640.65,Alto,,12,2024
1572,113,83,10,2025-01-24,2640.65,Paga,0,Sem Cobrança,2025-01-26,2640.65,Alto,,1,2025
1573,113,83,11,2025-02-23,2640.65,Paga,0,Sem Cobrança,2025-02-23,2640.65,Alto,,2,2025
1574,113,83,12,2025-03-25,2640.65,Paga,0,Sem Cobrança,2025-03-27,2640.65,Alto,,3,2025
1575,113,83,13,2025-04-24,2640.65,Paga,0,Sem Cobrança,2025-04-25,2640.65,Alto,,4,2025
1576,113,83,14,2025-05-24,2640.65,Paga,0,Sem Cobrança,2025-05-27,2640.65,Alto,,5,2025
1577,113,83,15,2025-06-23,2640.65,Paga,0,Sem Cobrança,2025-06-26,2640.65,Alto,,6,2025
1578,113,83,16,2025-07-23,2640.65,Paga,0,Sem Cobrança,2025-07-25,2640.65,Alto,,7,2025
1579,113,83,17,2025-08-22,2640.65,Paga,0,Sem Cobrança,2025-08-22,2640.65,Alto,,8,2025
1580,113,83,18,2025-09-21,2640.65,Paga,0,Sem Cobrança,2025-09-24,2640.65,Alto,,9,2025
1581,113,83,19,2025-10-21,2640.65,Paga,0,Sem Cobrança,2025-10-23,2640.65,Alto,,10,2025
1582,113,83,20,2025-11-20,2640.65,Paga,0,Sem Cobrança,2025-11-20,2640.65,Alto,,11,2025
1583,113,83,21,2025-12-20,2640.65,Paga,0,Sem Cobrança,2025-12-20,2640.65,Alto,,12,2025
1584,113,83,22,2026-01-19,2640.65,Paga,0,Sem Cobrança,2026-01-21,2640.65,Alto,,1,2026
1585,114,84,1,2020-10-12,5183.14,Paga,0,Sem Cobrança,2020-10-14,5183.14,Alto,,10,2020
1586,114,84,2,2020-11-11,5183.14,Paga,0,Sem Cobrança,2020-11-11,5183.14,Alto,,11,2020
1587,114,84,3,2020-12-11,5183.14,Paga,0,Sem Cobrança,2020-12-13,5183.14,Alto,,12,2020
1588,114,84,4,2021-01-10,5183.14,Paga,0,Sem Cobrança,2021-01-11,5183.14,Alto,,1,2021
1589,114,84,5,2021-02-09,5183.14,Paga,0,Sem Cobrança,2021-02-09,5183.14,Alto,,2,2021
1590,114,84,6,2021-03-11,5183.14,Paga,0,Sem Cobrança,2021-03-13,5183.14,Alto,,3,2021
1591,114,84,7,2021-04-10,5183.14,Paga,0,Sem Cobrança,2021-04-12,5183.14,Alto,,4,2021
1592,114,84,8,2021-05-10,5183.14,Paga,0,Sem Cobrança,2021-05-12,5183.14,Alto,,5,2021
1593,114,84,9,2021-06-09,5183.14,Paga,0,Sem Cobrança,2021-06-11,5183.14,Alto,,6,2021
1594,114,84,10,2021-07-09,5183.14,Paga,0,Sem Cobrança,2021-07-11,5183.14,Alto,,7,2021
1595,114,84,11,2021-08-08,5183.14,Paga,0,Sem Cobrança,2021-08-08,5183.14,Alto,,8,2021
1596,114,84,12,2021-09-07,5183.14,Paga,0,Sem Cobrança,2021-09-08,5183.14,Alto,,9,2021
1597,114,84,13,2021-10-07,5183.14,Paga,0,Sem Cobrança,2021-10-07,5183.14,Alto,,10,2021
1598,114,84,14,2021-11-06,5183.14,Paga,0,Sem Cobrança,2021-11-06,5183.14,Alto,,11,2021
1599,114,84,15,2021-12-06,5183.14,Paga,0,Sem Cobrança,2021-12-09,5183.14,Alto,,12,2021
1600,114,84,16,2022-01-05,5183.14,Paga,0,Sem Cobrança,2022-01-08,5183.14,Alto,,1,2022
1601,114,84,17,2022-02-04,5183.14,Paga,0,Sem Cobrança,2022-02-06,5183.14,Alto,,2,2022
1602,114,84,18,2022-03-06,5183.14,Paga,0,Sem Cobrança,2022-03-06,5183.14,Alto,,3,2022
1603,114,84,19,2022-04-05,5183.14,Paga,0,Sem Cobrança,2022-04-08,5183.14,Alto,,4,2022
1604,114,84,20,2022-05-05,5183.14,Paga,0,Cartório,2022-06-06,4332.25,Alto,Terceirizado Sul,5,2022
1605,114,84,21,2022-06-04,5183.14,Paga,0,Sem Cobrança,2022-06-07,5183.14,Alto,,6,2022
1606,114,84,22,2022-07-04,5183.14,Paga,0,Sem Cobrança,2022-07-04,5183.14,Alto,,7,2022
1607,114,84,23,2022-08-03,5183.14,Paga,0,Sem Cobrança,2022-08-03,5183.14,Alto,,8,2022
1608,114,84,24,2022-09-02,5183.14,Paga,0,Sem Cobrança,2022-09-04,5183.14,Alto,,9,2022
1609,115,85,1,2025-03-23,2831.36,Paga,0,Sem Cobrança,2025-03-26,2831.36,Alto,,3,2025
1610,115,85,2,2025-04-22,2831.36,Paga,0,Ligação,2025-05-07,2268.53,Alto,Equipe A,4,2025
1611,115,85,3,2025-05-22,2831.36,Vencida,58,Cartório,,0.0,Médio,Equipe C,5,2025
1612,115,85,4,2025-06-21,2831.36,Paga,0,Sem Cobrança,2025-06-23,2831.36,Alto,,6,2025
1613,115,85,5,2025-07-21,2831.36,Paga,0,Sem Cobrança,2025-07-23,2831.36,Alto,,7,2025
1614,115,85,6,2025-08-20,2831.36,Paga,0,Sem Cobrança,2025-08-20,2831.36,Alto,,8,2025
1615,115,85,7,2025-09-19,2831.36,Paga,0,Sem Cobrança,2025-09-22,2831.36,Alto,,9,2025
1616,115,85,8,2025-10-19,2831.36,Paga,0,Sem Cobrança,2025-10-19,2831.36,Alto,,10,2025
1617,115,85,9,2025-11-18,2831.36,Paga,0,Sem Cobrança,2025-11-18,2831.36,Alto,,11,2025
1618,115,85,10,2025-12-18,2831.36,Renegociada,76,Jurídico,2026-03-04,2071.26,Médio,Equipe C,12,2025
1619,116,86,1,2022-02-27,1720.57,Paga,0,Sem Cobrança,2022-02-27,1720.57,Alto,,2,2022
1620,116,86,2,2022-03-29,1720.57,Paga,0,Sem Cobrança,2022-03-31,1720.57,Alto,,3,2022
1621,116,86,3,2022-04-28,1720.57,Paga,0,Sem Cobrança,2022-04-28,1720.57,Alto,,4,2022
1622,116,86,4,2022-05-28,1720.57,Paga,0,Sem Cobrança,2022-05-28,1720.57,Alto,,5,2022
1623,116,86,5,2022-06-27,1720.57,Paga,0,Sem Cobrança,2022-06-27,1720.57,Alto,,6,2022
1624,116,86,6,2022-07-27,1720.57,Renegociada,1,SMS,2022-07-28,1374.39,Médio,Terceirizado Sul,7,2022
1625,116,86,7,2022-08-26,1720.57,Paga,0,Sem Cobrança,2022-08-29,1720.57,Alto,,8,2022
1626,116,86,8,2022-09-25,1720.57,Paga,0,Sem Cobrança,2022-09-26,1720.57,Alto,,9,2022
1627,116,86,9,2022-10-25,1720.57,Paga,0,Sem Cobrança,2022-10-28,1720.57,Alto,,10,2022
1628,116,86,10,2022-11-24,1720.57,Renegociada,28,Ligação,2022-12-22,1505.91,Médio,Terceirizado Norte,11,2022
1629,116,86,11,2022-12-24,1720.57,Paga,0,Sem Cobrança,2022-12-24,1720.57,Alto,,12,2022
1630,116,86,12,2023-01-23,1720.57,Paga,0,Sem Cobrança,2023-01-24,1720.57,Alto,,1,2023
1631,116,86,13,2023-02-22,1720.57,Paga,0,Sem Cobrança,2023-02-25,1720.57,Alto,,2,2023
1632,116,86,14,2023-03-24,1720.57,Paga,0,Sem Cobrança,2023-03-26,1720.57,Alto,,3,2023
1633,116,86,15,2023-04-23,1720.57,Paga,0,Sem Cobrança,2023-04-26,1720.57,Alto,,4,2023
1634,116,86,16,2023-05-23,1720.57,Paga,0,Sem Cobrança,2023-05-25,1720.57,Alto,,5,2023
1635,116,86,17,2023-06-22,1720.57,Paga,0,Sem Cobrança,2023-06-22,1720.57,Alto,,6,2023
1636,116,86,18,2023-07-22,1720.57,Paga,0,Sem Cobrança,2023-07-23,1720.57,Alto,,7,2023
1637,116,86,19,2023-08-21,1720.57,Paga,0,Sem Cobrança,2023-08-22,1720.57,Alto,,8,2023
1638,117,87,1,2021-06-01,1337.47,Renegociada,17,Ligação,2021-06-18,1205.26,Médio,Terceirizado Norte,6,2021
1639,117,87,2,2021-07-01,1337.47,Paga,0,Sem Cobrança,2021-07-02,1337.47,Alto,,7,2021
1640,117,87,3,2021-07-31,1337.47,Paga,0,Sem Cobrança,2021-08-02,1337.47,Alto,,7,2021
1641,117,87,4,2021-08-30,1337.47,Paga,0,Sem Cobrança,2021-09-01,1337.47,Alto,,8,2021
1642,117,87,5,2021-09-29,1337.47,Paga,0,Sem Cobrança,2021-10-01,1337.47,Alto,,9,2021
1643,117,87,6,2021-10-29,1337.47,Paga,0,Sem Cobrança,2021-10-30,1337.47,Alto,,10,2021
1644,117,87,7,2021-11-28,1337.47,Paga,0,Sem Cobrança,2021-11-28,1337.47,Alto,,11,2021
1645,117,87,8,2021-12-28,1337.47,Paga,0,Sem Cobrança,2021-12-29,1337.47,Alto,,12,2021
1646,118,88,1,2024-10-04,2268.21,Paga,0,Sem Cobrança,2024-10-07,2268.21,Alto,,10,2024
1647,118,88,2,2024-11-03,2268.21,Paga,0,Sem Cobrança,2024-11-04,2268.21,Alto,,11,2024
1648,118,88,3,2024-12-03,2268.21,Paga,0,Sem Cobrança,2024-12-04,2268.21,Alto,,12,2024
1649,118,88,4,2025-01-02,2268.21,Vencida,21,Ligação,,0.0,Médio,Terceirizado Sul,1,2025
1650,118,88,5,2025-02-01,2268.21,Paga,0,Sem Cobrança,2025-02-02,2268.21,Alto,,2,2025
1651,118,88,6,2025-03-03,2268.21,Paga,0,Sem Cobrança,2025-03-03,2268.21,Alto,,3,2025
1652,118,88,7,2025-04-02,2268.21,Paga,0,Sem Cobrança,2025-04-03,2268.21,Alto,,4,2025
1653,118,88,8,2025-05-02,2268.21,Renegociada,19,Ligação,2025-05-21,1911.81,Médio,Terceirizado Sul,5,2025
1654,118,88,9,2025-06-01,2268.21,Paga,0,Sem Cobrança,2025-06-03,2268.21,Alto,,6,2025
1655,118,88,10,2025-07-01,2268.21,Paga,0,Sem Cobrança,2025-07-01,2268.21,Alto,,7,2025
1656,118,88,11,2025-07-31,2268.21,Paga,0,Sem Cobrança,2025-08-01,2268.21,Alto,,7,2025
1657,118,88,12,2025-08-30,2268.21,Paga,0,Sem Cobrança,2025-09-02,2268.21,Alto,,8,2025
1658,118,88,13,2025-09-29,2268.21,Paga,0,Sem Cobrança,2025-09-29,2268.21,Alto,,9,2025
1659,118,88,14,2025-10-29,2268.21,Paga,0,Sem Cobrança,2025-10-31,2268.21,Alto,,10,2025
1660,118,88,15,2025-11-28,2268.21,Paga,0,Sem Cobrança,2025-12-01,2268.21,Alto,,11,2025
1661,118,88,16,2025-12-28,2268.21,Paga,0,Sem Cobrança,2025-12-31,2268.21,Alto,,12,2025
1662,118,88,17,2026-01-27,2268.21,Paga,0,Sem Cobrança,2026-01-28,2268.21,Alto,,1,2026
1663,119,88,1,2024-06-10,12115.77,Vencida,32,Cartório,,0.0,Médio,Terceirizado Sul,6,2024
1664,119,88,2,2024-07-10,12115.77,Paga,0,Sem Cobrança,2024-07-10,12115.77,Alto,,7,2024
1665,119,88,3,2024-08-09,12115.77,Paga,0,Sem Cobrança,2024-08-09,12115.77,Alto,,8,2024
1666,119,88,4,2024-09-08,12115.77,Renegociada,73,Jurídico,2024-11-20,9448.53,Médio,Equipe A,9,2024
1667,119,88,5,2024-10-08,12115.77,Paga,0,Sem Cobrança,2024-10-10,12115.77,Alto,,10,2024
1668,119,88,6,2024-11-07,12115.77,Vencida,11,Email,,0.0,Médio,Terceirizado Norte,11,2024
1669,119,88,7,2024-12-07,12115.77,Paga,0,Sem Cobrança,2024-12-08,12115.77,Alto,,12,2024
1670,119,88,8,2025-01-06,12115.77,Paga,0,Sem Cobrança,2025-01-08,12115.77,Alto,,1,2025
1671,119,88,9,2025-02-05,12115.77,Paga,0,Sem Cobrança,2025-02-06,12115.77,Alto,,2,2025
1672,119,88,10,2025-03-07,12115.77,Paga,0,Sem Cobrança,2025-03-09,12115.77,Alto,,3,2025
1673,119,88,11,2025-04-06,12115.77,Paga,0,Sem Cobrança,2025-04-08,12115.77,Alto,,4,2025
1674,119,88,12,2025-05-06,12115.77,Paga,0,Sem Cobrança,2025-05-06,12115.77,Alto,,5,2025
1675,119,88,13,2025-06-05,12115.77,Pendente,2,SMS,,0.0,Médio,Equipe C,6,2025
1676,119,88,14,2025-07-05,12115.77,Paga,0,Sem Cobrança,2025-07-06,12115.77,Alto,,7,2025
1677,119,88,15,2025-08-04,12115.77,Renegociada,9,Email,2025-08-13,9688.33,Médio,Terceirizado Norte,8,2025
1678,119,88,16,2025-09-03,12115.77,Vencida,109,Jurídico,,0.0,Baixo,Equipe C,9,2025
1679,119,88,17,2025-10-03,12115.77,Pendente,1,SMS,,0.0,Médio,Equipe B,10,2025
1680,119,88,18,2025-11-02,12115.77,Paga,0,Sem Cobrança,2025-11-02,12115.77,Alto,,11,2025
1681,120,89,1,2023-09-27,6642.73,Paga,0,Sem Cobrança,2023-09-27,6642.73,Alto,,9,2023
1682,120,89,2,2023-10-27,6642.73,Paga,0,Sem Cobrança,2023-10-28,6642.73,Alto,,10,2023
1683,120,89,3,2023-11-26,6642.73,Paga,0,Sem Cobrança,2023-11-26,6642.73,Alto,,11,2023
1684,120,89,4,2023-12-26,6642.73,Paga,0,Sem Cobrança,2023-12-28,6642.73,Alto,,12,2023
1685,120,89,5,2024-01-25,6642.73,Paga,0,Sem Cobrança,2024-01-26,6642.73,Alto,,1,2024
1686,120,89,6,2024-02-24,6642.73,Paga,0,Sem Cobrança,2024-02-24,6642.73,Alto,,2,2024
1687,120,89,7,2024-03-25,6642.73,Paga,0,Sem Cobrança,2024-03-27,6642.73,Alto,,3,2024
1688,120,89,8,2024-04-24,6642.73,Paga,0,Sem Cobrança,2024-04-26,6642.73,Alto,,4,2024
1689,120,89,9,2024-05-24,6642.73,Paga,0,Sem Cobrança,2024-05-26,6642.73,Alto,,5,2024
1690,120,89,10,2024-06-23,6642.73,Paga,0,Sem Cobrança,2024-06-25,6642.73,Alto,,6,2024
1691,120,89,11,2024-07-23,6642.73,Paga,0,Sem Cobrança,2024-07-23,6642.73,Alto,,7,2024
1692,120,89,12,2024-08-22,6642.73,Paga,0,Sem Cobrança,2024-08-24,6642.73,Alto,,8,2024
1693,120,89,13,2024-09-21,6642.73,Paga,0,Sem Cobrança,2024-09-24,6642.73,Alto,,9,2024
1694,120,89,14,2024-10-21,6642.73,Paga,0,Sem Cobrança,2024-10-21,6642.73,Alto,,10,2024
1695,120,89,15,2024-11-20,6642.73,Paga,0,Sem Cobrança,2024-11-23,6642.73,Alto,,11,2024
1696,120,89,16,2024-12-20,6642.73,Paga,0,Sem Cobrança,2024-12-21,6642.73,Alto,,12,2024
1697,120,89,17,2025-01-19,6642.73,Paga,0,Sem Cobrança,2025-01-19,6642.73,Alto,,1,2025
1698,121,90,1,2022-09-07,2056.02,Paga,0,Sem Cobrança,2022-09-10,2056.02,Alto,,9,2022
1699,121,90,2,2022-10-07,2056.02,Paga,0,Sem Cobrança,2022-10-07,2056.02,Alto,,10,2022
1700,121,90,3,2022-11-06,2056.02,Pendente,1,SMS,,0.0,Médio,Equipe C,11,2022
1701,121,90,4,2022-12-06,2056.02,Paga,0,Sem Cobrança,2022-12-09,2056.02,Alto,,12,2022
1702,121,90,5,2023-01-05,2056.02,Paga,0,Sem Cobrança,2023-01-06,2056.02,Alto,,1,2023
1703,121,90,6,2023-02-04,2056.02,Paga,0,Sem Cobrança,2023-02-06,2056.02,Alto,,2,2023
1704,121,90,7,2023-03-06,2056.02,Paga,0,Sem Cobrança,2023-03-09,2056.02,Alto,,3,2023
1705,121,90,8,2023-04-05,2056.02,Paga,0,Sem Cobrança,2023-04-07,2056.02,Alto,,4,2023
1706,121,90,9,2023-05-05,2056.02,Paga,0,Sem Cobrança,2023-05-05,2056.02,Alto,,5,2023
1707,121,90,10,2023-06-04,2056.02,Paga,0,Sem Cobrança,2023-06-06,2056.02,Alto,,6,2023
1708,121,90,11,2023-07-04,2056.02,Paga,0,Sem Cobrança,2023-07-04,2056.02,Alto,,7,2023
1709,121,90,12,2023-08-03,2056.02,Paga,0,Sem Cobrança,2023-08-06,2056.02,Alto,,8,2023
1710,121,90,13,2023-09-02,2056.02,Paga,0,Sem Cobrança,2023-09-04,2056.02,Alto,,9,2023
1711,122,90,1,2023-04-14,4451.42,Vencida,119,Jurídico,,0.0,Baixo,Equipe B,4,2023
1712,122,90,2,2023-05-14,4451.42,Paga,0,Sem Cobrança,2023-05-15,4451.42,Alto,,5,2023
1713,122,90,3,2023-06-13,4451.42,Paga,0,Sem Cobrança,2023-06-15,4451.42,Alto,,6,2023
1714,122,90,4,2023-07-13,4451.42,Paga,0,Sem Cobrança,2023-07-14,4451.42,Alto,,7,2023
1715,122,90,5,2023-08-12,4451.42,Paga,0,Sem Cobrança,2023-08-14,4451.42,Alto,,8,2023
1716,122,90,6,2023-09-11,4451.42,Vencida,30,Cartório,,0.0,Médio,Equipe B,9,2023
1717,122,90,7,2023-10-11,4451.42,Paga,0,Sem Cobrança,2023-10-11,4451.42,Alto,,10,2023
1718,122,90,8,2023-11-10,4451.42,Vencida,29,Ligação,,0.0,Médio,Equipe A,11,2023
1719,122,90,9,2023-12-10,4451.42,Vencida,49,Cartório,,0.0,Médio,Terceirizado Sul,12,2023
1720,122,90,10,2024-01-09,4451.42,Paga,0,Sem Cobrança,2024-01-10,4451.42,Alto,,1,2024
1721,122,90,11,2024-02-08,4451.42,Paga,0,Sem Cobrança,2024-02-10,4451.42,Alto,,2,2024
1722,122,90,12,2024-03-09,4451.42,Vencida,7,Email,,0.0,Médio,Equipe A,3,2024
1723,122,90,13,2024-04-08,4451.42,Paga,0,Sem Cobrança,2024-04-08,4451.42,Alto,,4,2024
1724,122,90,14,2024-05-08,4451.42,Paga,0,Sem Cobrança,2024-05-10,4451.42,Alto,,5,2024
1725,122,90,15,2024-06-07,4451.42,Paga,0,Sem Cobrança,2024-06-10,4451.42,Alto,,6,2024
1726,123,90,1,2023-02-06,4488.88,Paga,0,Sem Cobrança,2023-02-06,4488.88,Alto,,2,2023
1727,123,90,2,2023-03-08,4488.88,Paga,0,Sem Cobrança,2023-03-10,4488.88,Alto,,3,2023
1728,123,90,3,2023-04-07,4488.88,Paga,0,Sem Cobrança,2023-04-08,4488.88,Alto,,4,2023
1729,123,90,4,2023-05-07,4488.88,Paga,0,Sem Cobrança,2023-05-09,4488.88,Alto,,5,2023
1730,123,90,5,2023-06-06,4488.88,Paga,0,Sem Cobrança,2023-06-07,4488.88,Alto,,6,2023
1731,123,90,6,2023-07-06,4488.88,Paga,0,Sem Cobrança,2023-07-07,4488.88,Alto,,7,2023
1732,123,90,7,2023-08-05,4488.88,Paga,0,Sem Cobrança,2023-08-08,4488.88,Alto,,8,2023
1733,123,90,8,2023-09-04,4488.88,Paga,0,Sem Cobrança,2023-09-06,4488.88,Alto,,9,2023
1734,123,90,9,2023-10-04,4488.88,Paga,0,Sem Cobrança,2023-10-06,4488.88,Alto,,10,2023
1735,123,90,10,2023-11-03,4488.88,Paga,0,Sem Cobrança,2023-11-06,4488.88,Alto,,11,2023
1736,123,90,11,2023-12-03,4488.88,Paga,0,Sem Cobrança,2023-12-06,4488.88,Alto,,12,2023
1737,123,90,12,2024-01-02,4488.88,Paga,0,Sem Cobrança,2024-01-05,4488.88,Alto,,1,2024
1738,123,90,13,2024-02-01,4488.88,Vencida,16,Ligação,,0.0,Médio,Terceirizado Sul,2,2024
1739,123,90,14,2024-03-02,4488.88,Paga,0,Sem Cobrança,2024-03-04,4488.88,Alto,,3,2024
1740,123,90,15,2024-04-01,4488.88,Paga,0,Sem Cobrança,2024-04-04,4488.88,Alto,,4,2024
1741,123,90,16,2024-05-01,4488.88,Paga,0,Sem Cobrança,2024-05-04,4488.88,Alto,,5,2024
1742,123,90,17,2024-05-31,4488.88,Paga,0,Sem Cobrança,2024-05-31,4488.88,Alto,,5,2024
1743,123,90,18,2024-06-30,4488.88,Paga,0,Sem Cobrança,2024-07-03,4488.88,Alto,,6,2024
1744,123,90,19,2024-07-30,4488.88,Vencida,49,Cartório,,0.0,Médio,Equipe B,7,2024
1745,124,91,1,2023-12-27,4113.77,Paga,0,Sem Cobrança,2023-12-28,4113.77,Alto,,12,2023
1746,124,91,2,2024-01-26,4113.77,Paga,0,Sem Cobrança,2024-01-28,4113.77,Alto,,1,2024
1747,124,91,3,2024-02-25,4113.77,Paga,0,SMS,2024-02-29,3706.6,Alto,Terceirizado Norte,2,2024
1748,124,91,4,2024-03-26,4113.77,Paga,0,Sem Cobrança,2024-03-29,4113.77,Alto,,3,2024
1749,124,91,5,2024-04-25,4113.77,Paga,0,Sem Cobrança,2024-04-25,4113.77,Alto,,4,2024
1750,124,91,6,2024-05-25,4113.77,Pendente,4,SMS,,0.0,Alto,Equipe C,5,2024
1751,124,91,7,2024-06-24,4113.77,Paga,0,Sem Cobrança,2024-06-26,4113.77,Alto,,6,2024
1752,124,91,8,2024-07-24,4113.77,Paga,0,Sem Cobrança,2024-07-26,4113.77,Alto,,7,2024
1753,124,91,9,2024-08-23,4113.77,Paga,0,Sem Cobrança,2024-08-23,4113.77,Alto,,8,2024
1754,124,91,10,2024-09-22,4113.77,Paga,0,Sem Cobrança,2024-09-22,4113.77,Alto,,9,2024
1755,124,91,11,2024-10-22,4113.77,Paga,0,Sem Cobrança,2024-10-23,4113.77,Alto,,10,2024
1756,124,91,12,2024-11-21,4113.77,Paga,0,Sem Cobrança,2024-11-24,4113.77,Alto,,11,2024
1757,124,91,13,2024-12-21,4113.77,Paga,0,Sem Cobrança,2024-12-22,4113.77,Alto,,12,2024
1758,124,91,14,2025-01-20,4113.77,Paga,0,Sem Cobrança,2025-01-22,4113.77,Alto,,1,2025
1759,124,91,15,2025-02-19,4113.77,Paga,0,Sem Cobrança,2025-02-19,4113.77,Alto,,2,2025
1760,124,91,16,2025-03-21,4113.77,Paga,0,Sem Cobrança,2025-03-22,4113.77,Alto,,3,2025
1761,124,91,17,2025-04-20,4113.77,Paga,0,Sem Cobrança,2025-04-20,4113.77,Alto,,4,2025
1762,124,91,18,2025-05-20,4113.77,Paga,0,Sem Cobrança,2025-05-20,4113.77,Alto,,5,2025
1763,124,91,19,2025-06-19,4113.77,Paga,0,Sem Cobrança,2025-06-20,4113.77,Alto,,6,2025
1764,124,91,20,2025-07-19,4113.77,Paga,0,Sem Cobrança,2025-07-22,4113.77,Alto,,7,2025
1765,124,91,21,2025-08-18,4113.77,Paga,0,Ligação,2025-09-04,4022.5,Alto,Equipe C,8,2025
1766,124,91,22,2025-09-17,4113.77,Paga,0,Sem Cobrança,2025-09-18,4113.77,Alto,,9,2025
1767,124,91,23,2025-10-17,4113.77,Paga,0,Sem Cobrança,2025-10-19,4113.77,Alto,,10,2025
1768,124,91,24,2025-11-16,4113.77,Paga,0,Sem Cobrança,2025-11-19,4113.77,Alto,,11,2025
1769,125,92,1,2024-01-03,2237.37,Paga,0,Sem Cobrança,2024-01-03,2237.37,Alto,,1,2024
1770,125,92,2,2024-02-02,2237.37,Vencida,5,Email,,0.0,Médio,Equipe B,2,2024
1771,125,92,3,2024-03-03,2237.37,Paga,0,Sem Cobrança,2024-03-04,2237.37,Alto,,3,2024
1772,125,92,4,2024-04-02,2237.37,Paga,0,Sem Cobrança,2024-04-04,2237.37,Alto,,4,2024
1773,125,92,5,2024-05-02,2237.37,Paga,0,Sem Cobrança,2024-05-02,2237.37,Alto,,5,2024
1774,125,92,6,2024-06-01,2237.37,Paga,0,Sem Cobrança,2024-06-04,2237.37,Alto,,6,2024
1775,125,92,7,2024-07-01,2237.37,Paga,0,Sem Cobrança,2024-07-03,2237.37,Alto,,7,2024
1776,125,92,8,2024-07-31,2237.37,Paga,0,Sem Cobrança,2024-07-31,2237.37,Alto,,7,2024
1777,125,92,9,2024-08-30,2237.37,Paga,0,Sem Cobrança,2024-09-02,2237.37,Alto,,8,2024
1778,126,92,1,2023-05-30,2934.59,Vencida,19,Ligação,,0.0,Médio,Equipe A,5,2023
1779,126,92,2,2023-06-29,2934.59,Paga,0,Sem Cobrança,2023-06-29,2934.59,Alto,,6,2023
1780,126,92,3,2023-07-29,2934.59,Paga,0,Sem Cobrança,2023-08-01,2934.59,Alto,,7,2023
1781,126,92,4,2023-08-28,2934.59,Pendente,2,SMS,,0.0,Médio,Terceirizado Norte,8,2023
1782,126,92,5,2023-09-27,2934.59,Paga,0,Sem Cobrança,2023-09-30,2934.59,Alto,,9,2023
1783,126,92,6,2023-10-27,2934.59,Paga,0,Sem Cobrança,2023-10-28,2934.59,Alto,,10,2023
1784,126,92,7,2023-11-26,2934.59,Paga,0,Sem Cobrança,2023-11-27,2934.59,Alto,,11,2023
1785,126,92,8,2023-12-26,2934.59,Paga,0,Sem Cobrança,2023-12-29,2934.59,Alto,,12,2023
1786,126,92,9,2024-01-25,2934.59,Paga,0,Sem Cobrança,2024-01-26,2934.59,Alto,,1,2024
1787,126,92,10,2024-02-24,2934.59,Paga,0,Sem Cobrança,2024-02-26,2934.59,Alto,,2,2024
1788,127,92,1,2024-02-05,2219.77,Paga,0,Sem Cobrança,2024-02-06,2219.77,Alto,,2,2024
1789,127,92,2,2024-03-06,2219.77,Paga,0,Sem Cobrança,2024-03-08,2219.77,Alto,,3,2024
1790,127,92,3,2024-04-05,2219.77,Paga,0,Sem Cobrança,2024-04-05,2219.77,Alto,,4,2024
1791,127,92,4,2024-05-05,2219.77,Paga,0,Sem Cobrança,2024-05-08,2219.77,Alto,,5,2024
1792,127,92,5,2024-06-04,2219.77,Paga,0,Sem Cobrança,2024-06-07,2219.77,Alto,,6,2024
1793,127,92,6,2024-07-04,2219.77,Paga,0,Sem Cobrança,2024-07-05,2219.77,Alto,,7,2024
1794,127,92,7,2024-08-03,2219.77,Paga,0,Sem Cobrança,2024-08-05,2219.77,Alto,,8,2024
1795,127,92,8,2024-09-02,2219.77,Vencida,28,Ligação,,0.0,Médio,Equipe C,9,2024
1796,127,92,9,2024-10-02,2219.77,Paga,0,Sem Cobrança,2024-10-05,2219.77,Alto,,10,2024
1797,127,92,10,2024-11-01,2219.77,Vencida,88,Jurídico,,0.0,Médio,Equipe B,11,2024
1798,127,92,11,2024-12-01,2219.77,Vencida,56,Cartório,,0.0,Médio,Terceirizado Norte,12,2024
1799,127,92,12,2024-12-31,2219.77,Paga,0,Sem Cobrança,2025-01-01,2219.77,Alto,,12,2024
1800,127,92,13,2025-01-30,2219.77,Paga,0,Sem Cobrança,2025-01-31,2219.77,Alto,,1,2025
1801,127,92,14,2025-03-01,2219.77,Pendente,3,SMS,,0.0,Médio,Terceirizado Norte,3,2025
1802,127,92,15,2025-03-31,2219.77,Paga,0,Sem Cobrança,2025-04-03,2219.77,Alto,,3,2025
1803,127,92,16,2025-04-30,2219.77,Paga,0,Sem Cobrança,2025-04-30,2219.77,Alto,,4,2025
1804,127,92,17,2025-05-30,2219.77,Paga,0,Sem Cobrança,2025-05-30,2219.77,Alto,,5,2025
1805,127,92,18,2025-06-29,2219.77,Vencida,7,Email,,0.0,Médio,Equipe C,6,2025
1806,127,92,19,2025-07-29,2219.77,Paga,0,Sem Cobrança,2025-07-29,2219.77,Alto,,7,2025
1807,127,92,20,2025-08-28,2219.77,Paga,0,Sem Cobrança,2025-08-30,2219.77,Alto,,8,2025
1808,127,92,21,2025-09-27,2219.77,Renegociada,19,Ligação,2025-10-16,1978.3,Médio,Terceirizado Sul,9,2025
1809,127,92,22,2025-10-27,2219.77,Vencida,34,Cartório,,0.0,Médio,Equipe C,10,2025
1810,127,92,23,2025-11-26,2219.77,Paga,0,Sem Cobrança,2025-11-27,2219.77,Alto,,11,2025
1811,127,92,24,2025-12-26,2219.77,Paga,0,Sem Cobrança,2025-12-27,2219.77,Alto,,12,2025
1812,128,93,1,2023-03-11,1145.61,Paga,0,Sem Cobrança,2023-03-11,1145.61,Alto,,3,2023
1813,128,93,2,2023-04-10,1145.61,Paga,0,Sem Cobrança,2023-04-11,1145.61,Alto,,4,2023
1814,128,93,3,2023-05-10,1145.61,Paga,0,Sem Cobrança,2023-05-12,1145.61,Alto,,5,2023
1815,128,93,4,2023-06-09,1145.61,Paga,0,Sem Cobrança,2023-06-09,1145.61,Alto,,6,2023
1816,128,93,5,2023-07-09,1145.61,Paga,0,Sem Cobrança,2023-07-12,1145.61,Alto,,7,2023
1817,128,93,6,2023-08-08,1145.61,Vencida,39,Cartório,,0.0,Médio,Terceirizado Sul,8,2023
1818,128,93,7,2023-09-07,1145.61,Paga,0,Sem Cobrança,2023-09-08,1145.61,Alto,,9,2023
1819,128,93,8,2023-10-07,1145.61,Paga,0,Sem Cobrança,2023-10-10,1145.61,Alto,,10,2023
1820,129,94,1,2024-08-17,1877.5,Paga,0,Sem Cobrança,2024-08-17,1877.5,Alto,,8,2024
1821,129,94,2,2024-09-16,1877.5,Paga,0,Sem Cobrança,2024-09-17,1877.5,Alto,,9,2024
1822,129,94,3,2024-10-16,1877.5,Paga,0,Sem Cobrança,2024-10-18,1877.5,Alto,,10,2024
1823,129,94,4,2024-11-15,1877.5,Paga,0,Sem Cobrança,2024-11-18,1877.5,Alto,,11,2024
1824,129,94,5,2024-12-15,1877.5,Paga,0,Sem Cobrança,2024-12-17,1877.5,Alto,,12,2024
1825,129,94,6,2025-01-14,1877.5,Paga,0,SMS,2025-01-18,1780.7,Alto,Terceirizado Norte,1,2025
1826,129,94,7,2025-02-13,1877.5,Paga,0,Sem Cobrança,2025-02-13,1877.5,Alto,,2,2025
1827,129,94,8,2025-03-15,1877.5,Paga,0,Sem Cobrança,2025-03-16,1877.5,Alto,,3,2025
1828,129,94,9,2025-04-14,1877.5,Paga,0,Sem Cobrança,2025-04-14,1877.5,Alto,,4,2025
1829,129,94,10,2025-05-14,1877.5,Paga,0,Sem Cobrança,2025-05-15,1877.5,Alto,,5,2025
1830,129,94,11,2025-06-13,1877.5,Paga,0,Sem Cobrança,2025-06-15,1877.5,Alto,,6,2025
1831,129,94,12,2025-07-13,1877.5,Paga,0,Sem Cobrança,2025-07-13,1877.5,Alto,,7,2025
1832,129,94,13,2025-08-12,1877.5,Paga,0,Sem Cobrança,2025-08-12,1877.5,Alto,,8,2025
1833,129,94,14,2025-09-11,1877.5,Paga,0,Sem Cobrança,2025-09-13,1877.5,Alto,,9,2025
1834,129,94,15,2025-10-11,1877.5,Paga,0,Sem Cobrança,2025-10-11,1877.5,Alto,,10,2025
1835,129,94,16,2025-11-10,1877.5,Paga,0,Sem Cobrança,2025-11-12,1877.5,Alto,,11,2025
1836,129,94,17,2025-12-10,1877.5,Paga,0,Sem Cobrança,2025-12-10,1877.5,Alto,,12,2025
1837,129,94,18,2026-01-09,1877.5,Paga,0,Sem Cobrança,2026-01-11,1877.5,Alto,,1,2026
1838,129,94,19,2026-02-08,1877.5,Paga,0,Sem Cobrança,2026-02-08,1877.5,Alto,,2,2026
1839,130,95,1,2024-05-22,1230.05,Vencida,5,Email,,0.0,Médio,Terceirizado Sul,5,2024
1840,130,95,2,2024-06-21,1230.05,Paga,0,Sem Cobrança,2024-06-21,1230.05,Alto,,6,2024
1841,130,95,3,2024-07-21,1230.05,Vencida,66,Jurídico,,0.0,Médio,Terceirizado Sul,7,2024
1842,130,95,4,2024-08-20,1230.05,Paga,0,Sem Cobrança,2024-08-23,1230.05,Alto,,8,2024
1843,130,95,5,2024-09-19,1230.05,Paga,0,Sem Cobrança,2024-09-21,1230.05,Alto,,9,2024
1844,130,95,6,2024-10-19,1230.05,Paga,0,Sem Cobrança,2024-10-19,1230.05,Alto,,10,2024
1845,130,95,7,2024-11-18,1230.05,Vencida,16,Ligação,,0.0,Médio,Terceirizado Norte,11,2024
1846,130,95,8,2024-12-18,1230.05,Vencida,6,Email,,0.0,Médio,Equipe B,12,2024
1847,130,95,9,2025-01-17,1230.05,Vencida,72,Jurídico,,0.0,Médio,Equipe B,1,2025
1848,130,95,10,2025-02-16,1230.05,Paga,0,Sem Cobrança,2025-02-19,1230.05,Alto,,2,2025
1849,130,95,11,2025-03-18,1230.05,Paga,0,Sem Cobrança,2025-03-18,1230.05,Alto,,3,2025
1850,130,95,12,2025-04-17,1230.05,Paga,0,Sem Cobrança,2025-04-17,1230.05,Alto,,4,2025
1851,130,95,13,2025-05-17,1230.05,Renegociada,24,Ligação,2025-06-10,1119.84,Médio,Terceirizado Sul,5,2025
1852,131,96,1,2021-09-27,8562.65,Vencida,53,Cartório,,0.0,Médio,Equipe C,9,2021
1853,131,96,2,2021-10-27,8562.65,Paga,0,Sem Cobrança,2021-10-29,8562.65,Alto,,10,2021
1854,131,96,3,2021-11-26,8562.65,Paga,0,Sem Cobrança,2021-11-26,8562.65,Alto,,11,2021
1855,131,96,4,2021-12-26,8562.65,Paga,0,Sem Cobrança,2021-12-26,8562.65,Alto,,12,2021
1856,131,96,5,2022-01-25,8562.65,Paga,0,Sem Cobrança,2022-01-26,8562.65,Alto,,1,2022
1857,131,96,6,2022-02-24,8562.65,Paga,0,Sem Cobrança,2022-02-24,8562.65,Alto,,2,2022
1858,131,96,7,2022-03-26,8562.65,Paga,0,Sem Cobrança,2022-03-26,8562.65,Alto,,3,2022
1859,131,96,8,2022-04-25,8562.65,Paga,0,Sem Cobrança,2022-04-26,8562.65,Alto,,4,2022
1860,131,96,9,2022-05-25,8562.65,Paga,0,Sem Cobrança,2022-05-25,8562.65,Alto,,5,2022
1861,131,96,10,2022-06-24,8562.65,Renegociada,20,Ligação,2022-07-14,6800.78,Médio,Terceirizado Sul,6,2022
1862,132,96,1,2022-05-17,3525.34,Paga,0,Sem Cobrança,2022-05-18,3525.34,Alto,,5,2022
1863,132,96,2,2022-06-16,3525.34,Paga,0,Sem Cobrança,2022-06-19,3525.34,Alto,,6,2022
1864,132,96,3,2022-07-16,3525.34,Paga,0,Sem Cobrança,2022-07-16,3525.34,Alto,,7,2022
1865,132,96,4,2022-08-15,3525.34,Renegociada,1,SMS,2022-08-16,3213.62,Médio,Equipe C,8,2022
1866,132,96,5,2022-09-14,3525.34,Paga,0,Sem Cobrança,2022-09-15,3525.34,Alto,,9,2022
1867,132,96,6,2022-10-14,3525.34,Paga,0,Sem Cobrança,2022-10-16,3525.34,Alto,,10,2022
1868,132,96,7,2022-11-13,3525.34,Paga,0,Sem Cobrança,2022-11-15,3525.34,Alto,,11,2022
1869,132,96,8,2022-12-13,3525.34,Paga,0,Sem Cobrança,2022-12-14,3525.34,Alto,,12,2022
1870,132,96,9,2023-01-12,3525.34,Paga,0,Sem Cobrança,2023-01-14,3525.34,Alto,,1,2023
1871,132,96,10,2023-02-11,3525.34,Paga,0,Sem Cobrança,2023-02-11,3525.34,Alto,,2,2023
1872,132,96,11,2023-03-13,3525.34,Pendente,2,SMS,,0.0,Médio,Terceirizado Sul,3,2023
1873,132,96,12,2023-04-12,3525.34,Paga,0,Sem Cobrança,2023-04-12,3525.34,Alto,,4,2023
1874,132,96,13,2023-05-12,3525.34,Paga,0,Sem Cobrança,2023-05-13,3525.34,Alto,,5,2023
1875,133,97,1,2019-09-19,7477.65,Paga,0,Email,2019-09-26,6069.74,Alto,Equipe B,9,2019
1876,133,97,2,2019-10-19,7477.65,Paga,0,Cartório,2019-11-24,6948.66,Alto,Equipe A,10,2019
1877,133,97,3,2019-11-18,7477.65,Paga,0,SMS,2019-11-22,6553.95,Alto,Equipe C,11,2019
1878,133,97,4,2019-12-18,7477.65,Paga,0,Sem Cobrança,2019-12-18,7477.65,Alto,,12,2019
1879,133,97,5,2020-01-17,7477.65,Paga,0,SMS,2020-01-20,5276.64,Alto,Terceirizado Norte,1,2020
1880,133,97,6,2020-02-16,7477.65,Paga,0,Sem Cobrança,2020-02-16,7477.65,Alto,,2,2020
1881,133,97,7,2020-03-17,7477.65,Vencida,24,Ligação,,0.0,Alto,Terceirizado Sul,3,2020
1882,133,97,8,2020-04-16,7477.65,Paga,0,Ligação,2020-05-15,6014.58,Alto,Equipe A,4,2020
1883,133,97,9,2020-05-16,7477.65,Paga,0,Sem Cobrança,2020-05-18,7477.65,Alto,,5,2020
1884,133,97,10,2020-06-15,7477.65,Paga,0,Sem Cobrança,2020-06-17,7477.65,Alto,,6,2020
1885,133,97,11,2020-07-15,7477.65,Paga,0,Sem Cobrança,2020-07-16,7477.65,Alto,,7,2020
1886,133,97,12,2020-08-14,7477.65,Paga,0,Sem Cobrança,2020-08-16,7477.65,Alto,,8,2020
1887,133,97,13,2020-09-13,7477.65,Paga,0,Sem Cobrança,2020-09-16,7477.65,Alto,,9,2020
1888,133,97,14,2020-10-13,7477.65,Paga,0,Sem Cobrança,2020-10-13,7477.65,Alto,,10,2020
1889,133,97,15,2020-11-12,7477.65,Paga,0,Sem Cobrança,2020-11-15,7477.65,Alto,,11,2020
1890,133,97,16,2020-12-12,7477.65,Paga,0,Sem Cobrança,2020-12-14,7477.65,Alto,,12,2020
1891,133,97,17,2021-01-11,7477.65,Paga,0,Sem Cobrança,2021-01-14,7477.65,Alto,,1,2021
1892,133,97,18,2021-02-10,7477.65,Paga,0,Sem Cobrança,2021-02-12,7477.65,Alto,,2,2021
1893,133,97,19,2021-03-12,7477.65,Vencida,24,Ligação,,0.0,Alto,Equipe B,3,2021
1894,133,97,20,2021-04-11,7477.65,Vencida,104,Jurídico,,0.0,Baixo,Equipe C,4,2021
1895,133,97,21,2021-05-11,7477.65,Paga,0,Cartório,2021-06-14,5991.54,Alto,Terceirizado Norte,5,2021
1896,133,97,22,2021-06-10,7477.65,Paga,0,Cartório,2021-07-12,5796.33,Alto,Terceirizado Sul,6,2021
1897,134,97,1,2020-07-04,4264.21,Paga,0,Sem Cobrança,2020-07-06,4264.21,Alto,,7,2020
1898,134,97,2,2020-08-03,4264.21,Paga,0,Sem Cobrança,2020-08-04,4264.21,Alto,,8,2020
1899,134,97,3,2020-09-02,4264.21,Paga,0,Sem Cobrança,2020-09-02,4264.21,Alto,,9,2020
1900,134,97,4,2020-10-02,4264.21,Paga,0,Sem Cobrança,2020-10-05,4264.21,Alto,,10,2020
1901,134,97,5,2020-11-01,4264.21,Vencida,25,Ligação,,0.0,Alto,Terceirizado Sul,11,2020
1902,134,97,6,2020-12-01,4264.21,Paga,0,Sem Cobrança,2020-12-01,4264.21,Alto,,12,2020
1903,135,98,1,2021-08-17,1416.28,Paga,0,Sem Cobrança,2021-08-19,1416.28,Alto,,8,2021
1904,135,98,2,2021-09-16,1416.28,Paga,0,Sem Cobrança,2021-09-18,1416.28,Alto,,9,2021
1905,135,98,3,2021-10-16,1416.28,Paga,0,Sem Cobrança,2021-10-19,1416.28,Alto,,10,2021
1906,135,98,4,2021-11-15,1416.28,Paga,0,Sem Cobrança,2021-11-17,1416.28,Alto,,11,2021
1907,135,98,5,2021-12-15,1416.28,Paga,0,Sem Cobrança,2021-12-18,1416.28,Alto,,12,2021
1908,135,98,6,2022-01-14,1416.28,Paga,0,Sem Cobrança,2022-01-15,1416.28,Alto,,1,2022
1909,135,98,7,2022-02-13,1416.28,Paga,0,Sem Cobrança,2022-02-13,1416.28,Alto,,2,2022
1910,135,98,8,2022-03-15,1416.28,Paga,0,Sem Cobrança,2022-03-15,1416.28,Alto,,3,2022
1911,135,98,9,2022-04-14,1416.28,Paga,0,Sem Cobrança,2022-04-17,1416.28,Alto,,4,2022
1912,135,98,10,2022-05-14,1416.28,Paga,0,Sem Cobrança,2022-05-14,1416.28,Alto,,5,2022
1913,135,98,11,2022-06-13,1416.28,Paga,0,Sem Cobrança,2022-06-14,1416.28,Alto,,6,2022
1914,135,98,12,2022-07-13,1416.28,Paga,0,Email,2022-07-21,1100.78,Alto,Equipe C,7,2022
1915,135,98,13,2022-08-12,1416.28,Paga,0,Sem Cobrança,2022-08-12,1416.28,Alto,,8,2022
1916,135,98,14,2022-09-11,1416.28,Paga,0,Sem Cobrança,2022-09-13,1416.28,Alto,,9,2022
1917,135,98,15,2022-10-11,1416.28,Paga,0,Sem Cobrança,2022-10-14,1416.28,Alto,,10,2022
1918,135,98,16,2022-11-10,1416.28,Paga,0,Sem Cobrança,2022-11-10,1416.28,Alto,,11,2022
1919,135,98,17,2022-12-10,1416.28,Paga,0,Sem Cobrança,2022-12-12,1416.28,Alto,,12,2022
1920,135,98,18,2023-01-09,1416.28,Paga,0,Sem Cobrança,2023-01-12,1416.28,Alto,,1,2023
1921,135,98,19,2023-02-08,1416.28,Paga,0,Ligação,2023-03-01,1001.89,Alto,Terceirizado Sul,2,2023
1922,135,98,20,2023-03-10,1416.28,Paga,0,Sem Cobrança,2023-03-12,1416.28,Alto,,3,2023
1923,135,98,21,2023-04-09,1416.28,Paga,0,Sem Cobrança,2023-04-11,1416.28,Alto,,4,2023
1924,135,98,22,2023-05-09,1416.28,Paga,0,Sem Cobrança,2023-05-11,1416.28,Alto,,5,2023
1925,135,98,23,2023-06-08,1416.28,Paga,0,Sem Cobrança,2023-06-09,1416.28,Alto,,6,2023
1926,135,98,24,2023-07-08,1416.28,Paga,0,Sem Cobrança,2023-07-10,1416.28,Alto,,7,2023
1927,136,99,1,2022-10-23,2139.31,Paga,0,Sem Cobrança,2022-10-23,2139.31,Alto,,10,2022
1928,136,99,2,2022-11-22,2139.31,Paga,0,Sem Cobrança,2022-11-23,2139.31,Alto,,11,2022
1929,136,99,3,2022-12-22,2139.31,Paga,0,Sem Cobrança,2022-12-24,2139.31,Alto,,12,2022
1930,136,99,4,2023-01-21,2139.31,Paga,0,Sem Cobrança,2023-01-24,2139.31,Alto,,1,2023
1931,136,99,5,2023-02-20,2139.31,Paga,0,Sem Cobrança,2023-02-20,2139.31,Alto,,2,2023
1932,136,99,6,2023-03-22,2139.31,Paga,0,Sem Cobrança,2023-03-23,2139.31,Alto,,3,2023
1933,136,99,7,2023-04-21,2139.31,Paga,0,Sem Cobrança,2023-04-21,2139.31,Alto,,4,2023
1934,136,99,8,2023-05-21,2139.31,Paga,0,Sem Cobrança,2023-05-22,2139.31,Alto,,5,2023
1935,136,99,9,2023-06-20,2139.31,Paga,0,Sem Cobrança,2023-06-23,2139.31,Alto,,6,2023
1936,136,99,10,2023-07-20,2139.31,Paga,0,Sem Cobrança,2023-07-20,2139.31,Alto,,7,2023
1937,137,100,1,2024-05-14,2849.15,Paga,0,Sem Cobrança,2024-05-17,2849.15,Alto,,5,2024
1938,137,100,2,2024-06-13,2849.15,Paga,0,Sem Cobrança,2024-06-16,2849.15,Alto,,6,2024
1939,137,100,3,2024-07-13,2849.15,Paga,0,Sem Cobrança,2024-07-14,2849.15,Alto,,7,2024
1940,137,100,4,2024-08-12,2849.15,Paga,0,Sem Cobrança,2024-08-14,2849.15,Alto,,8,2024
1941,137,100,5,2024-09-11,2849.15,Paga,0,Sem Cobrança,2024-09-13,2849.15,Alto,,9,2024
1942,137,100,6,2024-10-11,2849.15,Paga,0,Sem Cobrança,2024-10-13,2849.15,Alto,,10,2024
1943,137,100,7,2024-11-10,2849.15,Paga,0,Sem Cobrança,2024-11-12,2849.15,Alto,,11,2024
1944,137,100,8,2024-12-10,2849.15,Paga,0,Sem Cobrança,2024-12-10,2849.15,Alto,,12,2024
1945,137,100,9,2025-01-09,2849.15,Paga,0,Sem Cobrança,2025-01-12,2849.15,Alto,,1,2025
1946,137,100,10,2025-02-08,2849.15,Paga,0,Sem Cobrança,2025-02-11,2849.15,Alto,,2,2025
1947,137,100,11,2025-03-10,2849.15,Paga,0,Sem Cobrança,2025-03-12,2849.15,Alto,,3,2025
1948,137,100,12,2025-04-09,2849.15,Paga,0,Sem Cobrança,2025-04-09,2849.15,Alto,,4,2025
1949,137,100,13,2025-05-09,2849.15,Paga,0,Sem Cobrança,2025-05-12,2849.15,Alto,,5,2025
1950,137,100,14,2025-06-08,2849.15,Paga,0,Sem Cobrança,2025-06-11,2849.15,Alto,,6,2025
1951,137,100,15,2025-07-08,2849.15,Paga,0,Sem Cobrança,2025-07-09,2849.15,Alto,,7,2025
1952,137,100,16,2025-08-07,2849.15,Paga,0,Sem Cobrança,2025-08-08,2849.15,Alto,,8,2025
1953,137,100,17,2025-09-06,2849.15,Paga,0,Sem Cobrança,2025-09-07,2849.15,Alto,,9,2025
1954,137,100,18,2025-10-06,2849.15,Paga,0,Sem Cobrança,2025-10-09,2849.15,Alto,,10,2025
1955,137,100,19,2025-11-05,2849.15,Paga,0,Sem Cobrança,2025-11-06,2849.15,Alto,,11,2025
1956,137,100,20,2025-12-05,2849.15,Paga,0,Sem Cobrança,2025-12-07,2849.15,Alto,,12,2025
1957,137,100,21,2026-01-04,2849.15,Paga,0,Sem Cobrança,2026-01-04,2849.15,Alto,,1,2026
1958,137,100,22,2026-02-03,2849.15,Paga,0,Sem Cobrança,2026-02-06,2849.15,Alto,,2,2026
1959,138,101,1,2023-10-18,2038.79,Paga,0,Sem Cobrança,2023-10-21,2038.79,Alto,,10,2023
1960,138,101,2,2023-11-17,2038.79,Paga,0,Sem Cobrança,2023-11-18,2038.79,Alto,,11,2023
1961,138,101,3,2023-12-17,2038.79,Paga,0,Sem Cobrança,2023-12-20,2038.79,Alto,,12,2023
1962,138,101,4,2024-01-16,2038.79,Renegociada,52,Cartório,2024-03-08,1766.35,Médio,Terceirizado Norte,1,2024
1963,138,101,5,2024-02-15,2038.79,Paga,0,Sem Cobrança,2024-02-16,2038.79,Alto,,2,2024
1964,138,101,6,2024-03-16,2038.79,Paga,0,Sem Cobrança,2024-03-19,2038.79,Alto,,3,2024
1965,138,101,7,2024-04-15,2038.79,Renegociada,44,Cartório,2024-05-29,1742.08,Médio,Terceirizado Sul,4,2024
1966,138,101,8,2024-05-15,2038.79,Paga,0,Sem Cobrança,2024-05-18,2038.79,Alto,,5,2024
1967,138,101,9,2024-06-14,2038.79,Paga,0,Sem Cobrança,2024-06-17,2038.79,Alto,,6,2024
1968,138,101,10,2024-07-14,2038.79,Paga,0,Sem Cobrança,2024-07-15,2038.79,Alto,,7,2024
1969,138,101,11,2024-08-13,2038.79,Paga,0,Sem Cobrança,2024-08-13,2038.79,Alto,,8,2024
1970,138,101,12,2024-09-12,2038.79,Paga,0,Sem Cobrança,2024-09-14,2038.79,Alto,,9,2024
1971,138,101,13,2024-10-12,2038.79,Paga,0,Sem Cobrança,2024-10-12,2038.79,Alto,,10,2024
1972,138,101,14,2024-11-11,2038.79,Paga,0,Sem Cobrança,2024-11-11,2038.79,Alto,,11,2024
1973,138,101,15,2024-12-11,2038.79,Pendente,2,SMS,,0.0,Médio,Terceirizado Norte,12,2024
1974,138,101,16,2025-01-10,2038.79,Paga,0,Sem Cobrança,2025-01-13,2038.79,Alto,,1,2025
1975,138,101,17,2025-02-09,2038.79,Renegociada,18,Ligação,2025-02-27,1539.36,Médio,Terceirizado Sul,2,2025
1976,138,101,18,2025-03-11,2038.79,Paga,0,Sem Cobrança,2025-03-11,2038.79,Alto,,3,2025
1977,138,101,19,2025-04-10,2038.79,Vencida,121,Jurídico,,0.0,Baixo,Terceirizado Norte,4,2025
1978,138,101,20,2025-05-10,2038.79,Paga,0,Sem Cobrança,2025-05-13,2038.79,Alto,,5,2025
1979,138,101,21,2025-06-09,2038.79,Renegociada,8,Email,2025-06-17,1899.95,Médio,Equipe B,6,2025
1980,138,101,22,2025-07-09,2038.79,Vencida,26,Ligação,,0.0,Médio,Terceirizado Sul,7,2025
1981,139,102,1,2025-01-22,3135.23,Paga,0,Sem Cobrança,2025-01-25,3135.23,Alto,,1,2025
1982,139,102,2,2025-02-21,3135.23,Paga,0,Sem Cobrança,2025-02-24,3135.23,Alto,,2,2025
1983,139,102,3,2025-03-23,3135.23,Paga,0,Sem Cobrança,2025-03-24,3135.23,Alto,,3,2025
1984,139,102,4,2025-04-22,3135.23,Paga,0,Sem Cobrança,2025-04-22,3135.23,Alto,,4,2025
1985,139,102,5,2025-05-22,3135.23,Paga,0,Sem Cobrança,2025-05-23,3135.23,Alto,,5,2025
1986,139,102,6,2025-06-21,3135.23,Paga,0,Sem Cobrança,2025-06-23,3135.23,Alto,,6,2025
1987,139,102,7,2025-07-21,3135.23,Paga,0,Sem Cobrança,2025-07-23,3135.23,Alto,,7,2025
1988,139,102,8,2025-08-20,3135.23,Renegociada,31,Cartório,2025-09-20,2452.23,Médio,Terceirizado Norte,8,2025
1989,139,102,9,2025-09-19,3135.23,Paga,0,Sem Cobrança,2025-09-20,3135.23,Alto,,9,2025
1990,139,102,10,2025-10-19,3135.23,Paga,0,Sem Cobrança,2025-10-21,3135.23,Alto,,10,2025
1991,139,102,11,2025-11-18,3135.23,Paga,0,Sem Cobrança,2025-11-18,3135.23,Alto,,11,2025
1992,139,102,12,2025-12-18,3135.23,Paga,0,Sem Cobrança,2025-12-20,3135.23,Alto,,12,2025
1993,139,102,13,2026-01-17,3135.23,Vencida,39,Cartório,,0.0,Médio,Equipe B,1,2026
1994,139,102,14,2026-02-16,3135.23,Pendente,2,SMS,,0.0,Médio,Terceirizado Sul,2,2026
1995,139,102,15,2026-03-18,3135.23,Paga,0,Sem Cobrança,2026-03-19,3135.23,Alto,,3,2026
1996,139,102,16,2026-04-17,3135.23,Renegociada,4,SMS,2026-04-21,2385.73,Médio,Terceirizado Sul,4,2026
1997,139,102,17,2026-05-17,3135.23,Paga,0,Sem Cobrança,2026-05-20,3135.23,Alto,,5,2026
1998,139,102,18,2026-06-16,3135.23,Paga,0,Sem Cobrança,2026-06-19,3135.23,Alto,,6,2026
1999,139,102,19,2026-07-16,3135.23,Paga,0,Sem Cobrança,2026-07-16,3135.23,Alto,,7,2026
2000,139,102,20,2026-08-15,3135.23,Paga,0,Sem Cobrança,2026-08-15,3135.23,Alto,,8,2026
2001,140,103,1,2024-06-05,5359.76,Paga,0,Sem Cobrança,2024-06-08,5359.76,Alto,,6,2024
2002,140,103,2,2024-07-05,5359.76,Paga,0,Sem Cobrança,2024-07-06,5359.76,Alto,,7,2024
2003,140,103,3,2024-08-04,5359.76,Paga,0,Sem Cobrança,2024-08-04,5359.76,Alto,,8,2024
2004,140,103,4,2024-09-03,5359.76,Paga,0,Sem Cobrança,2024-09-03,5359.76,Alto,,9,2024
2005,140,103,5,2024-10-03,5359.76,Paga,0,Sem Cobrança,2024-10-04,5359.76,Alto,,10,2024
2006,140,103,6,2024-11-02,5359.76,Paga,0,Sem Cobrança,2024-11-04,5359.76,Alto,,11,2024
2007,140,103,7,2024-12-02,5359.76,Paga,0,Sem Cobrança,2024-12-04,5359.76,Alto,,12,2024
2008,140,103,8,2025-01-01,5359.76,Paga,0,Sem Cobrança,2025-01-01,5359.76,Alto,,1,2025
2009,140,103,9,2025-01-31,5359.76,Paga,0,Sem Cobrança,2025-02-02,5359.76,Alto,,1,2025
2010,140,103,10,2025-03-02,5359.76,Paga,0,Sem Cobrança,2025-03-02,5359.76,Alto,,3,2025
2011,140,103,11,2025-04-01,5359.76,Paga,0,Sem Cobrança,2025-04-03,5359.76,Alto,,4,2025
2012,140,103,12,2025-05-01,5359.76,Paga,0,Sem Cobrança,2025-05-01,5359.76,Alto,,5,2025
2013,140,103,13,2025-05-31,5359.76,Paga,0,Sem Cobrança,2025-05-31,5359.76,Alto,,5,2025
2014,140,103,14,2025-06-30,5359.76,Paga,0,Sem Cobrança,2025-07-03,5359.76,Alto,,6,2025
2015,140,103,15,2025-07-30,5359.76,Paga,0,Sem Cobrança,2025-07-31,5359.76,Alto,,7,2025
2016,140,103,16,2025-08-29,5359.76,Paga,0,Sem Cobrança,2025-08-31,5359.76,Alto,,8,2025
2017,140,103,17,2025-09-28,5359.76,Paga,0,Sem Cobrança,2025-10-01,5359.76,Alto,,9,2025
2018,140,103,18,2025-10-28,5359.76,Paga,0,Sem Cobrança,2025-10-31,5359.76,Alto,,10,2025
2019,140,103,19,2025-11-27,5359.76,Paga,0,Sem Cobrança,2025-11-28,5359.76,Alto,,11,2025
2020,140,103,20,2025-12-27,5359.76,Paga,0,Sem Cobrança,2025-12-27,5359.76,Alto,,12,2025
2021,141,104,1,2020-04-12,4025.86,Paga,0,Sem Cobrança,2020-04-13,4025.86,Alto,,4,2020
2022,141,104,2,2020-05-12,4025.86,Vencida,67,Jurídico,,0.0,Médio,Equipe B,5,2020
2023,141,104,3,2020-06-11,4025.86,Paga,0,Sem Cobrança,2020-06-11,4025.86,Alto,,6,2020
2024,141,104,4,2020-07-11,4025.86,Paga,0,Sem Cobrança,2020-07-13,4025.86,Alto,,7,2020
2025,141,104,5,2020-08-10,4025.86,Paga,0,Sem Cobrança,2020-08-11,4025.86,Alto,,8,2020
2026,141,104,6,2020-09-09,4025.86,Paga,0,Sem Cobrança,2020-09-12,4025.86,Alto,,9,2020
2027,141,104,7,2020-10-09,4025.86,Paga,0,Sem Cobrança,2020-10-10,4025.86,Alto,,10,2020
2028,141,104,8,2020-11-08,4025.86,Paga,0,Sem Cobrança,2020-11-09,4025.86,Alto,,11,2020
2029,141,104,9,2020-12-08,4025.86,Paga,0,Sem Cobrança,2020-12-11,4025.86,Alto,,12,2020
2030,141,104,10,2021-01-07,4025.86,Paga,0,Sem Cobrança,2021-01-10,4025.86,Alto,,1,2021
2031,141,104,11,2021-02-06,4025.86,Paga,0,Sem Cobrança,2021-02-09,4025.86,Alto,,2,2021
2032,141,104,12,2021-03-08,4025.86,Paga,0,Sem Cobrança,2021-03-09,4025.86,Alto,,3,2021
2033,141,104,13,2021-04-07,4025.86,Pendente,3,SMS,,0.0,Médio,Equipe C,4,2021
2034,141,104,14,2021-05-07,4025.86,Paga,0,Sem Cobrança,2021-05-10,4025.86,Alto,,5,2021
2035,141,104,15,2021-06-06,4025.86,Paga,0,Sem Cobrança,2021-06-09,4025.86,Alto,,6,2021
2036,141,104,16,2021-07-06,4025.86,Vencida,19,Ligação,,0.0,Médio,Equipe A,7,2021
2037,141,104,17,2021-08-05,4025.86,Paga,0,Sem Cobrança,2021-08-08,4025.86,Alto,,8,2021
2038,141,104,18,2021-09-04,4025.86,Paga,0,Sem Cobrança,2021-09-07,4025.86,Alto,,9,2021
2039,141,104,19,2021-10-04,4025.86,Paga,0,Sem Cobrança,2021-10-07,4025.86,Alto,,10,2021
2040,141,104,20,2021-11-03,4025.86,Paga,0,Sem Cobrança,2021-11-04,4025.86,Alto,,11,2021
2041,141,104,21,2021-12-03,4025.86,Renegociada,32,Cartório,2022-01-04,3845.89,Médio,Terceirizado Norte,12,2021
2042,141,104,22,2022-01-02,4025.86,Renegociada,6,Email,2022-01-08,3201.71,Médio,Terceirizado Norte,1,2022
2043,142,105,1,2023-12-24,1752.34,Paga,0,Sem Cobrança,2023-12-26,1752.34,Alto,,12,2023
2044,142,105,2,2024-01-23,1752.34,Paga,0,Sem Cobrança,2024-01-25,1752.34,Alto,,1,2024
2045,142,105,3,2024-02-22,1752.34,Paga,0,Sem Cobrança,2024-02-23,1752.34,Alto,,2,2024
2046,142,105,4,2024-03-23,1752.34,Paga,0,Sem Cobrança,2024-03-23,1752.34,Alto,,3,2024
2047,142,105,5,2024-04-22,1752.34,Vencida,22,Ligação,,0.0,Baixo,Equipe B,4,2024
2048,142,105,6,2024-05-22,1752.34,Paga,0,Sem Cobrança,2024-05-22,1752.34,Alto,,5,2024
2049,142,105,7,2024-06-21,1752.34,Paga,0,Sem Cobrança,2024-06-23,1752.34,Alto,,6,2024
2050,142,105,8,2024-07-21,1752.34,Vencida,15,Ligação,,0.0,Baixo,Equipe A,7,2024
2051,142,105,9,2024-08-20,1752.34,Paga,0,Sem Cobrança,2024-08-20,1752.34,Alto,,8,2024
2052,142,105,10,2024-09-19,1752.34,Paga,0,Sem Cobrança,2024-09-21,1752.34,Alto,,9,2024
2053,142,105,11,2024-10-19,1752.34,Paga,0,Sem Cobrança,2024-10-19,1752.34,Alto,,10,2024
2054,142,105,12,2024-11-18,1752.34,Paga,0,Sem Cobrança,2024-11-19,1752.34,Alto,,11,2024
2055,142,105,13,2024-12-18,1752.34,Paga,0,Sem Cobrança,2024-12-19,1752.34,Alto,,12,2024
2056,142,105,14,2025-01-17,1752.34,Paga,0,Sem Cobrança,2025-01-20,1752.34,Alto,,1,2025
2057,142,105,15,2025-02-16,1752.34,Paga,0,Sem Cobrança,2025-02-17,1752.34,Alto,,2,2025
2058,142,105,16,2025-03-18,1752.34,Vencida,45,Cartório,,0.0,Baixo,Terceirizado Norte,3,2025
2059,142,105,17,2025-04-17,1752.34,Vencida,7,Email,,0.0,Baixo,Equipe A,4,2025
2060,142,105,18,2025-05-17,1752.34,Paga,0,Sem Cobrança,2025-05-17,1752.34,Alto,,5,2025
2061,142,105,19,2025-06-16,1752.34,Paga,0,Sem Cobrança,2025-06-19,1752.34,Alto,,6,2025
2062,142,105,20,2025-07-16,1752.34,Renegociada,31,Cartório,2025-08-16,1558.65,Baixo,Equipe B,7,2025
2063,143,106,1,2021-08-22,3274.12,Paga,0,Sem Cobrança,2021-08-22,3274.12,Alto,,8,2021
2064,143,106,2,2021-09-21,3274.12,Paga,0,Sem Cobrança,2021-09-24,3274.12,Alto,,9,2021
2065,143,106,3,2021-10-21,3274.12,Paga,0,Sem Cobrança,2021-10-22,3274.12,Alto,,10,2021
2066,143,106,4,2021-11-20,3274.12,Paga,0,Sem Cobrança,2021-11-22,3274.12,Alto,,11,2021
2067,143,106,5,2021-12-20,3274.12,Paga,0,Sem Cobrança,2021-12-20,3274.12,Alto,,12,2021
2068,143,106,6,2022-01-19,3274.12,Vencida,8,Email,,0.0,Médio,Terceirizado Norte,1,2022
2069,143,106,7,2022-02-18,3274.12,Vencida,7,Email,,0.0,Médio,Equipe B,2,2022
2070,144,106,1,2022-06-20,8232.39,Paga,0,Sem Cobrança,2022-06-23,8232.39,Alto,,6,2022
2071,144,106,2,2022-07-20,8232.39,Vencida,12,Email,,0.0,Médio,Equipe C,7,2022
2072,144,106,3,2022-08-19,8232.39,Paga,0,Sem Cobrança,2022-08-19,8232.39,Alto,,8,2022
2073,144,106,4,2022-09-18,8232.39,Paga,0,Sem Cobrança,2022-09-21,8232.39,Alto,,9,2022
2074,144,106,5,2022-10-18,8232.39,Paga,0,Sem Cobrança,2022-10-20,8232.39,Alto,,10,2022
2075,144,106,6,2022-11-17,8232.39,Paga,0,Sem Cobrança,2022-11-20,8232.39,Alto,,11,2022
2076,144,106,7,2022-12-17,8232.39,Paga,0,Sem Cobrança,2022-12-20,8232.39,Alto,,12,2022
2077,144,106,8,2023-01-16,8232.39,Pendente,1,SMS,,0.0,Médio,Terceirizado Norte,1,2023
2078,144,106,9,2023-02-15,8232.39,Paga,0,Sem Cobrança,2023-02-16,8232.39,Alto,,2,2023
2079,145,107,1,2022-04-27,1331.21,Vencida,17,Ligação,,0.0,Médio,Equipe C,4,2022
2080,145,107,2,2022-05-27,1331.21,Paga,0,Sem Cobrança,2022-05-27,1331.21,Alto,,5,2022
2081,145,107,3,2022-06-26,1331.21,Paga,0,Sem Cobrança,2022-06-26,1331.21,Alto,,6,2022
2082,145,107,4,2022-07-26,1331.21,Paga,0,Sem Cobrança,2022-07-27,1331.21,Alto,,7,2022
2083,145,107,5,2022-08-25,1331.21,Paga,0,Sem Cobrança,2022-08-28,1331.21,Alto,,8,2022
2084,145,107,6,2022-09-24,1331.21,Paga,0,Sem Cobrança,2022-09-26,1331.21,Alto,,9,2022
2085,145,107,7,2022-10-24,1331.21,Paga,0,Sem Cobrança,2022-10-24,1331.21,Alto,,10,2022
2086,145,107,8,2022-11-23,1331.21,Vencida,44,Cartório,,0.0,Médio,Terceirizado Norte,11,2022
2087,145,107,9,2022-12-23,1331.21,Paga,0,Sem Cobrança,2022-12-23,1331.21,Alto,,12,2022
2088,145,107,10,2023-01-22,1331.21,Vencida,12,Email,,0.0,Médio,Terceirizado Sul,1,2023
2089,145,107,11,2023-02-21,1331.21,Paga,0,Sem Cobrança,2023-02-21,1331.21,Alto,,2,2023
2090,145,107,12,2023-03-23,1331.21,Paga,0,Sem Cobrança,2023-03-25,1331.21,Alto,,3,2023
2091,145,107,13,2023-04-22,1331.21,Paga,0,Sem Cobrança,2023-04-24,1331.21,Alto,,4,2023
2092,145,107,14,2023-05-22,1331.21,Paga,0,Sem Cobrança,2023-05-22,1331.21,Alto,,5,2023
2093,145,107,15,2023-06-21,1331.21,Paga,0,Sem Cobrança,2023-06-24,1331.21,Alto,,6,2023
2094,145,107,16,2023-07-21,1331.21,Paga,0,Sem Cobrança,2023-07-23,1331.21,Alto,,7,2023
2095,145,107,17,2023-08-20,1331.21,Paga,0,Sem Cobrança,2023-08-23,1331.21,Alto,,8,2023
2096,145,107,18,2023-09-19,1331.21,Paga,0,Sem Cobrança,2023-09-21,1331.21,Alto,,9,2023
2097,146,108,1,2022-09-01,905.14,Paga,0,Sem Cobrança,2022-09-04,905.14,Alto,,9,2022
2098,146,108,2,2022-10-01,905.14,Paga,0,Sem Cobrança,2022-10-01,905.14,Alto,,10,2022
2099,146,108,3,2022-10-31,905.14,Paga,0,Sem Cobrança,2022-11-03,905.14,Alto,,10,2022
2100,146,108,4,2022-11-30,905.14,Paga,0,Sem Cobrança,2022-12-03,905.14,Alto,,11,2022
2101,146,108,5,2022-12-30,905.14,Paga,0,Sem Cobrança,2022-12-30,905.14,Alto,,12,2022
2102,146,108,6,2023-01-29,905.14,Paga,0,Sem Cobrança,2023-01-29,905.14,Alto,,1,2023
2103,146,108,7,2023-02-28,905.14,Paga,0,Sem Cobrança,2023-03-03,905.14,Alto,,2,2023
2104,146,108,8,2023-03-30,905.14,Paga,0,Sem Cobrança,2023-03-30,905.14,Alto,,3,2023
2105,146,108,9,2023-04-29,905.14,Paga,0,Ligação,2023-05-20,851.69,Alto,Terceirizado Norte,4,2023
2106,146,108,10,2023-05-29,905.14,Paga,0,Sem Cobrança,2023-06-01,905.14,Alto,,5,2023
2107,146,108,11,2023-06-28,905.14,Paga,0,Sem Cobrança,2023-06-30,905.14,Alto,,6,2023
2108,146,108,12,2023-07-28,905.14,Paga,0,Sem Cobrança,2023-07-30,905.14,Alto,,7,2023
2109,146,108,13,2023-08-27,905.14,Paga,0,Sem Cobrança,2023-08-29,905.14,Alto,,8,2023
2110,147,108,1,2022-12-17,1351.48,Paga,0,Sem Cobrança,2022-12-19,1351.48,Alto,,12,2022
2111,147,108,2,2023-01-16,1351.48,Paga,0,Sem Cobrança,2023-01-17,1351.48,Alto,,1,2023
2112,147,108,3,2023-02-15,1351.48,Paga,0,Sem Cobrança,2023-02-16,1351.48,Alto,,2,2023
2113,147,108,4,2023-03-17,1351.48,Paga,0,Sem Cobrança,2023-03-19,1351.48,Alto,,3,2023
2114,147,108,5,2023-04-16,1351.48,Paga,0,Sem Cobrança,2023-04-18,1351.48,Alto,,4,2023
2115,147,108,6,2023-05-16,1351.48,Paga,0,Sem Cobrança,2023-05-17,1351.48,Alto,,5,2023
2116,147,108,7,2023-06-15,1351.48,Paga,0,Sem Cobrança,2023-06-16,1351.48,Alto,,6,2023
2117,147,108,8,2023-07-15,1351.48,Paga,0,Sem Cobrança,2023-07-18,1351.48,Alto,,7,2023
2118,147,108,9,2023-08-14,1351.48,Paga,0,Ligação,2023-09-04,973.22,Alto,Equipe A,8,2023
2119,147,108,10,2023-09-13,1351.48,Paga,0,Sem Cobrança,2023-09-14,1351.48,Alto,,9,2023
2120,147,108,11,2023-10-13,1351.48,Paga,0,Sem Cobrança,2023-10-13,1351.48,Alto,,10,2023
2121,147,108,12,2023-11-12,1351.48,Paga,0,Sem Cobrança,2023-11-14,1351.48,Alto,,11,2023
2122,147,108,13,2023-12-12,1351.48,Paga,0,Sem Cobrança,2023-12-15,1351.48,Alto,,12,2023
2123,147,108,14,2024-01-11,1351.48,Paga,0,Sem Cobrança,2024-01-11,1351.48,Alto,,1,2024
2124,147,108,15,2024-02-10,1351.48,Paga,0,Sem Cobrança,2024-02-11,1351.48,Alto,,2,2024
2125,147,108,16,2024-03-11,1351.48,Paga,0,Sem Cobrança,2024-03-11,1351.48,Alto,,3,2024
2126,147,108,17,2024-04-10,1351.48,Paga,0,Sem Cobrança,2024-04-12,1351.48,Alto,,4,2024
2127,147,108,18,2024-05-10,1351.48,Paga,0,Sem Cobrança,2024-05-13,1351.48,Alto,,5,2024
2128,147,108,19,2024-06-09,1351.48,Paga,0,Sem Cobrança,2024-06-11,1351.48,Alto,,6,2024
2129,147,108,20,2024-07-09,1351.48,Paga,0,Sem Cobrança,2024-07-12,1351.48,Alto,,7,2024
2130,147,108,21,2024-08-08,1351.48,Paga,0,Sem Cobrança,2024-08-09,1351.48,Alto,,8,2024
2131,147,108,22,2024-09-07,1351.48,Vencida,47,Cartório,,0.0,Médio,Equipe C,9,2024
2132,148,109,1,2020-11-09,1079.66,Paga,0,Sem Cobrança,2020-11-09,1079.66,Alto,,11,2020
2133,148,109,2,2020-12-09,1079.66,Paga,0,Sem Cobrança,2020-12-12,1079.66,Alto,,12,2020
2134,148,109,3,2021-01-08,1079.66,Paga,0,Sem Cobrança,2021-01-10,1079.66,Alto,,1,2021
2135,148,109,4,2021-02-07,1079.66,Paga,0,Sem Cobrança,2021-02-10,1079.66,Alto,,2,2021
2136,148,109,5,2021-03-09,1079.66,Paga,0,Sem Cobrança,2021-03-09,1079.66,Alto,,3,2021
2137,148,109,6,2021-04-08,1079.66,Paga,0,Sem Cobrança,2021-04-09,1079.66,Alto,,4,2021
2138,148,109,7,2021-05-08,1079.66,Paga,0,Sem Cobrança,2021-05-09,1079.66,Alto,,5,2021
2139,148,109,8,2021-06-07,1079.66,Paga,0,Sem Cobrança,2021-06-10,1079.66,Alto,,6,2021
2140,148,109,9,2021-07-07,1079.66,Paga,0,Sem Cobrança,2021-07-09,1079.66,Alto,,7,2021
2141,148,109,10,2021-08-06,1079.66,Paga,0,SMS,2021-08-07,1017.22,Alto,Terceirizado Norte,8,2021
2142,148,109,11,2021-09-05,1079.66,Paga,0,Sem Cobrança,2021-09-07,1079.66,Alto,,9,2021
2143,149,109,1,2020-11-29,1540.83,Paga,0,Sem Cobrança,2020-11-29,1540.83,Alto,,11,2020
2144,149,109,2,2020-12-29,1540.83,Paga,0,Sem Cobrança,2021-01-01,1540.83,Alto,,12,2020
2145,149,109,3,2021-01-28,1540.83,Paga,0,Sem Cobrança,2021-01-31,1540.83,Alto,,1,2021
2146,149,109,4,2021-02-27,1540.83,Paga,0,Sem Cobrança,2021-03-01,1540.83,Alto,,2,2021
2147,149,109,5,2021-03-29,1540.83,Paga,0,Sem Cobrança,2021-03-31,1540.83,Alto,,3,2021
2148,149,109,6,2021-04-28,1540.83,Paga,0,Sem Cobrança,2021-04-29,1540.83,Alto,,4,2021
2149,149,109,7,2021-05-28,1540.83,Paga,0,Sem Cobrança,2021-05-30,1540.83,Alto,,5,2021
2150,149,109,8,2021-06-27,1540.83,Paga,0,Sem Cobrança,2021-06-30,1540.83,Alto,,6,2021
2151,149,109,9,2021-07-27,1540.83,Paga,0,Sem Cobrança,2021-07-30,1540.83,Alto,,7,2021
2152,149,109,10,2021-08-26,1540.83,Paga,0,Sem Cobrança,2021-08-28,1540.83,Alto,,8,2021
2153,149,109,11,2021-09-25,1540.83,Paga,0,Sem Cobrança,2021-09-28,1540.83,Alto,,9,2021
2154,149,109,12,2021-10-25,1540.83,Paga,0,Sem Cobrança,2021-10-26,1540.83,Alto,,10,2021
2155,149,109,13,2021-11-24,1540.83,Paga,0,Ligação,2021-12-19,1388.31,Alto,Terceirizado Norte,11,2021
2156,149,109,14,2021-12-24,1540.83,Paga,0,Sem Cobrança,2021-12-25,1540.83,Alto,,12,2021
2157,149,109,15,2022-01-23,1540.83,Paga,0,Sem Cobrança,2022-01-24,1540.83,Alto,,1,2022
2158,150,109,1,2020-08-19,2174.09,Paga,0,Sem Cobrança,2020-08-21,2174.09,Alto,,8,2020
2159,150,109,2,2020-09-18,2174.09,Paga,0,Sem Cobrança,2020-09-18,2174.09,Alto,,9,2020
2160,150,109,3,2020-10-18,2174.09,Paga,0,Sem Cobrança,2020-10-20,2174.09,Alto,,10,2020
2161,150,109,4,2020-11-17,2174.09,Paga,0,Sem Cobrança,2020-11-19,2174.09,Alto,,11,2020
2162,150,109,5,2020-12-17,2174.09,Paga,0,Sem Cobrança,2020-12-17,2174.09,Alto,,12,2020
2163,150,109,6,2021-01-16,2174.09,Paga,0,Sem Cobrança,2021-01-16,2174.09,Alto,,1,2021
2164,151,110,1,2025-05-04,4696.32,Paga,0,Sem Cobrança,2025-05-07,4696.32,Alto,,5,2025
2165,151,110,2,2025-06-03,4696.32,Renegociada,9,Email,2025-06-12,4168.36,Médio,Terceirizado Sul,6,2025
2166,151,110,3,2025-07-03,4696.32,Paga,0,Sem Cobrança,2025-07-06,4696.32,Alto,,7,2025
2167,151,110,4,2025-08-02,4696.32,Paga,0,Sem Cobrança,2025-08-05,4696.32,Alto,,8,2025
2168,151,110,5,2025-09-01,4696.32,Paga,0,Sem Cobrança,2025-09-04,4696.32,Alto,,9,2025
2169,151,110,6,2025-10-01,4696.32,Paga,0,Sem Cobrança,2025-10-01,4696.32,Alto,,10,2025
2170,151,110,7,2025-10-31,4696.32,Vencida,88,Jurídico,,0.0,Médio,Equipe B,10,2025
2171,151,110,8,2025-11-30,4696.32,Paga,0,Sem Cobrança,2025-12-01,4696.32,Alto,,11,2025
2172,151,110,9,2025-12-30,4696.32,Paga,0,Sem Cobrança,2025-12-31,4696.32,Alto,,12,2025
2173,151,110,10,2026-01-29,4696.32,Renegociada,4,SMS,2026-02-02,3912.1,Médio,Equipe A,1,2026
2174,151,110,11,2026-02-28,4696.32,Paga,0,Sem Cobrança,2026-03-02,4696.32,Alto,,2,2026
2175,151,110,12,2026-03-30,4696.32,Paga,0,Sem Cobrança,2026-03-31,4696.32,Alto,,3,2026
2176,151,110,13,2026-04-29,4696.32,Paga,0,Sem Cobrança,2026-04-29,4696.32,Alto,,4,2026
2177,151,110,14,2026-05-29,4696.32,Paga,0,Sem Cobrança,2026-05-31,4696.32,Alto,,5,2026
2178,152,110,1,2024-11-04,2970.05,Paga,0,Sem Cobrança,2024-11-06,2970.05,Alto,,11,2024
2179,152,110,2,2024-12-04,2970.05,Paga,0,Sem Cobrança,2024-12-07,2970.05,Alto,,12,2024
2180,152,110,3,2025-01-03,2970.05,Paga,0,Sem Cobrança,2025-01-03,2970.05,Alto,,1,2025
2181,152,110,4,2025-02-02,2970.05,Pendente,4,SMS,,0.0,Médio,Equipe C,2,2025
2182,152,110,5,2025-03-04,2970.05,Renegociada,20,Ligação,2025-03-24,2256.06,Médio,Terceirizado Sul,3,2025
2183,152,110,6,2025-04-03,2970.05,Paga,0,Sem Cobrança,2025-04-03,2970.05,Alto,,4,2025
2184,152,110,7,2025-05-03,2970.05,Paga,0,Sem Cobrança,2025-05-05,2970.05,Alto,,5,2025
2185,152,110,8,2025-06-02,2970.05,Vencida,19,Ligação,,0.0,Médio,Equipe A,6,2025
2186,152,110,9,2025-07-02,2970.05,Paga,0,Sem Cobrança,2025-07-05,2970.05,Alto,,7,2025
2187,152,110,10,2025-08-01,2970.05,Renegociada,2,SMS,2025-08-03,2156.03,Médio,Equipe C,8,2025
2188,152,110,11,2025-08-31,2970.05,Paga,0,Sem Cobrança,2025-08-31,2970.05,Alto,,8,2025
2189,153,110,1,2025-02-04,3701.15,Paga,0,Sem Cobrança,2025-02-05,3701.15,Alto,,2,2025
2190,153,110,2,2025-03-06,3701.15,Paga,0,Sem Cobrança,2025-03-09,3701.15,Alto,,3,2025
2191,153,110,3,2025-04-05,3701.15,Renegociada,8,Email,2025-04-13,3520.51,Médio,Equipe B,4,2025
2192,153,110,4,2025-05-05,3701.15,Paga,0,Sem Cobrança,2025-05-06,3701.15,Alto,,5,2025
2193,153,110,5,2025-06-04,3701.15,Paga,0,Sem Cobrança,2025-06-07,3701.15,Alto,,6,2025
2194,153,110,6,2025-07-04,3701.15,Paga,0,Sem Cobrança,2025-07-05,3701.15,Alto,,7,2025
2195,153,110,7,2025-08-03,3701.15,Paga,0,Sem Cobrança,2025-08-05,3701.15,Alto,,8,2025
2196,153,110,8,2025-09-02,3701.15,Paga,0,Sem Cobrança,2025-09-03,3701.15,Alto,,9,2025
2197,153,110,9,2025-10-02,3701.15,Paga,0,Sem Cobrança,2025-10-03,3701.15,Alto,,10,2025
2198,153,110,10,2025-11-01,3701.15,Paga,0,Sem Cobrança,2025-11-03,3701.15,Alto,,11,2025
2199,153,110,11,2025-12-01,3701.15,Paga,0,Sem Cobrança,2025-12-04,3701.15,Alto,,12,2025
2200,154,111,1,2020-06-21,9321.12,Paga,0,Sem Cobrança,2020-06-23,9321.12,Alto,,6,2020
2201,154,111,2,2020-07-21,9321.12,Paga,0,Sem Cobrança,2020-07-23,9321.12,Alto,,7,2020
2202,154,111,3,2020-08-20,9321.12,Paga,0,Sem Cobrança,2020-08-23,9321.12,Alto,,8,2020
2203,154,111,4,2020-09-19,9321.12,Paga,0,Sem Cobrança,2020-09-20,9321.12,Alto,,9,2020
2204,154,111,5,2020-10-19,9321.12,Paga,0,SMS,2020-10-23,8029.07,Alto,Equipe B,10,2020
2205,154,111,6,2020-11-18,9321.12,Paga,0,Sem Cobrança,2020-11-21,9321.12,Alto,,11,2020
2206,154,111,7,2020-12-18,9321.12,Paga,0,Sem Cobrança,2020-12-20,9321.12,Alto,,12,2020
2207,154,111,8,2021-01-17,9321.12,Paga,0,Sem Cobrança,2021-01-19,9321.12,Alto,,1,2021
2208,154,111,9,2021-02-16,9321.12,Paga,0,Sem Cobrança,2021-02-17,9321.12,Alto,,2,2021
2209,154,111,10,2021-03-18,9321.12,Paga,0,Sem Cobrança,2021-03-21,9321.12,Alto,,3,2021
2210,154,111,11,2021-04-17,9321.12,Paga,0,Sem Cobrança,2021-04-17,9321.12,Alto,,4,2021
2211,154,111,12,2021-05-17,9321.12,Paga,0,Sem Cobrança,2021-05-18,9321.12,Alto,,5,2021
2212,154,111,13,2021-06-16,9321.12,Paga,0,Sem Cobrança,2021-06-19,9321.12,Alto,,6,2021
2213,154,111,14,2021-07-16,9321.12,Paga,0,Sem Cobrança,2021-07-18,9321.12,Alto,,7,2021
2214,155,111,1,2021-01-04,10323.25,Paga,0,Email,2021-01-17,9398.15,Alto,Equipe C,1,2021
2215,155,111,2,2021-02-03,10323.25,Paga,0,Sem Cobrança,2021-02-03,10323.25,Alto,,2,2021
2216,155,111,3,2021-03-05,10323.25,Paga,0,Ligação,2021-03-23,10022.78,Alto,Equipe B,3,2021
2217,155,111,4,2021-04-04,10323.25,Paga,0,Sem Cobrança,2021-04-06,10323.25,Alto,,4,2021
2218,155,111,5,2021-05-04,10323.25,Vencida,15,Ligação,,0.0,Alto,Terceirizado Norte,5,2021
2219,155,111,6,2021-06-03,10323.25,Paga,0,Sem Cobrança,2021-06-06,10323.25,Alto,,6,2021
2220,155,111,7,2021-07-03,10323.25,Paga,0,Sem Cobrança,2021-07-06,10323.25,Alto,,7,2021
2221,155,111,8,2021-08-02,10323.25,Paga,0,Sem Cobrança,2021-08-05,10323.25,Alto,,8,2021
2222,155,111,9,2021-09-01,10323.25,Paga,0,Sem Cobrança,2021-09-03,10323.25,Alto,,9,2021
2223,155,111,10,2021-10-01,10323.25,Paga,0,Sem Cobrança,2021-10-03,10323.25,Alto,,10,2021
2224,155,111,11,2021-10-31,10323.25,Paga,0,Sem Cobrança,2021-11-03,10323.25,Alto,,10,2021
2225,155,111,12,2021-11-30,10323.25,Pendente,1,SMS,,0.0,Alto,Terceirizado Sul,11,2021
2226,155,111,13,2021-12-30,10323.25,Paga,0,Ligação,2022-01-20,9014.74,Alto,Terceirizado Sul,12,2021
2227,155,111,14,2022-01-29,10323.25,Vencida,16,Ligação,,0.0,Alto,Terceirizado Sul,1,2022
2228,155,111,15,2022-02-28,10323.25,Paga,0,Sem Cobrança,2022-03-01,10323.25,Alto,,2,2022
2229,155,111,16,2022-03-30,10323.25,Paga,0,Sem Cobrança,2022-03-31,10323.25,Alto,,3,2022
2230,155,111,17,2022-04-29,10323.25,Vencida,27,Ligação,,0.0,Alto,Equipe A,4,2022
2231,155,111,18,2022-05-29,10323.25,Vencida,6,Email,,0.0,Alto,Terceirizado Norte,5,2022
2232,155,111,19,2022-06-28,10323.25,Paga,0,Sem Cobrança,2022-07-01,10323.25,Alto,,6,2022
2233,155,111,20,2022-07-28,10323.25,Vencida,47,Cartório,,0.0,Médio,Equipe C,7,2022
2234,155,111,21,2022-08-27,10323.25,Vencida,42,Cartório,,0.0,Alto,Terceirizado Norte,8,2022
2235,155,111,22,2022-09-26,10323.25,Vencida,35,Cartório,,0.0,Alto,Equipe C,9,2022
2236,155,111,23,2022-10-26,10323.25,Renegociada,45,Cartório,2022-12-10,8929.08,Médio,Terceirizado Norte,10,2022
2237,155,111,24,2022-11-25,10323.25,Paga,0,Sem Cobrança,2022-11-28,10323.25,Alto,,11,2022
2238,156,112,1,2022-10-13,4648.43,Paga,0,Sem Cobrança,2022-10-14,4648.43,Alto,,10,2022
2239,156,112,2,2022-11-12,4648.43,Paga,0,Sem Cobrança,2022-11-12,4648.43,Alto,,11,2022
2240,156,112,3,2022-12-12,4648.43,Paga,0,Sem Cobrança,2022-12-14,4648.43,Alto,,12,2022
2241,156,112,4,2023-01-11,4648.43,Paga,0,Sem Cobrança,2023-01-12,4648.43,Alto,,1,2023
2242,156,112,5,2023-02-10,4648.43,Paga,0,Sem Cobrança,2023-02-12,4648.43,Alto,,2,2023
2243,156,112,6,2023-03-12,4648.43,Paga,0,Sem Cobrança,2023-03-15,4648.43,Alto,,3,2023
2244,156,112,7,2023-04-11,4648.43,Paga,0,Sem Cobrança,2023-04-11,4648.43,Alto,,4,2023
2245,156,112,8,2023-05-11,4648.43,Paga,0,Sem Cobrança,2023-05-11,4648.43,Alto,,5,2023
2246,156,112,9,2023-06-10,4648.43,Paga,0,Sem Cobrança,2023-06-11,4648.43,Alto,,6,2023
2247,156,112,10,2023-07-10,4648.43,Paga,0,Sem Cobrança,2023-07-12,4648.43,Alto,,7,2023
2248,156,112,11,2023-08-09,4648.43,Paga,0,Sem Cobrança,2023-08-09,4648.43,Alto,,8,2023
2249,156,112,12,2023-09-08,4648.43,Paga,0,Sem Cobrança,2023-09-11,4648.43,Alto,,9,2023
2250,156,112,13,2023-10-08,4648.43,Paga,0,Sem Cobrança,2023-10-09,4648.43,Alto,,10,2023
2251,156,112,14,2023-11-07,4648.43,Renegociada,41,Cartório,2023-12-18,3861.08,Médio,Equipe C,11,2023
2252,156,112,15,2023-12-07,4648.43,Paga,0,Sem Cobrança,2023-12-08,4648.43,Alto,,12,2023
2253,156,112,16,2024-01-06,4648.43,Paga,0,Sem Cobrança,2024-01-08,4648.43,Alto,,1,2024
2254,156,112,17,2024-02-05,4648.43,Paga,0,Sem Cobrança,2024-02-08,4648.43,Alto,,2,2024
2255,156,112,18,2024-03-06,4648.43,Pendente,1,SMS,,0.0,Médio,Equipe B,3,2024
2256,157,113,1,2022-07-12,7831.64,Paga,0,Sem Cobrança,2022-07-12,7831.64,Alto,,7,2022
2257,157,113,2,2022-08-11,7831.64,Paga,0,Sem Cobrança,2022-08-11,7831.64,Alto,,8,2022
2258,157,113,3,2022-09-10,7831.64,Paga,0,Sem Cobrança,2022-09-10,7831.64,Alto,,9,2022
2259,157,113,4,2022-10-10,7831.64,Paga,0,Sem Cobrança,2022-10-13,7831.64,Alto,,10,2022
2260,157,113,5,2022-11-09,7831.64,Paga,0,Sem Cobrança,2022-11-09,7831.64,Alto,,11,2022
2261,157,113,6,2022-12-09,7831.64,Vencida,51,Cartório,,0.0,Médio,Terceirizado Norte,12,2022
2262,157,113,7,2023-01-08,7831.64,Vencida,10,Email,,0.0,Médio,Terceirizado Norte,1,2023
2263,157,113,8,2023-02-07,7831.64,Paga,0,Sem Cobrança,2023-02-09,7831.64,Alto,,2,2023
2264,157,113,9,2023-03-09,7831.64,Paga,0,Sem Cobrança,2023-03-09,7831.64,Alto,,3,2023
2265,157,113,10,2023-04-08,7831.64,Paga,0,Sem Cobrança,2023-04-11,7831.64,Alto,,4,2023
2266,157,113,11,2023-05-08,7831.64,Paga,0,Sem Cobrança,2023-05-11,7831.64,Alto,,5,2023
2267,157,113,12,2023-06-07,7831.64,Paga,0,Sem Cobrança,2023-06-09,7831.64,Alto,,6,2023
2268,157,113,13,2023-07-07,7831.64,Vencida,43,Cartório,,0.0,Médio,Terceirizado Norte,7,2023
2269,157,113,14,2023-08-06,7831.64,Paga,0,Sem Cobrança,2023-08-06,7831.64,Alto,,8,2023
2270,157,113,15,2023-09-05,7831.64,Vencida,27,Ligação,,0.0,Médio,Terceirizado Sul,9,2023
2271,157,113,16,2023-10-05,7831.64,Paga,0,Sem Cobrança,2023-10-08,7831.64,Alto,,10,2023
2272,157,113,17,2023-11-04,7831.64,Paga,0,Sem Cobrança,2023-11-07,7831.64,Alto,,11,2023
2273,157,113,18,2023-12-04,7831.64,Paga,0,Sem Cobrança,2023-12-04,7831.64,Alto,,12,2023
2274,158,114,1,2022-01-27,2591.28,Paga,0,Sem Cobrança,2022-01-27,2591.28,Alto,,1,2022
2275,158,114,2,2022-02-26,2591.28,Paga,0,Sem Cobrança,2022-02-28,2591.28,Alto,,2,2022
2276,158,114,3,2022-03-28,2591.28,Paga,0,Sem Cobrança,2022-03-30,2591.28,Alto,,3,2022
2277,158,114,4,2022-04-27,2591.28,Paga,0,Sem Cobrança,2022-04-27,2591.28,Alto,,4,2022
2278,158,114,5,2022-05-27,2591.28,Paga,0,Sem Cobrança,2022-05-28,2591.28,Alto,,5,2022
2279,158,114,6,2022-06-26,2591.28,Paga,0,Sem Cobrança,2022-06-29,2591.28,Alto,,6,2022
2280,158,114,7,2022-07-26,2591.28,Vencida,28,Ligação,,0.0,Médio,Terceirizado Sul,7,2022
2281,158,114,8,2022-08-25,2591.28,Vencida,7,Email,,0.0,Médio,Terceirizado Norte,8,2022
2282,158,114,9,2022-09-24,2591.28,Paga,0,Sem Cobrança,2022-09-24,2591.28,Alto,,9,2022
2283,158,114,10,2022-10-24,2591.28,Paga,0,Sem Cobrança,2022-10-25,2591.28,Alto,,10,2022
2284,158,114,11,2022-11-23,2591.28,Paga,0,Sem Cobrança,2022-11-26,2591.28,Alto,,11,2022
2285,158,114,12,2022-12-23,2591.28,Paga,0,Sem Cobrança,2022-12-25,2591.28,Alto,,12,2022
2286,158,114,13,2023-01-22,2591.28,Paga,0,Sem Cobrança,2023-01-25,2591.28,Alto,,1,2023
2287,158,114,14,2023-02-21,2591.28,Paga,0,Sem Cobrança,2023-02-22,2591.28,Alto,,2,2023
2288,158,114,15,2023-03-23,2591.28,Paga,0,Sem Cobrança,2023-03-26,2591.28,Alto,,3,2023
2289,158,114,16,2023-04-22,2591.28,Renegociada,27,Ligação,2023-05-19,2287.6,Médio,Equipe A,4,2023
2290,158,114,17,2023-05-22,2591.28,Paga,0,Sem Cobrança,2023-05-22,2591.28,Alto,,5,2023
2291,158,114,18,2023-06-21,2591.28,Paga,0,Sem Cobrança,2023-06-23,2591.28,Alto,,6,2023
2292,158,114,19,2023-07-21,2591.28,Paga,0,Sem Cobrança,2023-07-21,2591.28,Alto,,7,2023
2293,158,114,20,2023-08-20,2591.28,Paga,0,Sem Cobrança,2023-08-22,2591.28,Alto,,8,2023
2294,158,114,21,2023-09-19,2591.28,Paga,0,Sem Cobrança,2023-09-19,2591.28,Alto,,9,2023
2295,159,115,1,2020-01-29,1435.96,Paga,0,Sem Cobrança,2020-01-30,1435.96,Alto,,1,2020
2296,159,115,2,2020-02-28,1435.96,Paga,0,Sem Cobrança,2020-03-01,1435.96,Alto,,2,2020
2297,159,115,3,2020-03-29,1435.96,Paga,0,Sem Cobrança,2020-03-30,1435.96,Alto,,3,2020
2298,159,115,4,2020-04-28,1435.96,Paga,0,Sem Cobrança,2020-04-28,1435.96,Alto,,4,2020
2299,159,115,5,2020-05-28,1435.96,Paga,0,Sem Cobrança,2020-05-31,1435.96,Alto,,5,2020
2300,159,115,6,2020-06-27,1435.96,Renegociada,1,SMS,2020-06-28,1301.93,Médio,Equipe B,6,2020
2301,159,115,7,2020-07-27,1435.96,Vencida,9,Email,,0.0,Médio,Equipe B,7,2020
2302,159,115,8,2020-08-26,1435.96,Paga,0,Sem Cobrança,2020-08-28,1435.96,Alto,,8,2020
2303,159,115,9,2020-09-25,1435.96,Vencida,39,Cartório,,0.0,Médio,Equipe B,9,2020
2304,159,115,10,2020-10-25,1435.96,Vencida,19,Ligação,,0.0,Médio,Equipe C,10,2020
2305,159,115,11,2020-11-24,1435.96,Vencida,37,Cartório,,0.0,Médio,Equipe B,11,2020
2306,159,115,12,2020-12-24,1435.96,Vencida,31,Cartório,,0.0,Médio,Terceirizado Norte,12,2020
2307,159,115,13,2021-01-23,1435.96,Paga,0,Sem Cobrança,2021-01-25,1435.96,Alto,,1,2021
2308,159,115,14,2021-02-22,1435.96,Paga,0,Sem Cobrança,2021-02-25,1435.96,Alto,,2,2021
2309,159,115,15,2021-03-24,1435.96,Paga,0,Sem Cobrança,2021-03-24,1435.96,Alto,,3,2021
2310,159,115,16,2021-04-23,1435.96,Paga,0,Sem Cobrança,2021-04-25,1435.96,Alto,,4,2021
2311,159,115,17,2021-05-23,1435.96,Paga,0,Sem Cobrança,2021-05-26,1435.96,Alto,,5,2021
2312,159,115,18,2021-06-22,1435.96,Pendente,3,SMS,,0.0,Médio,Terceirizado Sul,6,2021
2313,159,115,19,2021-07-22,1435.96,Paga,0,Sem Cobrança,2021-07-25,1435.96,Alto,,7,2021
2314,160,116,1,2020-06-10,1865.66,Paga,0,Sem Cobrança,2020-06-10,1865.66,Alto,,6,2020
2315,160,116,2,2020-07-10,1865.66,Paga,0,Sem Cobrança,2020-07-12,1865.66,Alto,,7,2020
2316,160,116,3,2020-08-09,1865.66,Vencida,7,Email,,0.0,Médio,Equipe C,8,2020
2317,160,116,4,2020-09-08,1865.66,Paga,0,Sem Cobrança,2020-09-10,1865.66,Alto,,9,2020
2318,160,116,5,2020-10-08,1865.66,Paga,0,Sem Cobrança,2020-10-11,1865.66,Alto,,10,2020
2319,160,116,6,2020-11-07,1865.66,Renegociada,11,Email,2020-11-18,1502.77,Médio,Terceirizado Norte,11,2020
2320,160,116,7,2020-12-07,1865.66,Paga,0,Sem Cobrança,2020-12-07,1865.66,Alto,,12,2020
2321,160,116,8,2021-01-06,1865.66,Paga,0,Sem Cobrança,2021-01-08,1865.66,Alto,,1,2021
2322,160,116,9,2021-02-05,1865.66,Paga,0,Sem Cobrança,2021-02-08,1865.66,Alto,,2,2021
2323,160,116,10,2021-03-07,1865.66,Paga,0,Sem Cobrança,2021-03-10,1865.66,Alto,,3,2021
2324,160,116,11,2021-04-06,1865.66,Paga,0,Sem Cobrança,2021-04-07,1865.66,Alto,,4,2021
2325,160,116,12,2021-05-06,1865.66,Paga,0,Sem Cobrança,2021-05-06,1865.66,Alto,,5,2021
2326,160,116,13,2021-06-05,1865.66,Vencida,38,Cartório,,0.0,Médio,Terceirizado Sul,6,2021
2327,160,116,14,2021-07-05,1865.66,Paga,0,Sem Cobrança,2021-07-06,1865.66,Alto,,7,2021
2328,162,118,1,2019-10-31,905.14,Paga,0,Sem Cobrança,2019-11-02,905.14,Alto,,10,2019
2329,162,118,2,2019-11-30,905.14,Paga,0,Sem Cobrança,2019-12-03,905.14,Alto,,11,2019
2330,162,118,3,2019-12-30,905.14,Paga,0,Sem Cobrança,2020-01-01,905.14,Alto,,12,2019
2331,162,118,4,2020-01-29,905.14,Vencida,25,Ligação,,0.0,Baixo,Equipe C,1,2020
2332,162,118,5,2020-02-28,905.14,Paga,0,Sem Cobrança,2020-03-02,905.14,Alto,,2,2020
2333,162,118,6,2020-03-29,905.14,Vencida,22,Ligação,,0.0,Baixo,Equipe C,3,2020
2334,162,118,7,2020-04-28,905.14,Paga,0,Sem Cobrança,2020-05-01,905.14,Alto,,4,2020
2335,162,118,8,2020-05-28,905.14,Pendente,3,SMS,,0.0,Baixo,Equipe A,5,2020
2336,162,118,9,2020-06-27,905.14,Paga,0,Sem Cobrança,2020-06-29,905.14,Alto,,6,2020
2337,162,118,10,2020-07-27,905.14,Paga,0,Sem Cobrança,2020-07-28,905.14,Alto,,7,2020
2338,162,118,11,2020-08-26,905.14,Paga,0,Sem Cobrança,2020-08-26,905.14,Alto,,8,2020
2339,162,118,12,2020-09-25,905.14,Paga,0,Sem Cobrança,2020-09-28,905.14,Alto,,9,2020
2340,162,118,13,2020-10-25,905.14,Paga,0,Sem Cobrança,2020-10-28,905.14,Alto,,10,2020
2341,162,118,14,2020-11-24,905.14,Vencida,88,Jurídico,,0.0,Baixo,Terceirizado Sul,11,2020
2342,162,118,15,2020-12-24,905.14,Paga,0,Sem Cobrança,2020-12-24,905.14,Alto,,12,2020
2343,162,118,16,2021-01-23,905.14,Paga,0,Sem Cobrança,2021-01-26,905.14,Alto,,1,2021
2344,162,118,17,2021-02-22,905.14,Paga,0,Sem Cobrança,2021-02-24,905.14,Alto,,2,2021
2345,162,118,18,2021-03-24,905.14,Paga,0,Sem Cobrança,2021-03-25,905.14,Alto,,3,2021
2346,163,119,1,2020-06-19,2456.1,Paga,0,Sem Cobrança,2020-06-19,2456.1,Alto,,6,2020
2347,163,119,2,2020-07-19,2456.1,Paga,0,Sem Cobrança,2020-07-19,2456.1,Alto,,7,2020
2348,163,119,3,2020-08-18,2456.1,Paga,0,Sem Cobrança,2020-08-21,2456.1,Alto,,8,2020
2349,163,119,4,2020-09-17,2456.1,Paga,0,Sem Cobrança,2020-09-18,2456.1,Alto,,9,2020
2350,163,119,5,2020-10-17,2456.1,Paga,0,Sem Cobrança,2020-10-18,2456.1,Alto,,10,2020
2351,163,119,6,2020-11-16,2456.1,Paga,0,Sem Cobrança,2020-11-17,2456.1,Alto,,11,2020
2352,163,119,7,2020-12-16,2456.1,Paga,0,Sem Cobrança,2020-12-17,2456.1,Alto,,12,2020
2353,163,119,8,2021-01-15,2456.1,Paga,0,Sem Cobrança,2021-01-17,2456.1,Alto,,1,2021
2354,163,119,9,2021-02-14,2456.1,Vencida,86,Jurídico,,0.0,Médio,Terceirizado Norte,2,2021
2355,163,119,10,2021-03-16,2456.1,Paga,0,Sem Cobrança,2021-03-19,2456.1,Alto,,3,2021
2356,163,119,11,2021-04-15,2456.1,Paga,0,Sem Cobrança,2021-04-16,2456.1,Alto,,4,2021
2357,163,119,12,2021-05-15,2456.1,Paga,0,Sem Cobrança,2021-05-15,2456.1,Alto,,5,2021
2358,163,119,13,2021-06-14,2456.1,Paga,0,Sem Cobrança,2021-06-16,2456.1,Alto,,6,2021
2359,163,119,14,2021-07-14,2456.1,Paga,0,Sem Cobrança,2021-07-15,2456.1,Alto,,7,2021
2360,163,119,15,2021-08-13,2456.1,Paga,0,Sem Cobrança,2021-08-13,2456.1,Alto,,8,2021
2361,163,119,16,2021-09-12,2456.1,Vencida,85,Jurídico,,0.0,Médio,Terceirizado Sul,9,2021
2362,163,119,17,2021-10-12,2456.1,Paga,0,Sem Cobrança,2021-10-15,2456.1,Alto,,10,2021
2363,163,119,18,2021-11-11,2456.1,Renegociada,21,Ligação,2021-12-02,2246.82,Médio,Equipe A,11,2021
2364,163,119,19,2021-12-11,2456.1,Paga,0,Sem Cobrança,2021-12-11,2456.1,Alto,,12,2021
2365,163,119,20,2022-01-10,2456.1,Paga,0,Sem Cobrança,2022-01-10,2456.1,Alto,,1,2022
2366,163,119,21,2022-02-09,2456.1,Paga,0,Sem Cobrança,2022-02-12,2456.1,Alto,,2,2022
2367,163,119,22,2022-03-11,2456.1,Paga,0,Sem Cobrança,2022-03-11,2456.1,Alto,,3,2022
2368,163,119,23,2022-04-10,2456.1,Paga,0,Sem Cobrança,2022-04-13,2456.1,Alto,,4,2022
2369,163,119,24,2022-05-10,2456.1,Paga,0,Sem Cobrança,2022-05-10,2456.1,Alto,,5,2022
2370,164,120,1,2020-06-09,1133.46,Vencida,33,Cartório,,0.0,Médio,Equipe A,6,2020
2371,164,120,2,2020-07-09,1133.46,Paga,0,Sem Cobrança,2020-07-11,1133.46,Alto,,7,2020
2372,164,120,3,2020-08-08,1133.46,Paga,0,Sem Cobrança,2020-08-10,1133.46,Alto,,8,2020
2373,164,120,4,2020-09-07,1133.46,Vencida,35,Cartório,,0.0,Médio,Equipe C,9,2020
2374,164,120,5,2020-10-07,1133.46,Renegociada,11,Email,2020-10-18,1099.18,Médio,Terceirizado Norte,10,2020
2375,164,120,6,2020-11-06,1133.46,Paga,0,Sem Cobrança,2020-11-08,1133.46,Alto,,11,2020
2376,164,120,7,2020-12-06,1133.46,Paga,0,Sem Cobrança,2020-12-09,1133.46,Alto,,12,2020
2377,164,120,8,2021-01-05,1133.46,Paga,0,Sem Cobrança,2021-01-08,1133.46,Alto,,1,2021
2378,164,120,9,2021-02-04,1133.46,Paga,0,Sem Cobrança,2021-02-06,1133.46,Alto,,2,2021
2379,165,121,1,2025-07-20,4871.75,Paga,0,Sem Cobrança,2025-07-21,4871.75,Alto,,7,2025
2380,165,121,2,2025-08-19,4871.75,Paga,0,Sem Cobrança,2025-08-19,4871.75,Alto,,8,2025
2381,165,121,3,2025-09-18,4871.75,Vencida,24,Ligação,,0.0,Médio,Equipe C,9,2025
2382,165,121,4,2025-10-18,4871.75,Paga,0,Sem Cobrança,2025-10-19,4871.75,Alto,,10,2025
2383,165,121,5,2025-11-17,4871.75,Paga,0,Sem Cobrança,2025-11-19,4871.75,Alto,,11,2025
2384,165,121,6,2025-12-17,4871.75,Paga,0,Sem Cobrança,2025-12-20,4871.75,Alto,,12,2025
2385,165,121,7,2026-01-16,4871.75,Paga,0,Sem Cobrança,2026-01-17,4871.75,Alto,,1,2026
2386,166,121,1,2025-08-08,13871.96,Vencida,30,Cartório,,0.0,Médio,Equipe B,8,2025
2387,166,121,2,2025-09-07,13871.96,Vencida,38,Cartório,,0.0,Médio,Terceirizado Sul,9,2025
2388,166,121,3,2025-10-07,13871.96,Vencida,25,Ligação,,0.0,Médio,Terceirizado Sul,10,2025
2389,166,121,4,2025-11-06,13871.96,Paga,0,Sem Cobrança,2025-11-07,13871.96,Alto,,11,2025
2390,166,121,5,2025-12-06,13871.96,Paga,0,Sem Cobrança,2025-12-07,13871.96,Alto,,12,2025
2391,166,121,6,2026-01-05,13871.96,Paga,0,Sem Cobrança,2026-01-07,13871.96,Alto,,1,2026
2392,166,121,7,2026-02-04,13871.96,Paga,0,Sem Cobrança,2026-02-07,13871.96,Alto,,2,2026
2393,166,121,8,2026-03-06,13871.96,Paga,0,Sem Cobrança,2026-03-09,13871.96,Alto,,3,2026
2394,166,121,9,2026-04-05,13871.96,Paga,0,Sem Cobrança,2026-04-08,13871.96,Alto,,4,2026
2395,166,121,10,2026-05-05,13871.96,Renegociada,2,SMS,2026-05-07,13651.18,Médio,Equipe C,5,2026
2396,167,122,1,2020-05-30,2619.53,Paga,0,Sem Cobrança,2020-05-31,2619.53,Alto,,5,2020
2397,167,122,2,2020-06-29,2619.53,Vencida,12,Email,,0.0,Médio,Equipe A,6,2020
2398,167,122,3,2020-07-29,2619.53,Paga,0,Sem Cobrança,2020-07-31,2619.53,Alto,,7,2020
2399,167,122,4,2020-08-28,2619.53,Paga,0,Sem Cobrança,2020-08-28,2619.53,Alto,,8,2020
2400,167,122,5,2020-09-27,2619.53,Paga,0,Sem Cobrança,2020-09-28,2619.53,Alto,,9,2020
2401,167,122,6,2020-10-27,2619.53,Paga,0,Sem Cobrança,2020-10-29,2619.53,Alto,,10,2020
2402,167,122,7,2020-11-26,2619.53,Paga,0,Sem Cobrança,2020-11-29,2619.53,Alto,,11,2020
2403,167,122,8,2020-12-26,2619.53,Paga,0,Sem Cobrança,2020-12-28,2619.53,Alto,,12,2020
2404,167,122,9,2021-01-25,2619.53,Paga,0,Sem Cobrança,2021-01-27,2619.53,Alto,,1,2021
2405,167,122,10,2021-02-24,2619.53,Paga,0,Sem Cobrança,2021-02-24,2619.53,Alto,,2,2021
2406,167,122,11,2021-03-26,2619.53,Paga,0,Sem Cobrança,2021-03-26,2619.53,Alto,,3,2021
2407,167,122,12,2021-04-25,2619.53,Paga,0,Sem Cobrança,2021-04-26,2619.53,Alto,,4,2021
2408,167,122,13,2021-05-25,2619.53,Paga,0,Sem Cobrança,2021-05-26,2619.53,Alto,,5,2021
2409,168,123,1,2026-02-16,989.45,Paga,0,Sem Cobrança,2026-02-19,989.45,Alto,,2,2026
2410,168,123,2,2026-03-18,989.45,Paga,0,Sem Cobrança,2026-03-20,989.45,Alto,,3,2026
2411,168,123,3,2026-04-17,989.45,Paga,0,Sem Cobrança,2026-04-17,989.45,Alto,,4,2026
2412,168,123,4,2026-05-17,989.45,Paga,0,Sem Cobrança,2026-05-17,989.45,Alto,,5,2026
2413,168,123,5,2026-06-16,989.45,Paga,0,Sem Cobrança,2026-06-17,989.45,Alto,,6,2026
2414,168,123,6,2026-07-16,989.45,Paga,0,Sem Cobrança,2026-07-16,989.45,Alto,,7,2026
2415,168,123,7,2026-08-15,989.45,Paga,0,Sem Cobrança,2026-08-16,989.45,Alto,,8,2026
2416,169,124,1,2020-01-09,4806.15,Paga,0,Sem Cobrança,2020-01-12,4806.15,Alto,,1,2020
2417,169,124,2,2020-02-08,4806.15,Paga,0,Sem Cobrança,2020-02-08,4806.15,Alto,,2,2020
2418,169,124,3,2020-03-09,4806.15,Paga,0,Email,2020-03-20,3532.14,Alto,Equipe A,3,2020
2419,169,124,4,2020-04-08,4806.15,Paga,0,Sem Cobrança,2020-04-08,4806.15,Alto,,4,2020
2420,169,124,5,2020-05-08,4806.15,Paga,0,Sem Cobrança,2020-05-09,4806.15,Alto,,5,2020
2421,169,124,6,2020-06-07,4806.15,Paga,0,Sem Cobrança,2020-06-09,4806.15,Alto,,6,2020
2422,169,124,7,2020-07-07,4806.15,Paga,0,Sem Cobrança,2020-07-10,4806.15,Alto,,7,2020
2423,169,124,8,2020-08-06,4806.15,Paga,0,Sem Cobrança,2020-08-06,4806.15,Alto,,8,2020
2424,169,124,9,2020-09-05,4806.15,Paga,0,Sem Cobrança,2020-09-08,4806.15,Alto,,9,2020
2425,169,124,10,2020-10-05,4806.15,Paga,0,Sem Cobrança,2020-10-06,4806.15,Alto,,10,2020
2426,169,124,11,2020-11-04,4806.15,Paga,0,Sem Cobrança,2020-11-07,4806.15,Alto,,11,2020
2427,169,124,12,2020-12-04,4806.15,Paga,0,Sem Cobrança,2020-12-06,4806.15,Alto,,12,2020
2428,169,124,13,2021-01-03,4806.15,Paga,0,Sem Cobrança,2021-01-05,4806.15,Alto,,1,2021
2429,169,124,14,2021-02-02,4806.15,Paga,0,Sem Cobrança,2021-02-03,4806.15,Alto,,2,2021
2430,169,124,15,2021-03-04,4806.15,Paga,0,Ligação,2021-03-22,4294.7,Alto,Equipe C,3,2021
2431,169,124,16,2021-04-03,4806.15,Paga,0,Sem Cobrança,2021-04-04,4806.15,Alto,,4,2021
2432,169,124,17,2021-05-03,4806.15,Paga,0,Email,2021-05-12,4266.79,Alto,Equipe A,5,2021
2433,169,124,18,2021-06-02,4806.15,Paga,0,Sem Cobrança,2021-06-03,4806.15,Alto,,6,2021
2434,169,124,19,2021-07-02,4806.15,Paga,0,Sem Cobrança,2021-07-04,4806.15,Alto,,7,2021
2435,169,124,20,2021-08-01,4806.15,Paga,0,Sem Cobrança,2021-08-04,4806.15,Alto,,8,2021
2436,169,124,21,2021-08-31,4806.15,Paga,0,Sem Cobrança,2021-09-01,4806.15,Alto,,8,2021
2437,169,124,22,2021-09-30,4806.15,Paga,0,Ligação,2021-10-20,4698.44,Alto,Terceirizado Norte,9,2021
2438,169,124,23,2021-10-30,4806.15,Vencida,9,Email,,0.0,Alto,Equipe B,10,2021
2439,169,124,24,2021-11-29,4806.15,Paga,0,Sem Cobrança,2021-11-30,4806.15,Alto,,11,2021
2440,170,125,1,2024-11-21,5023.28,Paga,0,Sem Cobrança,2024-11-23,5023.28,Alto,,11,2024
2441,170,125,2,2024-12-21,5023.28,Paga,0,Sem Cobrança,2024-12-24,5023.28,Alto,,12,2024
2442,170,125,3,2025-01-20,5023.28,Vencida,30,Cartório,,0.0,Médio,Terceirizado Sul,1,2025
2443,170,125,4,2025-02-19,5023.28,Paga,0,Sem Cobrança,2025-02-21,5023.28,Alto,,2,2025
2444,170,125,5,2025-03-21,5023.28,Vencida,6,Email,,0.0,Médio,Equipe B,3,2025
2445,170,125,6,2025-04-20,5023.28,Paga,0,Sem Cobrança,2025-04-21,5023.28,Alto,,4,2025
2446,170,125,7,2025-05-20,5023.28,Paga,0,Sem Cobrança,2025-05-23,5023.28,Alto,,5,2025
2447,170,125,8,2025-06-19,5023.28,Paga,0,Sem Cobrança,2025-06-22,5023.28,Alto,,6,2025
2448,170,125,9,2025-07-19,5023.28,Paga,0,Sem Cobrança,2025-07-21,5023.28,Alto,,7,2025
2449,170,125,10,2025-08-18,5023.28,Paga,0,Sem Cobrança,2025-08-20,5023.28,Alto,,8,2025
2450,170,125,11,2025-09-17,5023.28,Paga,0,Sem Cobrança,2025-09-19,5023.28,Alto,,9,2025
2451,170,125,12,2025-10-17,5023.28,Paga,0,Sem Cobrança,2025-10-19,5023.28,Alto,,10,2025
2452,171,126,1,2022-12-10,1164.41,Paga,0,Sem Cobrança,2022-12-12,1164.41,Alto,,12,2022
2453,171,126,2,2023-01-09,1164.41,Paga,0,Sem Cobrança,2023-01-12,1164.41,Alto,,1,2023
2454,171,126,3,2023-02-08,1164.41,Paga,0,Sem Cobrança,2023-02-11,1164.41,Alto,,2,2023
2455,171,126,4,2023-03-10,1164.41,Paga,0,SMS,2023-03-11,957.89,Alto,Equipe B,3,2023
2456,171,126,5,2023-04-09,1164.41,Paga,0,Sem Cobrança,2023-04-11,1164.41,Alto,,4,2023
2457,171,126,6,2023-05-09,1164.41,Paga,0,Email,2023-05-17,1065.44,Alto,Equipe C,5,2023
2458,171,126,7,2023-06-08,1164.41,Paga,0,Sem Cobrança,2023-06-08,1164.41,Alto,,6,2023
2459,171,126,8,2023-07-08,1164.41,Paga,0,Sem Cobrança,2023-07-11,1164.41,Alto,,7,2023
2460,171,126,9,2023-08-07,1164.41,Paga,0,Sem Cobrança,2023-08-08,1164.41,Alto,,8,2023
2461,171,126,10,2023-09-06,1164.41,Paga,0,Sem Cobrança,2023-09-09,1164.41,Alto,,9,2023
2462,171,126,11,2023-10-06,1164.41,Paga,0,Sem Cobrança,2023-10-06,1164.41,Alto,,10,2023
2463,171,126,12,2023-11-05,1164.41,Vencida,45,Cartório,,0.0,Médio,Terceirizado Sul,11,2023
2464,171,126,13,2023-12-05,1164.41,Paga,0,Sem Cobrança,2023-12-05,1164.41,Alto,,12,2023
2465,171,126,14,2024-01-04,1164.41,Paga,0,Sem Cobrança,2024-01-07,1164.41,Alto,,1,2024
2466,171,126,15,2024-02-03,1164.41,Paga,0,Sem Cobrança,2024-02-06,1164.41,Alto,,2,2024
2467,171,126,16,2024-03-04,1164.41,Paga,0,Sem Cobrança,2024-03-07,1164.41,Alto,,3,2024
2468,172,126,1,2023-02-06,5672.05,Paga,0,Sem Cobrança,2023-02-08,5672.05,Alto,,2,2023
2469,172,126,2,2023-03-08,5672.05,Paga,0,Sem Cobrança,2023-03-10,5672.05,Alto,,3,2023
2470,172,126,3,2023-04-07,5672.05,Paga,0,Sem Cobrança,2023-04-09,5672.05,Alto,,4,2023
2471,172,126,4,2023-05-07,5672.05,Paga,0,Sem Cobrança,2023-05-08,5672.05,Alto,,5,2023
2472,172,126,5,2023-06-06,5672.05,Paga,0,Sem Cobrança,2023-06-06,5672.05,Alto,,6,2023
2473,172,126,6,2023-07-06,5672.05,Paga,0,Sem Cobrança,2023-07-09,5672.05,Alto,,7,2023
2474,172,126,7,2023-08-05,5672.05,Paga,0,Sem Cobrança,2023-08-06,5672.05,Alto,,8,2023
2475,173,126,1,2022-08-01,3099.97,Paga,0,Sem Cobrança,2022-08-02,3099.97,Alto,,8,2022
2476,173,126,2,2022-08-31,3099.97,Paga,0,Sem Cobrança,2022-09-03,3099.97,Alto,,8,2022
2477,173,126,3,2022-09-30,3099.97,Paga,0,Sem Cobrança,2022-10-02,3099.97,Alto,,9,2022
2478,173,126,4,2022-10-30,3099.97,Paga,0,Sem Cobrança,2022-11-01,3099.97,Alto,,10,2022
2479,173,126,5,2022-11-29,3099.97,Paga,0,Sem Cobrança,2022-11-30,3099.97,Alto,,11,2022
2480,173,126,6,2022-12-29,3099.97,Paga,0,Sem Cobrança,2022-12-29,3099.97,Alto,,12,2022
2481,173,126,7,2023-01-28,3099.97,Paga,0,Sem Cobrança,2023-01-30,3099.97,Alto,,1,2023
2482,173,126,8,2023-02-27,3099.97,Paga,0,Sem Cobrança,2023-03-01,3099.97,Alto,,2,2023
2483,173,126,9,2023-03-29,3099.97,Paga,0,Sem Cobrança,2023-04-01,3099.97,Alto,,3,2023
2484,173,126,10,2023-04-28,3099.97,Paga,0,Sem Cobrança,2023-04-29,3099.97,Alto,,4,2023
2485,173,126,11,2023-05-28,3099.97,Paga,0,Sem Cobrança,2023-05-31,3099.97,Alto,,5,2023
2486,173,126,12,2023-06-27,3099.97,Paga,0,Sem Cobrança,2023-06-29,3099.97,Alto,,6,2023
2487,173,126,13,2023-07-27,3099.97,Paga,0,Sem Cobrança,2023-07-29,3099.97,Alto,,7,2023
2488,173,126,14,2023-08-26,3099.97,Paga,0,Sem Cobrança,2023-08-26,3099.97,Alto,,8,2023
2489,173,126,15,2023-09-25,3099.97,Paga,0,Sem Cobrança,2023-09-28,3099.97,Alto,,9,2023
2490,173,126,16,2023-10-25,3099.97,Paga,0,Sem Cobrança,2023-10-28,3099.97,Alto,,10,2023
2491,173,126,17,2023-11-24,3099.97,Paga,0,Sem Cobrança,2023-11-24,3099.97,Alto,,11,2023
2492,173,126,18,2023-12-24,3099.97,Paga,0,Sem Cobrança,2023-12-26,3099.97,Alto,,12,2023
2493,173,126,19,2024-01-23,3099.97,Paga,0,Ligação,2024-02-12,2638.89,Alto,Equipe C,1,2024
2494,173,126,20,2024-02-22,3099.97,Paga,0,Sem Cobrança,2024-02-25,3099.97,Alto,,2,2024
2495,173,126,21,2024-03-23,3099.97,Paga,0,Sem Cobrança,2024-03-25,3099.97,Alto,,3,2024
2496,173,126,22,2024-04-22,3099.97,Paga,0,Sem Cobrança,2024-04-22,3099.97,Alto,,4,2024
2497,173,126,23,2024-05-22,3099.97,Paga,0,Sem Cobrança,2024-05-22,3099.97,Alto,,5,2024
2498,173,126,24,2024-06-21,3099.97,Paga,0,Sem Cobrança,2024-06-21,3099.97,Alto,,6,2024
2499,174,127,1,2021-10-03,2944.5,Paga,0,Sem Cobrança,2021-10-04,2944.5,Alto,,10,2021
2500,174,127,2,2021-11-02,2944.5,Paga,0,Sem Cobrança,2021-11-05,2944.5,Alto,,11,2021
2501,174,127,3,2021-12-02,2944.5,Paga,0,Sem Cobrança,2021-12-05,2944.5,Alto,,12,2021
2502,174,127,4,2022-01-01,2944.5,Paga,0,Sem Cobrança,2022-01-02,2944.5,Alto,,1,2022
2503,174,127,5,2022-01-31,2944.5,Paga,0,Sem Cobrança,2022-01-31,2944.5,Alto,,1,2022
2504,174,127,6,2022-03-02,2944.5,Vencida,13,Email,,0.0,Médio,Terceirizado Norte,3,2022
2505,174,127,7,2022-04-01,2944.5,Paga,0,Sem Cobrança,2022-04-04,2944.5,Alto,,4,2022
2506,174,127,8,2022-05-01,2944.5,Paga,0,Sem Cobrança,2022-05-01,2944.5,Alto,,5,2022
2507,174,127,9,2022-05-31,2944.5,Paga,0,Sem Cobrança,2022-06-03,2944.5,Alto,,5,2022
2508,174,127,10,2022-06-30,2944.5,Vencida,37,Cartório,,0.0,Médio,Equipe C,6,2022
2509,174,127,11,2022-07-30,2944.5,Paga,0,Sem Cobrança,2022-08-01,2944.5,Alto,,7,2022
2510,174,127,12,2022-08-29,2944.5,Paga,0,Sem Cobrança,2022-08-30,2944.5,Alto,,8,2022
2511,174,127,13,2022-09-28,2944.5,Paga,0,Sem Cobrança,2022-09-30,2944.5,Alto,,9,2022
2512,174,127,14,2022-10-28,2944.5,Paga,0,Sem Cobrança,2022-10-29,2944.5,Alto,,10,2022
2513,174,127,15,2022-11-27,2944.5,Vencida,47,Cartório,,0.0,Médio,Equipe A,11,2022
2514,174,127,16,2022-12-27,2944.5,Vencida,12,Email,,0.0,Médio,Equipe B,12,2022
2515,174,127,17,2023-01-26,2944.5,Paga,0,Sem Cobrança,2023-01-26,2944.5,Alto,,1,2023
2516,174,127,18,2023-02-25,2944.5,Paga,0,Sem Cobrança,2023-02-27,2944.5,Alto,,2,2023
2517,174,127,19,2023-03-27,2944.5,Paga,0,Sem Cobrança,2023-03-28,2944.5,Alto,,3,2023
2518,174,127,20,2023-04-26,2944.5,Paga,0,Sem Cobrança,2023-04-27,2944.5,Alto,,4,2023
2519,174,127,21,2023-05-26,2944.5,Paga,0,Sem Cobrança,2023-05-28,2944.5,Alto,,5,2023
2520,174,127,22,2023-06-25,2944.5,Paga,0,Sem Cobrança,2023-06-26,2944.5,Alto,,6,2023
2521,174,127,23,2023-07-25,2944.5,Paga,0,Sem Cobrança,2023-07-25,2944.5,Alto,,7,2023
2522,174,127,24,2023-08-24,2944.5,Pendente,2,SMS,,0.0,Médio,Terceirizado Norte,8,2023
2523,175,128,1,2025-07-17,1962.44,Paga,0,Sem Cobrança,2025-07-18,1962.44,Alto,,7,2025
2524,175,128,2,2025-08-16,1962.44,Paga,0,Sem Cobrança,2025-08-19,1962.44,Alto,,8,2025
2525,175,128,3,2025-09-15,1962.44,Paga,0,Sem Cobrança,2025-09-16,1962.44,Alto,,9,2025
2526,175,128,4,2025-10-15,1962.44,Vencida,24,Ligação,,0.0,Médio,Equipe A,10,2025
2527,175,128,5,2025-11-14,1962.44,Paga,0,Sem Cobrança,2025-11-14,1962.44,Alto,,11,2025
2528,175,128,6,2025-12-14,1962.44,Vencida,39,Cartório,,0.0,Médio,Terceirizado Sul,12,2025
2529,176,129,1,2024-07-23,6026.91,Paga,0,Sem Cobrança,2024-07-25,6026.91,Alto,,7,2024
2530,176,129,2,2024-08-22,6026.91,Paga,0,Sem Cobrança,2024-08-23,6026.91,Alto,,8,2024
2531,176,129,3,2024-09-21,6026.91,Paga,0,Sem Cobrança,2024-09-23,6026.91,Alto,,9,2024
2532,176,129,4,2024-10-21,6026.91,Paga,0,Sem Cobrança,2024-10-21,6026.91,Alto,,10,2024
2533,176,129,5,2024-11-20,6026.91,Paga,0,Sem Cobrança,2024-11-20,6026.91,Alto,,11,2024
2534,176,129,6,2024-12-20,6026.91,Vencida,5,Email,,0.0,Médio,Equipe A,12,2024
2535,176,129,7,2025-01-19,6026.91,Paga,0,Sem Cobrança,2025-01-21,6026.91,Alto,,1,2025
2536,176,129,8,2025-02-18,6026.91,Paga,0,Sem Cobrança,2025-02-21,6026.91,Alto,,2,2025
2537,176,129,9,2025-03-20,6026.91,Paga,0,Sem Cobrança,2025-03-22,6026.91,Alto,,3,2025
2538,176,129,10,2025-04-19,6026.91,Vencida,8,Email,,0.0,Médio,Terceirizado Norte,4,2025
2539,176,129,11,2025-05-19,6026.91,Paga,0,Sem Cobrança,2025-05-19,6026.91,Alto,,5,2025
2540,176,129,12,2025-06-18,6026.91,Paga,0,Sem Cobrança,2025-06-20,6026.91,Alto,,6,2025
2541,176,129,13,2025-07-18,6026.91,Paga,0,Sem Cobrança,2025-07-20,6026.91,Alto,,7,2025
2542,176,129,14,2025-08-17,6026.91,Renegociada,4,SMS,2025-08-21,4235.6,Médio,Terceirizado Sul,8,2025
2543,176,129,15,2025-09-16,6026.91,Vencida,9,Email,,0.0,Médio,Equipe A,9,2025
2544,176,129,16,2025-10-16,6026.91,Paga,0,Sem Cobrança,2025-10-17,6026.91,Alto,,10,2025
2545,176,129,17,2025-11-15,6026.91,Paga,0,Sem Cobrança,2025-11-17,6026.91,Alto,,11,2025
2546,177,130,1,2023-07-14,4453.1,Paga,0,Sem Cobrança,2023-07-15,4453.1,Alto,,7,2023
2547,177,130,2,2023-08-13,4453.1,Paga,0,Sem Cobrança,2023-08-14,4453.1,Alto,,8,2023
2548,177,130,3,2023-09-12,4453.1,Paga,0,Sem Cobrança,2023-09-13,4453.1,Alto,,9,2023
2549,177,130,4,2023-10-12,4453.1,Paga,0,Sem Cobrança,2023-10-13,4453.1,Alto,,10,2023
2550,177,130,5,2023-11-11,4453.1,Paga,0,Sem Cobrança,2023-11-11,4453.1,Alto,,11,2023
2551,177,130,6,2023-12-11,4453.1,Paga,0,Sem Cobrança,2023-12-11,4453.1,Alto,,12,2023
2552,177,130,7,2024-01-10,4453.1,Paga,0,Sem Cobrança,2024-01-12,4453.1,Alto,,1,2024
2553,177,130,8,2024-02-09,4453.1,Paga,0,Sem Cobrança,2024-02-11,4453.1,Alto,,2,2024
2554,177,130,9,2024-03-10,4453.1,Paga,0,Sem Cobrança,2024-03-12,4453.1,Alto,,3,2024
2555,177,130,10,2024-04-09,4453.1,Paga,0,Sem Cobrança,2024-04-09,4453.1,Alto,,4,2024
2556,177,130,11,2024-05-09,4453.1,Paga,0,Sem Cobrança,2024-05-11,4453.1,Alto,,5,2024
2557,177,130,12,2024-06-08,4453.1,Vencida,18,Ligação,,0.0,Médio,Equipe B,6,2024
2558,177,130,13,2024-07-08,4453.1,Paga,0,Sem Cobrança,2024-07-08,4453.1,Alto,,7,2024
2559,177,130,14,2024-08-07,4453.1,Paga,0,Sem Cobrança,2024-08-08,4453.1,Alto,,8,2024
2560,177,130,15,2024-09-06,4453.1,Paga,0,Sem Cobrança,2024-09-06,4453.1,Alto,,9,2024
2561,177,130,16,2024-10-06,4453.1,Paga,0,Sem Cobrança,2024-10-07,4453.1,Alto,,10,2024
2562,177,130,17,2024-11-05,4453.1,Paga,0,Sem Cobrança,2024-11-05,4453.1,Alto,,11,2024
2563,178,131,1,2024-05-24,2130.76,Paga,0,Sem Cobrança,2024-05-27,2130.76,Alto,,5,2024
2564,178,131,2,2024-06-23,2130.76,Paga,0,Sem Cobrança,2024-06-26,2130.76,Alto,,6,2024
2565,178,131,3,2024-07-23,2130.76,Vencida,12,Email,,0.0,Médio,Equipe C,7,2024
2566,178,131,4,2024-08-22,2130.76,Paga,0,Sem Cobrança,2024-08-24,2130.76,Alto,,8,2024
2567,178,131,5,2024-09-21,2130.76,Vencida,10,Email,,0.0,Médio,Terceirizado Sul,9,2024
2568,178,131,6,2024-10-21,2130.76,Paga,0,Sem Cobrança,2024-10-21,2130.76,Alto,,10,2024
2569,178,131,7,2024-11-20,2130.76,Paga,0,Sem Cobrança,2024-11-21,2130.76,Alto,,11,2024
2570,178,131,8,2024-12-20,2130.76,Vencida,16,Ligação,,0.0,Médio,Equipe B,12,2024
2571,178,131,9,2025-01-19,2130.76,Renegociada,62,Jurídico,2025-03-22,1749.68,Médio,Terceirizado Sul,1,2025
2572,179,131,1,2024-09-05,8048.28,Vencida,34,Cartório,,0.0,Médio,Equipe C,9,2024
2573,179,131,2,2024-10-05,8048.28,Paga,0,Sem Cobrança,2024-10-08,8048.28,Alto,,10,2024
2574,179,131,3,2024-11-04,8048.28,Paga,0,Sem Cobrança,2024-11-06,8048.28,Alto,,11,2024
2575,179,131,4,2024-12-04,8048.28,Paga,0,Sem Cobrança,2024-12-05,8048.28,Alto,,12,2024
2576,179,131,5,2025-01-03,8048.28,Paga,0,Sem Cobrança,2025-01-05,8048.28,Alto,,1,2025
2577,179,131,6,2025-02-02,8048.28,Paga,0,Sem Cobrança,2025-02-02,8048.28,Alto,,2,2025
2578,179,131,7,2025-03-04,8048.28,Paga,0,Sem Cobrança,2025-03-07,8048.28,Alto,,3,2025
2579,179,131,8,2025-04-03,8048.28,Paga,0,Sem Cobrança,2025-04-04,8048.28,Alto,,4,2025
2580,179,131,9,2025-05-03,8048.28,Paga,0,Sem Cobrança,2025-05-03,8048.28,Alto,,5,2025
2581,180,132,1,2023-10-22,5028.52,Paga,0,Sem Cobrança,2023-10-23,5028.52,Alto,,10,2023
2582,180,132,2,2023-11-21,5028.52,Paga,0,Sem Cobrança,2023-11-23,5028.52,Alto,,11,2023
2583,180,132,3,2023-12-21,5028.52,Vencida,18,Ligação,,0.0,Médio,Equipe B,12,2023
2584,180,132,4,2024-01-20,5028.52,Paga,0,Sem Cobrança,2024-01-23,5028.52,Alto,,1,2024
2585,180,132,5,2024-02-19,5028.52,Paga,0,Sem Cobrança,2024-02-20,5028.52,Alto,,2,2024
2586,180,132,6,2024-03-20,5028.52,Paga,0,Sem Cobrança,2024-03-22,5028.52,Alto,,3,2024
2587,180,132,7,2024-04-19,5028.52,Paga,0,Sem Cobrança,2024-04-19,5028.52,Alto,,4,2024
2588,180,132,8,2024-05-19,5028.52,Paga,0,Sem Cobrança,2024-05-21,5028.52,Alto,,5,2024
2589,180,132,9,2024-06-18,5028.52,Paga,0,Sem Cobrança,2024-06-19,5028.52,Alto,,6,2024
2590,180,132,10,2024-07-18,5028.52,Paga,0,Sem Cobrança,2024-07-21,5028.52,Alto,,7,2024
2591,181,133,1,2023-03-21,4883.75,Paga,0,Sem Cobrança,2023-03-21,4883.75,Alto,,3,2023
2592,181,133,2,2023-04-20,4883.75,Paga,0,Sem Cobrança,2023-04-22,4883.75,Alto,,4,2023
2593,181,133,3,2023-05-20,4883.75,Paga,0,Sem Cobrança,2023-05-22,4883.75,Alto,,5,2023
2594,181,133,4,2023-06-19,4883.75,Vencida,25,Ligação,,0.0,Médio,Terceirizado Sul,6,2023
2595,181,133,5,2023-07-19,4883.75,Vencida,37,Cartório,,0.0,Médio,Equipe A,7,2023
2596,181,133,6,2023-08-18,4883.75,Renegociada,8,Email,2023-08-26,3927.94,Médio,Terceirizado Norte,8,2023
2597,181,133,7,2023-09-17,4883.75,Paga,0,Sem Cobrança,2023-09-17,4883.75,Alto,,9,2023
2598,181,133,8,2023-10-17,4883.75,Paga,0,Sem Cobrança,2023-10-18,4883.75,Alto,,10,2023
2599,181,133,9,2023-11-16,4883.75,Paga,0,Sem Cobrança,2023-11-17,4883.75,Alto,,11,2023
2600,181,133,10,2023-12-16,4883.75,Vencida,9,Email,,0.0,Médio,Equipe B,12,2023
2601,181,133,11,2024-01-15,4883.75,Paga,0,Sem Cobrança,2024-01-17,4883.75,Alto,,1,2024
2602,181,133,12,2024-02-14,4883.75,Paga,0,Sem Cobrança,2024-02-15,4883.75,Alto,,2,2024
2603,181,133,13,2024-03-15,4883.75,Paga,0,Sem Cobrança,2024-03-15,4883.75,Alto,,3,2024
2604,181,133,14,2024-04-14,4883.75,Paga,0,Sem Cobrança,2024-04-16,4883.75,Alto,,4,2024
2605,181,133,15,2024-05-14,4883.75,Paga,0,Sem Cobrança,2024-05-15,4883.75,Alto,,5,2024
2606,181,133,16,2024-06-13,4883.75,Paga,0,Sem Cobrança,2024-06-13,4883.75,Alto,,6,2024
2607,181,133,17,2024-07-13,4883.75,Paga,0,Sem Cobrança,2024-07-14,4883.75,Alto,,7,2024
2608,181,133,18,2024-08-12,4883.75,Paga,0,Sem Cobrança,2024-08-13,4883.75,Alto,,8,2024
2609,181,133,19,2024-09-11,4883.75,Paga,0,Sem Cobrança,2024-09-14,4883.75,Alto,,9,2024
2610,181,133,20,2024-10-11,4883.75,Paga,0,Sem Cobrança,2024-10-13,4883.75,Alto,,10,2024
2611,181,133,21,2024-11-10,4883.75,Pendente,1,SMS,,0.0,Médio,Terceirizado Norte,11,2024
2612,181,133,22,2024-12-10,4883.75,Paga,0,Sem Cobrança,2024-12-13,4883.75,Alto,,12,2024
2613,181,133,23,2025-01-09,4883.75,Paga,0,Sem Cobrança,2025-01-12,4883.75,Alto,,1,2025
2614,182,134,1,2023-12-19,1125.92,Paga,0,Sem Cobrança,2023-12-21,1125.92,Alto,,12,2023
2615,182,134,2,2024-01-18,1125.92,Vencida,34,Cartório,,0.0,Alto,Equipe C,1,2024
2616,182,134,3,2024-02-17,1125.92,Paga,0,Sem Cobrança,2024-02-17,1125.92,Alto,,2,2024
2617,182,134,4,2024-03-18,1125.92,Paga,0,Ligação,2024-04-09,1065.94,Alto,Equipe B,3,2024
2618,182,134,5,2024-04-17,1125.92,Paga,0,Sem Cobrança,2024-04-18,1125.92,Alto,,4,2024
2619,182,134,6,2024-05-17,1125.92,Paga,0,Sem Cobrança,2024-05-20,1125.92,Alto,,5,2024
2620,182,134,7,2024-06-16,1125.92,Paga,0,Sem Cobrança,2024-06-17,1125.92,Alto,,6,2024
2621,182,134,8,2024-07-16,1125.92,Paga,0,Sem Cobrança,2024-07-16,1125.92,Alto,,7,2024
2622,182,134,9,2024-08-15,1125.92,Paga,0,Sem Cobrança,2024-08-17,1125.92,Alto,,8,2024
2623,182,134,10,2024-09-14,1125.92,Paga,0,Sem Cobrança,2024-09-17,1125.92,Alto,,9,2024
2624,182,134,11,2024-10-14,1125.92,Paga,0,Sem Cobrança,2024-10-15,1125.92,Alto,,10,2024
2625,182,134,12,2024-11-13,1125.92,Paga,0,Sem Cobrança,2024-11-14,1125.92,Alto,,11,2024
2626,182,134,13,2024-12-13,1125.92,Paga,0,Sem Cobrança,2024-12-15,1125.92,Alto,,12,2024
2627,182,134,14,2025-01-12,1125.92,Vencida,53,Cartório,,0.0,Médio,Equipe A,1,2025
2628,182,134,15,2025-02-11,1125.92,Paga,0,Sem Cobrança,2025-02-14,1125.92,Alto,,2,2025
2629,182,134,16,2025-03-13,1125.92,Paga,0,Sem Cobrança,2025-03-16,1125.92,Alto,,3,2025
2630,183,135,1,2023-08-10,7669.65,Paga,0,Sem Cobrança,2023-08-13,7669.65,Alto,,8,2023
2631,183,135,2,2023-09-09,7669.65,Pendente,3,SMS,,0.0,Médio,Equipe C,9,2023
2632,183,135,3,2023-10-09,7669.65,Paga,0,Sem Cobrança,2023-10-09,7669.65,Alto,,10,2023
2633,183,135,4,2023-11-08,7669.65,Renegociada,2,SMS,2023-11-10,6442.18,Médio,Terceirizado Sul,11,2023
2634,183,135,5,2023-12-08,7669.65,Vencida,8,Email,,0.0,Médio,Terceirizado Norte,12,2023
2635,183,135,6,2024-01-07,7669.65,Paga,0,Sem Cobrança,2024-01-08,7669.65,Alto,,1,2024
2636,183,135,7,2024-02-06,7669.65,Vencida,60,Jurídico,,0.0,Médio,Terceirizado Sul,2,2024
2637,183,135,8,2024-03-07,7669.65,Paga,0,Sem Cobrança,2024-03-08,7669.65,Alto,,3,2024
2638,183,135,9,2024-04-06,7669.65,Paga,0,Sem Cobrança,2024-04-09,7669.65,Alto,,4,2024
2639,183,135,10,2024-05-06,7669.65,Paga,0,Sem Cobrança,2024-05-09,7669.65,Alto,,5,2024
2640,183,135,11,2024-06-05,7669.65,Vencida,11,Email,,0.0,Médio,Equipe C,6,2024
2641,183,135,12,2024-07-05,7669.65,Paga,0,Sem Cobrança,2024-07-07,7669.65,Alto,,7,2024
2642,183,135,13,2024-08-04,7669.65,Paga,0,Sem Cobrança,2024-08-06,7669.65,Alto,,8,2024
2643,183,135,14,2024-09-03,7669.65,Pendente,4,SMS,,0.0,Médio,Equipe A,9,2024
2644,183,135,15,2024-10-03,7669.65,Vencida,8,Email,,0.0,Médio,Terceirizado Sul,10,2024
2645,184,136,1,2025-01-03,1519.26,Renegociada,20,Ligação,2025-01-23,1518.03,Médio,Terceirizado Norte,1,2025
2646,184,136,2,2025-02-02,1519.26,Pendente,4,SMS,,0.0,Médio,Terceirizado Sul,2,2025
2647,184,136,3,2025-03-04,1519.26,Paga,0,Sem Cobrança,2025-03-07,1519.26,Alto,,3,2025
2648,184,136,4,2025-04-03,1519.26,Vencida,55,Cartório,,0.0,Médio,Equipe A,4,2025
2649,184,136,5,2025-05-03,1519.26,Vencida,53,Cartório,,0.0,Médio,Equipe C,5,2025
2650,184,136,6,2025-06-02,1519.26,Paga,0,Sem Cobrança,2025-06-05,1519.26,Alto,,6,2025
2651,184,136,7,2025-07-02,1519.26,Paga,0,Sem Cobrança,2025-07-02,1519.26,Alto,,7,2025
2652,184,136,8,2025-08-01,1519.26,Vencida,5,Email,,0.0,Médio,Terceirizado Sul,8,2025
2653,184,136,9,2025-08-31,1519.26,Paga,0,Sem Cobrança,2025-08-31,1519.26,Alto,,8,2025
2654,184,136,10,2025-09-30,1519.26,Paga,0,Sem Cobrança,2025-10-03,1519.26,Alto,,9,2025
2655,184,136,11,2025-10-30,1519.26,Paga,0,Sem Cobrança,2025-10-30,1519.26,Alto,,10,2025
2656,184,136,12,2025-11-29,1519.26,Vencida,42,Cartório,,0.0,Médio,Equipe C,11,2025
2657,184,136,13,2025-12-29,1519.26,Pendente,2,SMS,,0.0,Médio,Terceirizado Norte,12,2025
2658,184,136,14,2026-01-28,1519.26,Paga,0,Sem Cobrança,2026-01-30,1519.26,Alto,,1,2026
2659,184,136,15,2026-02-27,1519.26,Vencida,9,Email,,0.0,Médio,Equipe B,2,2026
2660,184,136,16,2026-03-29,1519.26,Vencida,6,Email,,0.0,Médio,Equipe C,3,2026
2661,184,136,17,2026-04-28,1519.26,Paga,0,Sem Cobrança,2026-04-29,1519.26,Alto,,4,2026
2662,184,136,18,2026-05-28,1519.26,Vencida,6,Email,,0.0,Médio,Equipe C,5,2026
2663,184,136,19,2026-06-27,1519.26,Paga,0,Sem Cobrança,2026-06-29,1519.26,Alto,,6,2026
2664,184,136,20,2026-07-27,1519.26,Paga,0,Sem Cobrança,2026-07-28,1519.26,Alto,,7,2026
2665,185,137,1,2021-08-01,913.66,Paga,0,Sem Cobrança,2021-08-03,913.66,Alto,,8,2021
2666,185,137,2,2021-08-31,913.66,Paga,0,Sem Cobrança,2021-09-01,913.66,Alto,,8,2021
2667,185,137,3,2021-09-30,913.66,Paga,0,Sem Cobrança,2021-10-02,913.66,Alto,,9,2021
2668,185,137,4,2021-10-30,913.66,Vencida,8,Email,,0.0,Médio,Equipe C,10,2021
2669,185,137,5,2021-11-29,913.66,Paga,0,Sem Cobrança,2021-11-30,913.66,Alto,,11,2021
2670,185,137,6,2021-12-29,913.66,Paga,0,Sem Cobrança,2021-12-30,913.66,Alto,,12,2021
2671,185,137,7,2022-01-28,913.66,Paga,0,Sem Cobrança,2022-01-31,913.66,Alto,,1,2022
2672,185,137,8,2022-02-27,913.66,Paga,0,Sem Cobrança,2022-03-02,913.66,Alto,,2,2022
2673,185,137,9,2022-03-29,913.66,Paga,0,Sem Cobrança,2022-03-30,913.66,Alto,,3,2022
2674,185,137,10,2022-04-28,913.66,Paga,0,Sem Cobrança,2022-04-30,913.66,Alto,,4,2022
2675,185,137,11,2022-05-28,913.66,Vencida,41,Cartório,,0.0,Médio,Terceirizado Sul,5,2022
2676,185,137,12,2022-06-27,913.66,Paga,0,Sem Cobrança,2022-06-29,913.66,Alto,,6,2022
2677,185,137,13,2022-07-27,913.66,Paga,0,Sem Cobrança,2022-07-28,913.66,Alto,,7,2022
2678,185,137,14,2022-08-26,913.66,Paga,0,Sem Cobrança,2022-08-26,913.66,Alto,,8,2022
2679,185,137,15,2022-09-25,913.66,Vencida,60,Jurídico,,0.0,Médio,Terceirizado Norte,9,2022
2680,185,137,16,2022-10-25,913.66,Paga,0,Sem Cobrança,2022-10-26,913.66,Alto,,10,2022
2681,185,137,17,2022-11-24,913.66,Paga,0,Sem Cobrança,2022-11-26,913.66,Alto,,11,2022
2682,185,137,18,2022-12-24,913.66,Paga,0,Sem Cobrança,2022-12-27,913.66,Alto,,12,2022
2683,185,137,19,2023-01-23,913.66,Pendente,1,SMS,,0.0,Médio,Equipe C,1,2023
2684,185,137,20,2023-02-22,913.66,Paga,0,Sem Cobrança,2023-02-22,913.66,Alto,,2,2023
2685,185,137,21,2023-03-24,913.66,Paga,0,Sem Cobrança,2023-03-25,913.66,Alto,,3,2023
2686,186,138,1,2023-07-20,5469.94,Paga,0,Sem Cobrança,2023-07-21,5469.94,Alto,,7,2023
2687,186,138,2,2023-08-19,5469.94,Renegociada,10,Email,2023-08-29,4640.41,Médio,Equipe B,8,2023
2688,186,138,3,2023-09-18,5469.94,Vencida,37,Cartório,,0.0,Médio,Equipe B,9,2023
2689,186,138,4,2023-10-18,5469.94,Vencida,30,Cartório,,0.0,Médio,Terceirizado Sul,10,2023
2690,186,138,5,2023-11-17,5469.94,Vencida,20,Ligação,,0.0,Médio,Terceirizado Sul,11,2023
2691,186,138,6,2023-12-17,5469.94,Vencida,42,Cartório,,0.0,Médio,Terceirizado Norte,12,2023
2692,186,138,7,2024-01-16,5469.94,Pendente,2,SMS,,0.0,Médio,Equipe C,1,2024
2693,186,138,8,2024-02-15,5469.94,Paga,0,Sem Cobrança,2024-02-17,5469.94,Alto,,2,2024
2694,186,138,9,2024-03-16,5469.94,Paga,0,Sem Cobrança,2024-03-18,5469.94,Alto,,3,2024
2695,186,138,10,2024-04-15,5469.94,Vencida,25,Ligação,,0.0,Médio,Equipe B,4,2024
2696,186,138,11,2024-05-15,5469.94,Vencida,25,Ligação,,0.0,Médio,Equipe B,5,2024
2697,186,138,12,2024-06-14,5469.94,Pendente,4,SMS,,0.0,Médio,Terceirizado Sul,6,2024
2698,186,138,13,2024-07-14,5469.94,Vencida,58,Cartório,,0.0,Médio,Terceirizado Sul,7,2024
2699,186,138,14,2024-08-13,5469.94,Paga,0,Sem Cobrança,2024-08-15,5469.94,Alto,,8,2024
2700,186,138,15,2024-09-12,5469.94,Renegociada,4,SMS,2024-09-16,4400.58,Médio,Terceirizado Sul,9,2024
2701,186,138,16,2024-10-12,5469.94,Paga,0,Sem Cobrança,2024-10-13,5469.94,Alto,,10,2024
2702,186,138,17,2024-11-11,5469.94,Renegociada,13,Email,2024-11-24,4844.41,Médio,Terceirizado Norte,11,2024
2703,186,138,18,2024-12-11,5469.94,Vencida,68,Jurídico,,0.0,Médio,Equipe A,12,2024
2704,186,138,19,2025-01-10,5469.94,Renegociada,14,Email,2025-01-24,4399.37,Médio,Equipe B,1,2025
2705,186,138,20,2025-02-09,5469.94,Vencida,25,Ligação,,0.0,Médio,Equipe C,2,2025
2706,187,139,1,2024-09-06,6680.58,Paga,0,Sem Cobrança,2024-09-06,6680.58,Alto,,9,2024
2707,187,139,2,2024-10-06,6680.58,Paga,0,Sem Cobrança,2024-10-09,6680.58,Alto,,10,2024
2708,187,139,3,2024-11-05,6680.58,Paga,0,Sem Cobrança,2024-11-06,6680.58,Alto,,11,2024
2709,187,139,4,2024-12-05,6680.58,Paga,0,Sem Cobrança,2024-12-06,6680.58,Alto,,12,2024
2710,187,139,5,2025-01-04,6680.58,Paga,0,Sem Cobrança,2025-01-06,6680.58,Alto,,1,2025
2711,187,139,6,2025-02-03,6680.58,Paga,0,Sem Cobrança,2025-02-05,6680.58,Alto,,2,2025
2712,187,139,7,2025-03-05,6680.58,Paga,0,Sem Cobrança,2025-03-08,6680.58,Alto,,3,2025
2713,187,139,8,2025-04-04,6680.58,Paga,0,Sem Cobrança,2025-04-06,6680.58,Alto,,4,2025
2714,187,139,9,2025-05-04,6680.58,Paga,0,Sem Cobrança,2025-05-04,6680.58,Alto,,5,2025
2715,187,139,10,2025-06-03,6680.58,Paga,0,Sem Cobrança,2025-06-05,6680.58,Alto,,6,2025
2716,187,139,11,2025-07-03,6680.58,Paga,0,Sem Cobrança,2025-07-03,6680.58,Alto,,7,2025
2717,187,139,12,2025-08-02,6680.58,Paga,0,Sem Cobrança,2025-08-05,6680.58,Alto,,8,2025
2718,187,139,13,2025-09-01,6680.58,Paga,0,Sem Cobrança,2025-09-02,6680.58,Alto,,9,2025
2719,187,139,14,2025-10-01,6680.58,Paga,0,Sem Cobrança,2025-10-02,6680.58,Alto,,10,2025
2720,187,139,15,2025-10-31,6680.58,Paga,0,Sem Cobrança,2025-10-31,6680.58,Alto,,10,2025
2721,187,139,16,2025-11-30,6680.58,Paga,0,Sem Cobrança,2025-12-03,6680.58,Alto,,11,2025
2722,187,139,17,2025-12-30,6680.58,Paga,0,Sem Cobrança,2026-01-01,6680.58,Alto,,12,2025
2723,187,139,18,2026-01-29,6680.58,Paga,0,Sem Cobrança,2026-02-01,6680.58,Alto,,1,2026
2724,187,139,19,2026-02-28,6680.58,Paga,0,Sem Cobrança,2026-03-03,6680.58,Alto,,2,2026
2725,187,139,20,2026-03-30,6680.58,Paga,0,Sem Cobrança,2026-04-02,6680.58,Alto,,3,2026
2726,187,139,21,2026-04-29,6680.58,Paga,0,Sem Cobrança,2026-04-30,6680.58,Alto,,4,2026
2727,187,139,22,2026-05-29,6680.58,Paga,0,Sem Cobrança,2026-05-30,6680.58,Alto,,5,2026
2728,187,139,23,2026-06-28,6680.58,Paga,0,Sem Cobrança,2026-06-30,6680.58,Alto,,6,2026
2729,187,139,24,2026-07-28,6680.58,Paga,0,Sem Cobrança,2026-07-31,6680.58,Alto,,7,2026
2730,188,140,1,2022-02-28,9969.38,Paga,0,Sem Cobrança,2022-03-01,9969.38,Alto,,2,2022
2731,188,140,2,2022-03-30,9969.38,Paga,0,Sem Cobrança,2022-03-31,9969.38,Alto,,3,2022
2732,188,140,3,2022-04-29,9969.38,Paga,0,Sem Cobrança,2022-04-29,9969.38,Alto,,4,2022
2733,188,140,4,2022-05-29,9969.38,Paga,0,Sem Cobrança,2022-05-29,9969.38,Alto,,5,2022
2734,188,140,5,2022-06-28,9969.38,Paga,0,Sem Cobrança,2022-06-28,9969.38,Alto,,6,2022
2735,188,140,6,2022-07-28,9969.38,Paga,0,Sem Cobrança,2022-07-28,9969.38,Alto,,7,2022
2736,188,140,7,2022-08-27,9969.38,Paga,0,Sem Cobrança,2022-08-27,9969.38,Alto,,8,2022
2737,188,140,8,2022-09-26,9969.38,Paga,0,Sem Cobrança,2022-09-26,9969.38,Alto,,9,2022
2738,188,140,9,2022-10-26,9969.38,Paga,0,Sem Cobrança,2022-10-26,9969.38,Alto,,10,2022
2739,188,140,10,2022-11-25,9969.38,Paga,0,Ligação,2022-12-18,9685.69,Alto,Terceirizado Sul,11,2022
2740,188,140,11,2022-12-25,9969.38,Paga,0,Sem Cobrança,2022-12-25,9969.38,Alto,,12,2022
2741,188,140,12,2023-01-24,9969.38,Paga,0,Sem Cobrança,2023-01-25,9969.38,Alto,,1,2023
2742,188,140,13,2023-02-23,9969.38,Paga,0,Sem Cobrança,2023-02-26,9969.38,Alto,,2,2023
2743,188,140,14,2023-03-25,9969.38,Paga,0,Sem Cobrança,2023-03-26,9969.38,Alto,,3,2023
2744,189,141,1,2022-11-30,13360.78,Renegociada,9,Email,2022-12-09,10852.3,Médio,Equipe B,11,2022
2745,189,141,2,2022-12-30,13360.78,Paga,0,Sem Cobrança,2022-12-31,13360.78,Alto,,12,2022
2746,189,141,3,2023-01-29,13360.78,Paga,0,Sem Cobrança,2023-02-01,13360.78,Alto,,1,2023
2747,189,141,4,2023-02-28,13360.78,Vencida,81,Jurídico,,0.0,Médio,Equipe A,2,2023
2748,189,141,5,2023-03-30,13360.78,Paga,0,Sem Cobrança,2023-04-01,13360.78,Alto,,3,2023
2749,189,141,6,2023-04-29,13360.78,Paga,0,Sem Cobrança,2023-04-29,13360.78,Alto,,4,2023
2750,189,141,7,2023-05-29,13360.78,Paga,0,Sem Cobrança,2023-05-30,13360.78,Alto,,5,2023
2751,189,141,8,2023-06-28,13360.78,Paga,0,Sem Cobrança,2023-06-29,13360.78,Alto,,6,2023
2752,189,141,9,2023-07-28,13360.78,Paga,0,Sem Cobrança,2023-07-31,13360.78,Alto,,7,2023
2753,189,141,10,2023-08-27,13360.78,Vencida,46,Cartório,,0.0,Médio,Equipe C,8,2023
2754,189,141,11,2023-09-26,13360.78,Paga,0,Sem Cobrança,2023-09-29,13360.78,Alto,,9,2023
2755,189,141,12,2023-10-26,13360.78,Paga,0,Sem Cobrança,2023-10-26,13360.78,Alto,,10,2023
2756,189,141,13,2023-11-25,13360.78,Paga,0,Sem Cobrança,2023-11-25,13360.78,Alto,,11,2023
2757,189,141,14,2023-12-25,13360.78,Paga,0,Sem Cobrança,2023-12-27,13360.78,Alto,,12,2023
2758,189,141,15,2024-01-24,13360.78,Pendente,1,SMS,,0.0,Médio,Terceirizado Norte,1,2024
2759,189,141,16,2024-02-23,13360.78,Vencida,70,Jurídico,,0.0,Médio,Terceirizado Norte,2,2024
2760,189,141,17,2024-03-24,13360.78,Paga,0,Sem Cobrança,2024-03-24,13360.78,Alto,,3,2024
2761,190,142,1,2021-07-04,5463.52,Vencida,10,Email,,0.0,Médio,Terceirizado Sul,7,2021
2762,190,142,2,2021-08-03,5463.52,Paga,0,Sem Cobrança,2021-08-06,5463.52,Alto,,8,2021
2763,190,142,3,2021-09-02,5463.52,Paga,0,Sem Cobrança,2021-09-03,5463.52,Alto,,9,2021
2764,190,142,4,2021-10-02,5463.52,Paga,0,Sem Cobrança,2021-10-03,5463.52,Alto,,10,2021
2765,190,142,5,2021-11-01,5463.52,Paga,0,Sem Cobrança,2021-11-02,5463.52,Alto,,11,2021
2766,190,142,6,2021-12-01,5463.52,Paga,0,Sem Cobrança,2021-12-04,5463.52,Alto,,12,2021
2767,190,142,7,2021-12-31,5463.52,Paga,0,Sem Cobrança,2022-01-03,5463.52,Alto,,12,2021
2768,190,142,8,2022-01-30,5463.52,Vencida,93,Jurídico,,0.0,Baixo,Terceirizado Sul,1,2022
2769,190,142,9,2022-03-01,5463.52,Paga,0,Sem Cobrança,2022-03-04,5463.52,Alto,,3,2022
2770,190,142,10,2022-03-31,5463.52,Paga,0,Sem Cobrança,2022-04-02,5463.52,Alto,,3,2022
2771,190,142,11,2022-04-30,5463.52,Paga,0,Sem Cobrança,2022-04-30,5463.52,Alto,,4,2022
2772,190,142,12,2022-05-30,5463.52,Paga,0,Sem Cobrança,2022-05-30,5463.52,Alto,,5,2022
2773,190,142,13,2022-06-29,5463.52,Vencida,60,Jurídico,,0.0,Médio,Terceirizado Sul,6,2022
2774,190,142,14,2022-07-29,5463.52,Paga,0,Sem Cobrança,2022-07-31,5463.52,Alto,,7,2022
2775,190,142,15,2022-08-28,5463.52,Paga,0,Sem Cobrança,2022-08-28,5463.52,Alto,,8,2022
2776,190,142,16,2022-09-27,5463.52,Renegociada,29,Ligação,2022-10-26,5404.82,Médio,Equipe A,9,2022
2777,190,142,17,2022-10-27,5463.52,Paga,0,Sem Cobrança,2022-10-30,5463.52,Alto,,10,2022
2778,190,142,18,2022-11-26,5463.52,Paga,0,Sem Cobrança,2022-11-27,5463.52,Alto,,11,2022
2779,190,142,19,2022-12-26,5463.52,Paga,0,Sem Cobrança,2022-12-26,5463.52,Alto,,12,2022
2780,190,142,20,2023-01-25,5463.52,Paga,0,Sem Cobrança,2023-01-25,5463.52,Alto,,1,2023
2781,190,142,21,2023-02-24,5463.52,Paga,0,Sem Cobrança,2023-02-25,5463.52,Alto,,2,2023
2782,190,142,22,2023-03-26,5463.52,Paga,0,Sem Cobrança,2023-03-28,5463.52,Alto,,3,2023
2783,192,144,1,2022-12-14,10966.77,Paga,0,Sem Cobrança,2022-12-17,10966.77,Alto,,12,2022
2784,192,144,2,2023-01-13,10966.77,Paga,0,Sem Cobrança,2023-01-13,10966.77,Alto,,1,2023
2785,192,144,3,2023-02-12,10966.77,Vencida,24,Ligação,,0.0,Médio,Equipe A,2,2023
2786,192,144,4,2023-03-14,10966.77,Paga,0,Sem Cobrança,2023-03-14,10966.77,Alto,,3,2023
2787,192,144,5,2023-04-13,10966.77,Paga,0,Sem Cobrança,2023-04-15,10966.77,Alto,,4,2023
2788,192,144,6,2023-05-13,10966.77,Paga,0,Sem Cobrança,2023-05-16,10966.77,Alto,,5,2023
2789,192,144,7,2023-06-12,10966.77,Paga,0,Sem Cobrança,2023-06-14,10966.77,Alto,,6,2023
2790,192,144,8,2023-07-12,10966.77,Paga,0,Sem Cobrança,2023-07-15,10966.77,Alto,,7,2023
2791,193,144,1,2023-02-16,5318.42,Paga,0,Sem Cobrança,2023-02-17,5318.42,Alto,,2,2023
2792,193,144,2,2023-03-18,5318.42,Paga,0,Sem Cobrança,2023-03-20,5318.42,Alto,,3,2023
2793,193,144,3,2023-04-17,5318.42,Paga,0,Sem Cobrança,2023-04-20,5318.42,Alto,,4,2023
2794,193,144,4,2023-05-17,5318.42,Paga,0,Sem Cobrança,2023-05-19,5318.42,Alto,,5,2023
2795,193,144,5,2023-06-16,5318.42,Paga,0,Sem Cobrança,2023-06-18,5318.42,Alto,,6,2023
2796,193,144,6,2023-07-16,5318.42,Paga,0,Sem Cobrança,2023-07-16,5318.42,Alto,,7,2023
2797,193,144,7,2023-08-15,5318.42,Paga,0,Sem Cobrança,2023-08-18,5318.42,Alto,,8,2023
2798,194,144,1,2023-05-02,12882.17,Paga,0,Sem Cobrança,2023-05-03,12882.17,Alto,,5,2023
2799,194,144,2,2023-06-01,12882.17,Paga,0,Sem Cobrança,2023-06-04,12882.17,Alto,,6,2023
2800,194,144,3,2023-07-01,12882.17,Paga,0,Sem Cobrança,2023-07-01,12882.17,Alto,,7,2023
2801,194,144,4,2023-07-31,12882.17,Paga,0,Sem Cobrança,2023-08-03,12882.17,Alto,,7,2023
2802,194,144,5,2023-08-30,12882.17,Renegociada,6,Email,2023-09-05,11682.19,Médio,Equipe A,8,2023
2803,194,144,6,2023-09-29,12882.17,Paga,0,Sem Cobrança,2023-09-29,12882.17,Alto,,9,2023
2804,194,144,7,2023-10-29,12882.17,Paga,0,Sem Cobrança,2023-11-01,12882.17,Alto,,10,2023
2805,194,144,8,2023-11-28,12882.17,Renegociada,15,Ligação,2023-12-13,11877.72,Médio,Terceirizado Norte,11,2023
2806,194,144,9,2023-12-28,12882.17,Paga,0,Sem Cobrança,2023-12-30,12882.17,Alto,,12,2023
2807,194,144,10,2024-01-27,12882.17,Paga,0,Sem Cobrança,2024-01-29,12882.17,Alto,,1,2024
2808,194,144,11,2024-02-26,12882.17,Paga,0,Sem Cobrança,2024-02-26,12882.17,Alto,,2,2024
2809,194,144,12,2024-03-27,12882.17,Paga,0,Sem Cobrança,2024-03-28,12882.17,Alto,,3,2024
2810,194,144,13,2024-04-26,12882.17,Paga,0,Sem Cobrança,2024-04-29,12882.17,Alto,,4,2024
2811,194,144,14,2024-05-26,12882.17,Paga,0,Sem Cobrança,2024-05-26,12882.17,Alto,,5,2024
2812,194,144,15,2024-06-25,12882.17,Paga,0,Sem Cobrança,2024-06-25,12882.17,Alto,,6,2024
2813,194,144,16,2024-07-25,12882.17,Paga,0,Sem Cobrança,2024-07-25,12882.17,Alto,,7,2024
2814,194,144,17,2024-08-24,12882.17,Paga,0,Sem Cobrança,2024-08-25,12882.17,Alto,,8,2024
2815,194,144,18,2024-09-23,12882.17,Paga,0,Sem Cobrança,2024-09-23,12882.17,Alto,,9,2024
2816,195,145,1,2022-10-03,4075.43,Paga,0,Sem Cobrança,2022-10-05,4075.43,Alto,,10,2022
2817,195,145,2,2022-11-02,4075.43,Paga,0,Sem Cobrança,2022-11-03,4075.43,Alto,,11,2022
2818,195,145,3,2022-12-02,4075.43,Paga,0,Sem Cobrança,2022-12-02,4075.43,Alto,,12,2022
2819,195,145,4,2023-01-01,4075.43,Paga,0,Sem Cobrança,2023-01-02,4075.43,Alto,,1,2023
2820,195,145,5,2023-01-31,4075.43,Paga,0,Sem Cobrança,2023-02-02,4075.43,Alto,,1,2023
2821,195,145,6,2023-03-02,4075.43,Vencida,106,Jurídico,,0.0,Baixo,Equipe C,3,2023
2822,195,145,7,2023-04-01,4075.43,Paga,0,Sem Cobrança,2023-04-03,4075.43,Alto,,4,2023
2823,195,145,8,2023-05-01,4075.43,Paga,0,Sem Cobrança,2023-05-01,4075.43,Alto,,5,2023
2824,195,145,9,2023-05-31,4075.43,Paga,0,Sem Cobrança,2023-06-01,4075.43,Alto,,5,2023
2825,195,145,10,2023-06-30,4075.43,Paga,0,Sem Cobrança,2023-06-30,4075.43,Alto,,6,2023
2826,195,145,11,2023-07-30,4075.43,Vencida,11,Email,,0.0,Médio,Terceirizado Norte,7,2023
2827,195,145,12,2023-08-29,4075.43,Vencida,20,Ligação,,0.0,Médio,Terceirizado Sul,8,2023
2828,195,145,13,2023-09-28,4075.43,Paga,0,Sem Cobrança,2023-09-29,4075.43,Alto,,9,2023
2829,196,146,1,2019-09-22,1244.87,Paga,0,Sem Cobrança,2019-09-24,1244.87,Alto,,9,2019
2830,196,146,2,2019-10-22,1244.87,Vencida,9,Email,,0.0,Médio,Terceirizado Sul,10,2019
2831,196,146,3,2019-11-21,1244.87,Vencida,8,Email,,0.0,Médio,Equipe C,11,2019
2832,196,146,4,2019-12-21,1244.87,Paga,0,Sem Cobrança,2019-12-22,1244.87,Alto,,12,2019
2833,196,146,5,2020-01-20,1244.87,Paga,0,Sem Cobrança,2020-01-21,1244.87,Alto,,1,2020
2834,196,146,6,2020-02-19,1244.87,Renegociada,141,Jurídico,2020-07-09,1016.14,Baixo,Terceirizado Sul,2,2020
2835,196,146,7,2020-03-20,1244.87,Vencida,37,Cartório,,0.0,Médio,Terceirizado Sul,3,2020
2836,196,146,8,2020-04-19,1244.87,Paga,0,Sem Cobrança,2020-04-19,1244.87,Alto,,4,2020
2837,196,146,9,2020-05-19,1244.87,Paga,0,Sem Cobrança,2020-05-22,1244.87,Alto,,5,2020
2838,196,146,10,2020-06-18,1244.87,Paga,0,Sem Cobrança,2020-06-21,1244.87,Alto,,6,2020
2839,197,146,1,2019-08-23,2517.9,Paga,0,Sem Cobrança,2019-08-26,2517.9,Alto,,8,2019
2840,197,146,2,2019-09-22,2517.9,Paga,0,Sem Cobrança,2019-09-23,2517.9,Alto,,9,2019
2841,197,146,3,2019-10-22,2517.9,Paga,0,Sem Cobrança,2019-10-24,2517.9,Alto,,10,2019
2842,197,146,4,2019-11-21,2517.9,Paga,0,Sem Cobrança,2019-11-24,2517.9,Alto,,11,2019
2843,197,146,5,2019-12-21,2517.9,Paga,0,Sem Cobrança,2019-12-22,2517.9,Alto,,12,2019
2844,197,146,6,2020-01-20,2517.9,Paga,0,Sem Cobrança,2020-01-22,2517.9,Alto,,1,2020
2845,197,146,7,2020-02-19,2517.9,Paga,0,Sem Cobrança,2020-02-21,2517.9,Alto,,2,2020
2846,197,146,8,2020-03-20,2517.9,Paga,0,Sem Cobrança,2020-03-21,2517.9,Alto,,3,2020
2847,197,146,9,2020-04-19,2517.9,Paga,0,Sem Cobrança,2020-04-22,2517.9,Alto,,4,2020
2848,197,146,10,2020-05-19,2517.9,Paga,0,Sem Cobrança,2020-05-20,2517.9,Alto,,5,2020
2849,197,146,11,2020-06-18,2517.9,Paga,0,Sem Cobrança,2020-06-18,2517.9,Alto,,6,2020
2850,197,146,12,2020-07-18,2517.9,Paga,0,Sem Cobrança,2020-07-20,2517.9,Alto,,7,2020
2851,197,146,13,2020-08-17,2517.9,Vencida,19,Ligação,,0.0,Médio,Terceirizado Sul,8,2020
2852,197,146,14,2020-09-16,2517.9,Paga,0,Sem Cobrança,2020-09-19,2517.9,Alto,,9,2020
2853,197,146,15,2020-10-16,2517.9,Renegociada,11,Email,2020-10-27,2069.05,Médio,Terceirizado Norte,10,2020
2854,198,147,1,2021-05-16,1967.99,Paga,0,Sem Cobrança,2021-05-19,1967.99,Alto,,5,2021
2855,198,147,2,2021-06-15,1967.99,Paga,0,Sem Cobrança,2021-06-18,1967.99,Alto,,6,2021
2856,198,147,3,2021-07-15,1967.99,Paga,0,Sem Cobrança,2021-07-17,1967.99,Alto,,7,2021
2857,198,147,4,2021-08-14,1967.99,Paga,0,Sem Cobrança,2021-08-15,1967.99,Alto,,8,2021
2858,198,147,5,2021-09-13,1967.99,Paga,0,Sem Cobrança,2021-09-14,1967.99,Alto,,9,2021
2859,198,147,6,2021-10-13,1967.99,Paga,0,Sem Cobrança,2021-10-14,1967.99,Alto,,10,2021
2860,198,147,7,2021-11-12,1967.99,Paga,0,Sem Cobrança,2021-11-14,1967.99,Alto,,11,2021
2861,198,147,8,2021-12-12,1967.99,Paga,0,Sem Cobrança,2021-12-15,1967.99,Alto,,12,2021
2862,198,147,9,2022-01-11,1967.99,Paga,0,Sem Cobrança,2022-01-13,1967.99,Alto,,1,2022
2863,198,147,10,2022-02-10,1967.99,Paga,0,Sem Cobrança,2022-02-11,1967.99,Alto,,2,2022
2864,198,147,11,2022-03-12,1967.99,Paga,0,Sem Cobrança,2022-03-15,1967.99,Alto,,3,2022
2865,198,147,12,2022-04-11,1967.99,Paga,0,Sem Cobrança,2022-04-14,1967.99,Alto,,4,2022
2866,198,147,13,2022-05-11,1967.99,Vencida,38,Cartório,,0.0,Médio,Equipe B,5,2022
2867,198,147,14,2022-06-10,1967.99,Paga,0,Sem Cobrança,2022-06-13,1967.99,Alto,,6,2022
2868,198,147,15,2022-07-10,1967.99,Vencida,20,Ligação,,0.0,Médio,Terceirizado Norte,7,2022
2869,198,147,16,2022-08-09,1967.99,Paga,0,Sem Cobrança,2022-08-10,1967.99,Alto,,8,2022
2870,198,147,17,2022-09-08,1967.99,Paga,0,Sem Cobrança,2022-09-09,1967.99,Alto,,9,2022
2871,198,147,18,2022-10-08,1967.99,Paga,0,Sem Cobrança,2022-10-09,1967.99,Alto,,10,2022
2872,198,147,19,2022-11-07,1967.99,Renegociada,28,Ligação,2022-12-05,1813.58,Médio,Terceirizado Norte,11,2022
2873,198,147,20,2022-12-07,1967.99,Paga,0,Sem Cobrança,2022-12-07,1967.99,Alto,,12,2022
2874,199,148,1,2023-06-03,4654.95,Paga,0,Sem Cobrança,2023-06-03,4654.95,Alto,,6,2023
2875,199,148,2,2023-07-03,4654.95,Pendente,2,SMS,,0.0,Médio,Equipe C,7,2023
2876,199,148,3,2023-08-02,4654.95,Paga,0,Sem Cobrança,2023-08-04,4654.95,Alto,,8,2023
2877,199,148,4,2023-09-01,4654.95,Paga,0,Sem Cobrança,2023-09-03,4654.95,Alto,,9,2023
2878,199,148,5,2023-10-01,4654.95,Renegociada,47,Cartório,2023-11-17,4432.46,Médio,Equipe C,10,2023
2879,199,148,6,2023-10-31,4654.95,Paga,0,Sem Cobrança,2023-11-02,4654.95,Alto,,10,2023
2880,199,148,7,2023-11-30,4654.95,Paga,0,Sem Cobrança,2023-12-03,4654.95,Alto,,11,2023
2881,199,148,8,2023-12-30,4654.95,Renegociada,8,Email,2024-01-07,3400.21,Médio,Terceirizado Sul,12,2023
2882,199,148,9,2024-01-29,4654.95,Renegociada,3,SMS,2024-02-01,3423.87,Médio,Terceirizado Sul,1,2024
2883,200,148,1,2023-04-16,3137.04,Vencida,14,Email,,0.0,Médio,Equipe C,4,2023
2884,200,148,2,2023-05-16,3137.04,Paga,0,Sem Cobrança,2023-05-17,3137.04,Alto,,5,2023
2885,200,148,3,2023-06-15,3137.04,Paga,0,Sem Cobrança,2023-06-16,3137.04,Alto,,6,2023
2886,200,148,4,2023-07-15,3137.04,Paga,0,Sem Cobrança,2023-07-15,3137.04,Alto,,7,2023
2887,200,148,5,2023-08-14,3137.04,Paga,0,Sem Cobrança,2023-08-15,3137.04,Alto,,8,2023
2888,200,148,6,2023-09-13,3137.04,Paga,0,Sem Cobrança,2023-09-16,3137.04,Alto,,9,2023
2889,200,148,7,2023-10-13,3137.04,Paga,0,Sem Cobrança,2023-10-14,3137.04,Alto,,10,2023
2890,200,148,8,2023-11-12,3137.04,Paga,0,Sem Cobrança,2023-11-14,3137.04,Alto,,11,2023
2891,200,148,9,2023-12-12,3137.04,Paga,0,Sem Cobrança,2023-12-13,3137.04,Alto,,12,2023
2892,200,148,10,2024-01-11,3137.04,Paga,0,Sem Cobrança,2024-01-11,3137.04,Alto,,1,2024
2893,200,148,11,2024-02-10,3137.04,Paga,0,Sem Cobrança,2024-02-12,3137.04,Alto,,2,2024
2894,200,148,12,2024-03-11,3137.04,Paga,0,Sem Cobrança,2024-03-11,3137.04,Alto,,3,2024
2895,200,148,13,2024-04-10,3137.04,Paga,0,Sem Cobrança,2024-04-10,3137.04,Alto,,4,2024
2896,200,148,14,2024-05-10,3137.04,Vencida,11,Email,,0.0,Médio,Equipe B,5,2024
2897,200,148,15,2024-06-09,3137.04,Pendente,1,SMS,,0.0,Médio,Equipe B,6,2024
2898,200,148,16,2024-07-09,3137.04,Paga,0,Sem Cobrança,2024-07-11,3137.04,Alto,,7,2024
2899,200,148,17,2024-08-08,3137.04,Paga,0,Sem Cobrança,2024-08-08,3137.04,Alto,,8,2024
2900,200,148,18,2024-09-07,3137.04,Paga,0,Sem Cobrança,2024-09-10,3137.04,Alto,,9,2024
2901,200,148,19,2024-10-07,3137.04,Pendente,2,SMS,,0.0,Médio,Equipe B,10,2024
2902,201,149,1,2019-09-20,1168.27,Paga,0,Sem Cobrança,2019-09-21,1168.27,Alto,,9,2019
2903,201,149,2,2019-10-20,1168.27,Paga,0,Sem Cobrança,2019-10-20,1168.27,Alto,,10,2019
2904,201,149,3,2019-11-19,1168.27,Paga,0,Sem Cobrança,2019-11-20,1168.27,Alto,,11,2019
2905,201,149,4,2019-12-19,1168.27,Vencida,35,Cartório,,0.0,Médio,Terceirizado Norte,12,2019
2906,201,149,5,2020-01-18,1168.27,Paga,0,Sem Cobrança,2020-01-20,1168.27,Alto,,1,2020
2907,201,149,6,2020-02-17,1168.27,Vencida,7,Email,,0.0,Médio,Terceirizado Norte,2,2020
2908,201,149,7,2020-03-18,1168.27,Paga,0,Sem Cobrança,2020-03-20,1168.27,Alto,,3,2020
2909,201,149,8,2020-04-17,1168.27,Paga,0,Sem Cobrança,2020-04-18,1168.27,Alto,,4,2020
2910,201,149,9,2020-05-17,1168.27,Paga,0,Sem Cobrança,2020-05-17,1168.27,Alto,,5,2020
2911,201,149,10,2020-06-16,1168.27,Paga,0,Sem Cobrança,2020-06-16,1168.27,Alto,,6,2020
2912,201,149,11,2020-07-16,1168.27,Vencida,40,Cartório,,0.0,Médio,Terceirizado Norte,7,2020
2913,201,149,12,2020-08-15,1168.27,Vencida,9,Email,,0.0,Médio,Equipe C,8,2020
2914,201,149,13,2020-09-14,1168.27,Paga,0,Sem Cobrança,2020-09-17,1168.27,Alto,,9,2020
2915,201,149,14,2020-10-14,1168.27,Paga,0,Sem Cobrança,2020-10-16,1168.27,Alto,,10,2020
2916,201,149,15,2020-11-13,1168.27,Renegociada,26,Ligação,2020-12-09,885.4,Médio,Equipe C,11,2020
2917,201,149,16,2020-12-13,1168.27,Pendente,2,SMS,,0.0,Médio,Equipe A,12,2020
2918,201,149,17,2021-01-12,1168.27,Paga,0,Sem Cobrança,2021-01-14,1168.27,Alto,,1,2021
2919,202,149,1,2019-06-16,6812.5,Paga,0,Sem Cobrança,2019-06-16,6812.5,Alto,,6,2019
2920,202,149,2,2019-07-16,6812.5,Paga,0,Sem Cobrança,2019-07-16,6812.5,Alto,,7,2019
2921,202,149,3,2019-08-15,6812.5,Renegociada,43,Cartório,2019-09-27,5937.59,Médio,Equipe B,8,2019
2922,202,149,4,2019-09-14,6812.5,Paga,0,Sem Cobrança,2019-09-14,6812.5,Alto,,9,2019
2923,202,149,5,2019-10-14,6812.5,Vencida,107,Jurídico,,0.0,Baixo,Terceirizado Sul,10,2019
2924,202,149,6,2019-11-13,6812.5,Vencida,13,Email,,0.0,Médio,Terceirizado Norte,11,2019
2925,202,149,7,2019-12-13,6812.5,Paga,0,Sem Cobrança,2019-12-15,6812.5,Alto,,12,2019
2926,202,149,8,2020-01-12,6812.5,Paga,0,Sem Cobrança,2020-01-12,6812.5,Alto,,1,2020
2927,202,149,9,2020-02-11,6812.5,Paga,0,Sem Cobrança,2020-02-11,6812.5,Alto,,2,2020
2928,202,149,10,2020-03-12,6812.5,Paga,0,Sem Cobrança,2020-03-13,6812.5,Alto,,3,2020
2929,202,149,11,2020-04-11,6812.5,Paga,0,Sem Cobrança,2020-04-11,6812.5,Alto,,4,2020
2930,202,149,12,2020-05-11,6812.5,Renegociada,8,Email,2020-05-19,5653.63,Médio,Equipe B,5,2020
2931,202,149,13,2020-06-10,6812.5,Vencida,8,Email,,0.0,Médio,Terceirizado Sul,6,2020
2932,202,149,14,2020-07-10,6812.5,Vencida,5,Email,,0.0,Médio,Terceirizado Norte,7,2020
2933,202,149,15,2020-08-09,6812.5,Paga,0,Sem Cobrança,2020-08-10,6812.5,Alto,,8,2020
2934,202,149,16,2020-09-08,6812.5,Paga,0,Sem Cobrança,2020-09-08,6812.5,Alto,,9,2020
2935,202,149,17,2020-10-08,6812.5,Paga,0,Sem Cobrança,2020-10-08,6812.5,Alto,,10,2020
2936,202,149,18,2020-11-07,6812.5,Renegociada,1,SMS,2020-11-08,6563.52,Médio,Terceirizado Sul,11,2020
2937,202,149,19,2020-12-07,6812.5,Paga,0,Sem Cobrança,2020-12-07,6812.5,Alto,,12,2020
2938,202,149,20,2021-01-06,6812.5,Paga,0,Sem Cobrança,2021-01-06,6812.5,Alto,,1,2021
2939,202,149,21,2021-02-05,6812.5,Pendente,4,SMS,,0.0,Médio,Equipe B,2,2021
2940,202,149,22,2021-03-07,6812.5,Vencida,11,Email,,0.0,Médio,Terceirizado Sul,3,2021
2941,203,149,1,2020-04-03,2301.03,Paga,0,Sem Cobrança,2020-04-05,2301.03,Alto,,4,2020
2942,203,149,2,2020-05-03,2301.03,Vencida,34,Cartório,,0.0,Médio,Equipe B,5,2020
2943,203,149,3,2020-06-02,2301.03,Paga,0,Sem Cobrança,2020-06-04,2301.03,Alto,,6,2020
2944,203,149,4,2020-07-02,2301.03,Renegociada,45,Cartório,2020-08-16,1951.68,Médio,Equipe A,7,2020
2945,203,149,5,2020-08-01,2301.03,Paga,0,Sem Cobrança,2020-08-04,2301.03,Alto,,8,2020
2946,203,149,6,2020-08-31,2301.03,Vencida,6,Email,,0.0,Médio,Equipe A,8,2020
2947,203,149,7,2020-09-30,2301.03,Paga,0,Sem Cobrança,2020-09-30,2301.03,Alto,,9,2020
2948,203,149,8,2020-10-30,2301.03,Vencida,6,Email,,0.0,Médio,Terceirizado Sul,10,2020
2949,203,149,9,2020-11-29,2301.03,Paga,0,Sem Cobrança,2020-11-29,2301.03,Alto,,11,2020
2950,203,149,10,2020-12-29,2301.03,Paga,0,Sem Cobrança,2020-12-31,2301.03,Alto,,12,2020
2951,203,149,11,2021-01-28,2301.03,Paga,0,Sem Cobrança,2021-01-31,2301.03,Alto,,1,2021
2952,203,149,12,2021-02-27,2301.03,Paga,0,Sem Cobrança,2021-03-01,2301.03,Alto,,2,2021
2953,203,149,13,2021-03-29,2301.03,Paga,0,Sem Cobrança,2021-03-31,2301.03,Alto,,3,2021
2954,203,149,14,2021-04-28,2301.03,Paga,0,Sem Cobrança,2021-04-29,2301.03,Alto,,4,2021
2955,203,149,15,2021-05-28,2301.03,Vencida,44,Cartório,,0.0,Médio,Terceirizado Norte,5,2021
2956,203,149,16,2021-06-27,2301.03,Paga,0,Sem Cobrança,2021-06-30,2301.03,Alto,,6,2021
2957,203,149,17,2021-07-27,2301.03,Vencida,5,Email,,0.0,Médio,Terceirizado Norte,7,2021
2958,203,149,18,2021-08-26,2301.03,Paga,0,Sem Cobrança,2021-08-29,2301.03,Alto,,8,2021
2959,203,149,19,2021-09-25,2301.03,Paga,0,Sem Cobrança,2021-09-26,2301.03,Alto,,9,2021
2960,204,150,1,2023-04-03,1960.53,Paga,0,Sem Cobrança,2023-04-03,1960.53,Alto,,4,2023
2961,204,150,2,2023-05-03,1960.53,Paga,0,Sem Cobrança,2023-05-05,1960.53,Alto,,5,2023
2962,204,150,3,2023-06-02,1960.53,Paga,0,Sem Cobrança,2023-06-03,1960.53,Alto,,6,2023
2963,204,150,4,2023-07-02,1960.53,Paga,0,Sem Cobrança,2023-07-02,1960.53,Alto,,7,2023
2964,204,150,5,2023-08-01,1960.53,Paga,0,Sem Cobrança,2023-08-02,1960.53,Alto,,8,2023
2965,204,150,6,2023-08-31,1960.53,Renegociada,1,SMS,2023-09-01,1382.01,Médio,Terceirizado Norte,8,2023
2966,204,150,7,2023-09-30,1960.53,Renegociada,27,Ligação,2023-10-27,1603.07,Médio,Equipe C,9,2023
2967,204,150,8,2023-10-30,1960.53,Paga,0,Sem Cobrança,2023-11-01,1960.53,Alto,,10,2023
2968,204,150,9,2023-11-29,1960.53,Vencida,18,Ligação,,0.0,Médio,Terceirizado Norte,11,2023
2969,204,150,10,2023-12-29,1960.53,Paga,0,Sem Cobrança,2023-12-30,1960.53,Alto,,12,2023
2970,204,150,11,2024-01-28,1960.53,Paga,0,Sem Cobrança,2024-01-28,1960.53,Alto,,1,2024
2971,204,150,12,2024-02-27,1960.53,Paga,0,Sem Cobrança,2024-02-27,1960.53,Alto,,2,2024
2972,204,150,13,2024-03-28,1960.53,Vencida,28,Ligação,,0.0,Médio,Equipe C,3,2024
2973,204,150,14,2024-04-27,1960.53,Vencida,16,Ligação,,0.0,Médio,Equipe B,4,2024
2974,204,150,15,2024-05-27,1960.53,Paga,0,Sem Cobrança,2024-05-27,1960.53,Alto,,5,2024
2975,204,150,16,2024-06-26,1960.53,Paga,0,Sem Cobrança,2024-06-27,1960.53,Alto,,6,2024
2976,204,150,17,2024-07-26,1960.53,Paga,0,Sem Cobrança,2024-07-28,1960.53,Alto,,7,2024
2977,204,150,18,2024-08-25,1960.53,Paga,0,Sem Cobrança,2024-08-28,1960.53,Alto,,8,2024
2978,205,151,1,2020-01-12,4877.64,Paga,0,Sem Cobrança,2020-01-14,4877.64,Alto,,1,2020
2979,205,151,2,2020-02-11,4877.64,Paga,0,Sem Cobrança,2020-02-13,4877.64,Alto,,2,2020
2980,205,151,3,2020-03-12,4877.64,Paga,0,Sem Cobrança,2020-03-13,4877.64,Alto,,3,2020
2981,205,151,4,2020-04-11,4877.64,Paga,0,Sem Cobrança,2020-04-14,4877.64,Alto,,4,2020
2982,205,151,5,2020-05-11,4877.64,Vencida,20,Ligação,,0.0,Médio,Equipe B,5,2020
2983,205,151,6,2020-06-10,4877.64,Paga,0,Sem Cobrança,2020-06-11,4877.64,Alto,,6,2020
2984,205,151,7,2020-07-10,4877.64,Paga,0,Sem Cobrança,2020-07-12,4877.64,Alto,,7,2020
2985,205,151,8,2020-08-09,4877.64,Paga,0,Sem Cobrança,2020-08-12,4877.64,Alto,,8,2020
2986,205,151,9,2020-09-08,4877.64,Paga,0,Sem Cobrança,2020-09-10,4877.64,Alto,,9,2020
2987,206,152,1,2024-09-25,5844.26,Paga,0,Sem Cobrança,2024-09-26,5844.26,Alto,,9,2024
2988,206,152,2,2024-10-25,5844.26,Paga,0,Sem Cobrança,2024-10-27,5844.26,Alto,,10,2024
2989,206,152,3,2024-11-24,5844.26,Paga,0,Sem Cobrança,2024-11-25,5844.26,Alto,,11,2024
2990,206,152,4,2024-12-24,5844.26,Paga,0,Sem Cobrança,2024-12-25,5844.26,Alto,,12,2024
2991,206,152,5,2025-01-23,5844.26,Paga,0,Sem Cobrança,2025-01-24,5844.26,Alto,,1,2025
2992,206,152,6,2025-02-22,5844.26,Paga,0,Sem Cobrança,2025-02-25,5844.26,Alto,,2,2025
2993,206,152,7,2025-03-24,5844.26,Paga,0,Sem Cobrança,2025-03-26,5844.26,Alto,,3,2025
2994,206,152,8,2025-04-23,5844.26,Paga,0,Sem Cobrança,2025-04-23,5844.26,Alto,,4,2025
2995,206,152,9,2025-05-23,5844.26,Paga,0,Sem Cobrança,2025-05-24,5844.26,Alto,,5,2025
2996,206,152,10,2025-06-22,5844.26,Paga,0,Sem Cobrança,2025-06-22,5844.26,Alto,,6,2025
2997,206,152,11,2025-07-22,5844.26,Paga,0,Sem Cobrança,2025-07-25,5844.26,Alto,,7,2025
2998,206,152,12,2025-08-21,5844.26,Paga,0,Sem Cobrança,2025-08-23,5844.26,Alto,,8,2025
2999,206,152,13,2025-09-20,5844.26,Renegociada,23,Ligação,2025-10-13,5440.91,Médio,Equipe B,9,2025
3000,206,152,14,2025-10-20,5844.26,Paga,0,Sem Cobrança,2025-10-20,5844.26,Alto,,10,2025
3001,206,152,15,2025-11-19,5844.26,Paga,0,Sem Cobrança,2025-11-20,5844.26,Alto,,11,2025
3002,206,152,16,2025-12-19,5844.26,Paga,0,Sem Cobrança,2025-12-21,5844.26,Alto,,12,2025
3003,206,152,17,2026-01-18,5844.26,Paga,0,Sem Cobrança,2026-01-21,5844.26,Alto,,1,2026
3004,206,152,18,2026-02-17,5844.26,Paga,0,Sem Cobrança,2026-02-19,5844.26,Alto,,2,2026
3005,206,152,19,2026-03-19,5844.26,Paga,0,Sem Cobrança,2026-03-22,5844.26,Alto,,3,2026
3006,206,152,20,2026-04-18,5844.26,Paga,0,Sem Cobrança,2026-04-19,5844.26,Alto,,4,2026
3007,206,152,21,2026-05-18,5844.26,Paga,0,Sem Cobrança,2026-05-19,5844.26,Alto,,5,2026
3008,206,152,22,2026-06-17,5844.26,Paga,0,Sem Cobrança,2026-06-17,5844.26,Alto,,6,2026
3009,206,152,23,2026-07-17,5844.26,Paga,0,Sem Cobrança,2026-07-17,5844.26,Alto,,7,2026
3010,207,153,1,2024-06-18,4208.45,Paga,0,Sem Cobrança,2024-06-20,4208.45,Alto,,6,2024
3011,207,153,2,2024-07-18,4208.45,Paga,0,Sem Cobrança,2024-07-21,4208.45,Alto,,7,2024
3012,207,153,3,2024-08-17,4208.45,Paga,0,Sem Cobrança,2024-08-17,4208.45,Alto,,8,2024
3013,207,153,4,2024-09-16,4208.45,Paga,0,Sem Cobrança,2024-09-17,4208.45,Alto,,9,2024
3014,207,153,5,2024-10-16,4208.45,Paga,0,Sem Cobrança,2024-10-16,4208.45,Alto,,10,2024
3015,207,153,6,2024-11-15,4208.45,Paga,0,Email,2024-11-26,3411.33,Alto,Equipe B,11,2024
3016,207,153,7,2024-12-15,4208.45,Paga,0,Sem Cobrança,2024-12-18,4208.45,Alto,,12,2024
3017,207,153,8,2025-01-14,4208.45,Paga,0,Sem Cobrança,2025-01-17,4208.45,Alto,,1,2025
3018,207,153,9,2025-02-13,4208.45,Paga,0,Sem Cobrança,2025-02-13,4208.45,Alto,,2,2025
3019,207,153,10,2025-03-15,4208.45,Paga,0,Sem Cobrança,2025-03-18,4208.45,Alto,,3,2025
3020,207,153,11,2025-04-14,4208.45,Paga,0,Sem Cobrança,2025-04-17,4208.45,Alto,,4,2025
3021,207,153,12,2025-05-14,4208.45,Paga,0,Sem Cobrança,2025-05-15,4208.45,Alto,,5,2025
3022,208,154,1,2020-02-08,3918.8,Paga,0,Sem Cobrança,2020-02-08,3918.8,Alto,,2,2020
3023,208,154,2,2020-03-09,3918.8,Vencida,27,Ligação,,0.0,Médio,Equipe B,3,2020
3024,208,154,3,2020-04-08,3918.8,Vencida,8,Email,,0.0,Médio,Terceirizado Norte,4,2020
3025,208,154,4,2020-05-08,3918.8,Paga,0,Sem Cobrança,2020-05-11,3918.8,Alto,,5,2020
3026,208,154,5,2020-06-07,3918.8,Vencida,12,Email,,0.0,Médio,Equipe C,6,2020
3027,208,154,6,2020-07-07,3918.8,Renegociada,6,Email,2020-07-13,3344.74,Médio,Equipe B,7,2020
3028,208,154,7,2020-08-06,3918.8,Paga,0,Sem Cobrança,2020-08-06,3918.8,Alto,,8,2020
3029,208,154,8,2020-09-05,3918.8,Renegociada,57,Cartório,2020-11-01,3582.4,Médio,Equipe A,9,2020
3030,208,154,9,2020-10-05,3918.8,Paga,0,Sem Cobrança,2020-10-07,3918.8,Alto,,10,2020
3031,208,154,10,2020-11-04,3918.8,Vencida,22,Ligação,,0.0,Médio,Terceirizado Norte,11,2020
3032,208,154,11,2020-12-04,3918.8,Vencida,69,Jurídico,,0.0,Médio,Terceirizado Norte,12,2020
3033,208,154,12,2021-01-03,3918.8,Paga,0,Sem Cobrança,2021-01-03,3918.8,Alto,,1,2021
3034,208,154,13,2021-02-02,3918.8,Paga,0,Sem Cobrança,2021-02-05,3918.8,Alto,,2,2021
3035,208,154,14,2021-03-04,3918.8,Vencida,6,Email,,0.0,Médio,Equipe B,3,2021
3036,208,154,15,2021-04-03,3918.8,Vencida,10,Email,,0.0,Médio,Equipe A,4,2021
3037,208,154,16,2021-05-03,3918.8,Paga,0,Sem Cobrança,2021-05-04,3918.8,Alto,,5,2021
3038,209,155,1,2024-03-26,1970.92,Renegociada,37,Cartório,2024-05-02,1469.89,Médio,Equipe B,3,2024
3039,209,155,2,2024-04-25,1970.92,Paga,0,Sem Cobrança,2024-04-27,1970.92,Alto,,4,2024
3040,209,155,3,2024-05-25,1970.92,Paga,0,Sem Cobrança,2024-05-28,1970.92,Alto,,5,2024
3041,209,155,4,2024-06-24,1970.92,Vencida,6,Email,,0.0,Médio,Terceirizado Norte,6,2024
3042,209,155,5,2024-07-24,1970.92,Paga,0,Sem Cobrança,2024-07-24,1970.92,Alto,,7,2024
3043,209,155,6,2024-08-23,1970.92,Paga,0,Sem Cobrança,2024-08-23,1970.92,Alto,,8,2024
3044,209,155,7,2024-09-22,1970.92,Paga,0,Sem Cobrança,2024-09-25,1970.92,Alto,,9,2024
3045,209,155,8,2024-10-22,1970.92,Vencida,8,Email,,0.0,Médio,Equipe C,10,2024
3046,209,155,9,2024-11-21,1970.92,Paga,0,Sem Cobrança,2024-11-22,1970.92,Alto,,11,2024
3047,209,155,10,2024-12-21,1970.92,Paga,0,Sem Cobrança,2024-12-22,1970.92,Alto,,12,2024
3048,209,155,11,2025-01-20,1970.92,Paga,0,Sem Cobrança,2025-01-22,1970.92,Alto,,1,2025
3049,209,155,12,2025-02-19,1970.92,Paga,0,Sem Cobrança,2025-02-21,1970.92,Alto,,2,2025
3050,209,155,13,2025-03-21,1970.92,Paga,0,Sem Cobrança,2025-03-22,1970.92,Alto,,3,2025
3051,209,155,14,2025-04-20,1970.92,Paga,0,Sem Cobrança,2025-04-22,1970.92,Alto,,4,2025
3052,209,155,15,2025-05-20,1970.92,Paga,0,Sem Cobrança,2025-05-22,1970.92,Alto,,5,2025
3053,209,155,16,2025-06-19,1970.92,Paga,0,Sem Cobrança,2025-06-22,1970.92,Alto,,6,2025
3054,209,155,17,2025-07-19,1970.92,Paga,0,Sem Cobrança,2025-07-21,1970.92,Alto,,7,2025
3055,209,155,18,2025-08-18,1970.92,Paga,0,Sem Cobrança,2025-08-21,1970.92,Alto,,8,2025
3056,209,155,19,2025-09-17,1970.92,Paga,0,Sem Cobrança,2025-09-20,1970.92,Alto,,9,2025
3057,209,155,20,2025-10-17,1970.92,Paga,0,Sem Cobrança,2025-10-17,1970.92,Alto,,10,2025
3058,209,155,21,2025-11-16,1970.92,Vencida,5,Email,,0.0,Médio,Equipe B,11,2025
3059,210,156,1,2020-09-05,5684.04,Paga,0,Sem Cobrança,2020-09-07,5684.04,Alto,,9,2020
3060,210,156,2,2020-10-05,5684.04,Paga,0,Sem Cobrança,2020-10-06,5684.04,Alto,,10,2020
3061,210,156,3,2020-11-04,5684.04,Paga,0,Sem Cobrança,2020-11-06,5684.04,Alto,,11,2020
3062,210,156,4,2020-12-04,5684.04,Paga,0,Sem Cobrança,2020-12-04,5684.04,Alto,,12,2020
3063,210,156,5,2021-01-03,5684.04,Paga,0,Sem Cobrança,2021-01-04,5684.04,Alto,,1,2021
3064,210,156,6,2021-02-02,5684.04,Paga,0,Sem Cobrança,2021-02-04,5684.04,Alto,,2,2021
3065,210,156,7,2021-03-04,5684.04,Renegociada,93,Jurídico,2021-06-05,5393.45,Baixo,Equipe C,3,2021
3066,210,156,8,2021-04-03,5684.04,Pendente,1,SMS,,0.0,Médio,Equipe C,4,2021
3067,210,156,9,2021-05-03,5684.04,Paga,0,Sem Cobrança,2021-05-06,5684.04,Alto,,5,2021
3068,210,156,10,2021-06-02,5684.04,Paga,0,Sem Cobrança,2021-06-03,5684.04,Alto,,6,2021
3069,210,156,11,2021-07-02,5684.04,Paga,0,Sem Cobrança,2021-07-05,5684.04,Alto,,7,2021
3070,210,156,12,2021-08-01,5684.04,Paga,0,Sem Cobrança,2021-08-03,5684.04,Alto,,8,2021
3071,211,157,1,2024-02-06,3469.61,Renegociada,55,Cartório,2024-04-01,2461.2,Médio,Equipe A,2,2024
3072,211,157,2,2024-03-07,3469.61,Paga,0,Sem Cobrança,2024-03-09,3469.61,Alto,,3,2024
3073,211,157,3,2024-04-06,3469.61,Paga,0,Sem Cobrança,2024-04-08,3469.61,Alto,,4,2024
3074,211,157,4,2024-05-06,3469.61,Paga,0,Sem Cobrança,2024-05-07,3469.61,Alto,,5,2024
3075,211,157,5,2024-06-05,3469.61,Vencida,24,Ligação,,0.0,Médio,Terceirizado Norte,6,2024
3076,211,157,6,2024-07-05,3469.61,Paga,0,Sem Cobrança,2024-07-07,3469.61,Alto,,7,2024
3077,211,157,7,2024-08-04,3469.61,Renegociada,21,Ligação,2024-08-25,3230.67,Médio,Equipe A,8,2024
3078,211,157,8,2024-09-03,3469.61,Paga,0,Sem Cobrança,2024-09-05,3469.61,Alto,,9,2024
3079,211,157,9,2024-10-03,3469.61,Paga,0,Sem Cobrança,2024-10-04,3469.61,Alto,,10,2024
3080,211,157,10,2024-11-02,3469.61,Vencida,11,Email,,0.0,Médio,Equipe A,11,2024
3081,211,157,11,2024-12-02,3469.61,Paga,0,Sem Cobrança,2024-12-05,3469.61,Alto,,12,2024
3082,211,157,12,2025-01-01,3469.61,Vencida,54,Cartório,,0.0,Médio,Terceirizado Norte,1,2025
3083,211,157,13,2025-01-31,3469.61,Paga,0,Sem Cobrança,2025-02-02,3469.61,Alto,,1,2025
3084,212,158,1,2021-01-28,9657.63,Renegociada,14,Email,2021-02-11,8764.69,Baixo,Equipe B,1,2021
3085,212,158,2,2021-02-27,9657.63,Renegociada,9,Email,2021-03-08,8201.52,Baixo,Terceirizado Norte,2,2021
3086,212,158,3,2021-03-29,9657.63,Paga,0,Sem Cobrança,2021-03-29,9657.63,Alto,,3,2021
3087,212,158,4,2021-04-28,9657.63,Paga,0,Sem Cobrança,2021-04-28,9657.63,Alto,,4,2021
3088,212,158,5,2021-05-28,9657.63,Paga,0,Sem Cobrança,2021-05-30,9657.63,Alto,,5,2021
3089,212,158,6,2021-06-27,9657.63,Paga,0,Sem Cobrança,2021-06-30,9657.63,Alto,,6,2021
3090,212,158,7,2021-07-27,9657.63,Vencida,32,Cartório,,0.0,Baixo,Equipe B,7,2021
3091,212,158,8,2021-08-26,9657.63,Renegociada,20,Ligação,2021-09-15,8644.11,Baixo,Terceirizado Sul,8,2021
3092,212,158,9,2021-09-25,9657.63,Paga,0,Sem Cobrança,2021-09-28,9657.63,Alto,,9,2021
3093,212,158,10,2021-10-25,9657.63,Paga,0,Sem Cobrança,2021-10-28,9657.63,Alto,,10,2021
3094,212,158,11,2021-11-24,9657.63,Paga,0,Sem Cobrança,2021-11-24,9657.63,Alto,,11,2021
3095,212,158,12,2021-12-24,9657.63,Vencida,60,Jurídico,,0.0,Baixo,Terceirizado Norte,12,2021
3096,212,158,13,2022-01-23,9657.63,Paga,0,Sem Cobrança,2022-01-25,9657.63,Alto,,1,2022
3097,212,158,14,2022-02-22,9657.63,Paga,0,Sem Cobrança,2022-02-24,9657.63,Alto,,2,2022
3098,213,159,1,2022-10-05,4089.44,Paga,0,Sem Cobrança,2022-10-07,4089.44,Alto,,10,2022
3099,213,159,2,2022-11-04,4089.44,Paga,0,Sem Cobrança,2022-11-06,4089.44,Alto,,11,2022
3100,213,159,3,2022-12-04,4089.44,Paga,0,Sem Cobrança,2022-12-07,4089.44,Alto,,12,2022
3101,213,159,4,2023-01-03,4089.44,Paga,0,Sem Cobrança,2023-01-05,4089.44,Alto,,1,2023
3102,213,159,5,2023-02-02,4089.44,Paga,0,Sem Cobrança,2023-02-03,4089.44,Alto,,2,2023
3103,213,159,6,2023-03-04,4089.44,Paga,0,Sem Cobrança,2023-03-07,4089.44,Alto,,3,2023
3104,213,159,7,2023-04-03,4089.44,Paga,0,Sem Cobrança,2023-04-06,4089.44,Alto,,4,2023
3105,213,159,8,2023-05-03,4089.44,Paga,0,Sem Cobrança,2023-05-06,4089.44,Alto,,5,2023
3106,213,159,9,2023-06-02,4089.44,Paga,0,Sem Cobrança,2023-06-04,4089.44,Alto,,6,2023
3107,213,159,10,2023-07-02,4089.44,Paga,0,Sem Cobrança,2023-07-04,4089.44,Alto,,7,2023
3108,213,159,11,2023-08-01,4089.44,Paga,0,Sem Cobrança,2023-08-04,4089.44,Alto,,8,2023
3109,213,159,12,2023-08-31,4089.44,Paga,0,Sem Cobrança,2023-09-01,4089.44,Alto,,8,2023
3110,213,159,13,2023-09-30,4089.44,Paga,0,Sem Cobrança,2023-10-02,4089.44,Alto,,9,2023
3111,213,159,14,2023-10-30,4089.44,Paga,0,Sem Cobrança,2023-10-31,4089.44,Alto,,10,2023
3112,213,159,15,2023-11-29,4089.44,Paga,0,Sem Cobrança,2023-11-30,4089.44,Alto,,11,2023
3113,213,159,16,2023-12-29,4089.44,Paga,0,Sem Cobrança,2023-12-30,4089.44,Alto,,12,2023
3114,213,159,17,2024-01-28,4089.44,Paga,0,Sem Cobrança,2024-01-29,4089.44,Alto,,1,2024
3115,213,159,18,2024-02-27,4089.44,Paga,0,Sem Cobrança,2024-03-01,4089.44,Alto,,2,2024
3116,213,159,19,2024-03-28,4089.44,Paga,0,Sem Cobrança,2024-03-31,4089.44,Alto,,3,2024
3117,213,159,20,2024-04-27,4089.44,Paga,0,Sem Cobrança,2024-04-27,4089.44,Alto,,4,2024
3118,213,159,21,2024-05-27,4089.44,Paga,0,Sem Cobrança,2024-05-27,4089.44,Alto,,5,2024
3119,213,159,22,2024-06-26,4089.44,Paga,0,Sem Cobrança,2024-06-27,4089.44,Alto,,6,2024
3120,213,159,23,2024-07-26,4089.44,Paga,0,Sem Cobrança,2024-07-28,4089.44,Alto,,7,2024
3121,214,160,1,2020-06-25,3189.1,Vencida,7,Email,,0.0,Médio,Terceirizado Sul,6,2020
3122,214,160,2,2020-07-25,3189.1,Paga,0,Sem Cobrança,2020-07-28,3189.1,Alto,,7,2020
3123,214,160,3,2020-08-24,3189.1,Paga,0,Sem Cobrança,2020-08-26,3189.1,Alto,,8,2020
3124,214,160,4,2020-09-23,3189.1,Paga,0,Sem Cobrança,2020-09-23,3189.1,Alto,,9,2020
3125,214,160,5,2020-10-23,3189.1,Paga,0,Sem Cobrança,2020-10-26,3189.1,Alto,,10,2020
3126,214,160,6,2020-11-22,3189.1,Vencida,9,Email,,0.0,Médio,Equipe A,11,2020
3127,214,160,7,2020-12-22,3189.1,Paga,0,Sem Cobrança,2020-12-22,3189.1,Alto,,12,2020
3128,214,160,8,2021-01-21,3189.1,Paga,0,Sem Cobrança,2021-01-21,3189.1,Alto,,1,2021
3129,214,160,9,2021-02-20,3189.1,Paga,0,Sem Cobrança,2021-02-22,3189.1,Alto,,2,2021
3130,214,160,10,2021-03-22,3189.1,Paga,0,Sem Cobrança,2021-03-25,3189.1,Alto,,3,2021
3131,214,160,11,2021-04-21,3189.1,Paga,0,Sem Cobrança,2021-04-22,3189.1,Alto,,4,2021
3132,214,160,12,2021-05-21,3189.1,Paga,0,Sem Cobrança,2021-05-21,3189.1,Alto,,5,2021
3133,214,160,13,2021-06-20,3189.1,Paga,0,Sem Cobrança,2021-06-21,3189.1,Alto,,6,2021
3134,214,160,14,2021-07-20,3189.1,Renegociada,86,Jurídico,2021-10-14,2410.05,Médio,Equipe A,7,2021
3135,214,160,15,2021-08-19,3189.1,Renegociada,19,Ligação,2021-09-07,3136.36,Médio,Terceirizado Norte,8,2021
3136,214,160,16,2021-09-18,3189.1,Vencida,12,Email,,0.0,Médio,Equipe C,9,2021
3137,214,160,17,2021-10-18,3189.1,Paga,0,Sem Cobrança,2021-10-21,3189.1,Alto,,10,2021
3138,214,160,18,2021-11-17,3189.1,Paga,0,Sem Cobrança,2021-11-20,3189.1,Alto,,11,2021
3139,214,160,19,2021-12-17,3189.1,Paga,0,Sem Cobrança,2021-12-17,3189.1,Alto,,12,2021
3140,214,160,20,2022-01-16,3189.1,Paga,0,Sem Cobrança,2022-01-16,3189.1,Alto,,1,2022
3141,214,160,21,2022-02-15,3189.1,Paga,0,Sem Cobrança,2022-02-17,3189.1,Alto,,2,2022
3142,215,161,1,2023-04-09,1332.51,Paga,0,Sem Cobrança,2023-04-12,1332.51,Alto,,4,2023
3143,215,161,2,2023-05-09,1332.51,Paga,0,Sem Cobrança,2023-05-12,1332.51,Alto,,5,2023
3144,215,161,3,2023-06-08,1332.51,Paga,0,Sem Cobrança,2023-06-08,1332.51,Alto,,6,2023
3145,215,161,4,2023-07-08,1332.51,Paga,0,Sem Cobrança,2023-07-10,1332.51,Alto,,7,2023
3146,215,161,5,2023-08-07,1332.51,Paga,0,Sem Cobrança,2023-08-10,1332.51,Alto,,8,2023
3147,215,161,6,2023-09-06,1332.51,Paga,0,Sem Cobrança,2023-09-09,1332.51,Alto,,9,2023
3148,216,162,1,2020-09-09,1816.81,Paga,0,Sem Cobrança,2020-09-09,1816.81,Alto,,9,2020
3149,216,162,2,2020-10-09,1816.81,Paga,0,Sem Cobrança,2020-10-09,1816.81,Alto,,10,2020
3150,216,162,3,2020-11-08,1816.81,Vencida,8,Email,,0.0,Médio,Equipe A,11,2020
3151,216,162,4,2020-12-08,1816.81,Paga,0,Sem Cobrança,2020-12-10,1816.81,Alto,,12,2020
3152,216,162,5,2021-01-07,1816.81,Paga,0,Sem Cobrança,2021-01-10,1816.81,Alto,,1,2021
3153,216,162,6,2021-02-06,1816.81,Vencida,29,Ligação,,0.0,Médio,Terceirizado Norte,2,2021
3154,216,162,7,2021-03-08,1816.81,Paga,0,Sem Cobrança,2021-03-11,1816.81,Alto,,3,2021
3155,217,163,1,2025-06-10,2601.52,Vencida,51,Cartório,,0.0,Médio,Equipe A,6,2025
3156,217,163,2,2025-07-10,2601.52,Paga,0,Sem Cobrança,2025-07-13,2601.52,Alto,,7,2025
3157,217,163,3,2025-08-09,2601.52,Renegociada,42,Cartório,2025-09-20,2262.06,Médio,Terceirizado Sul,8,2025
3158,217,163,4,2025-09-08,2601.52,Paga,0,Sem Cobrança,2025-09-08,2601.52,Alto,,9,2025
3159,217,163,5,2025-10-08,2601.52,Paga,0,Sem Cobrança,2025-10-08,2601.52,Alto,,10,2025
3160,217,163,6,2025-11-07,2601.52,Paga,0,Sem Cobrança,2025-11-10,2601.52,Alto,,11,2025
3161,217,163,7,2025-12-07,2601.52,Vencida,19,Ligação,,0.0,Médio,Equipe A,12,2025
3162,217,163,8,2026-01-06,2601.52,Paga,0,Sem Cobrança,2026-01-08,2601.52,Alto,,1,2026
3163,217,163,9,2026-02-05,2601.52,Paga,0,Sem Cobrança,2026-02-06,2601.52,Alto,,2,2026
3164,218,163,1,2025-05-11,4133.7,Renegociada,18,Ligação,2025-05-29,3855.59,Médio,Equipe B,5,2025
3165,218,163,2,2025-06-10,4133.7,Paga,0,Sem Cobrança,2025-06-10,4133.7,Alto,,6,2025
3166,218,163,3,2025-07-10,4133.7,Paga,0,Sem Cobrança,2025-07-11,4133.7,Alto,,7,2025
3167,218,163,4,2025-08-09,4133.7,Paga,0,Sem Cobrança,2025-08-12,4133.7,Alto,,8,2025
3168,218,163,5,2025-09-08,4133.7,Paga,0,Sem Cobrança,2025-09-11,4133.7,Alto,,9,2025
3169,218,163,6,2025-10-08,4133.7,Paga,0,Sem Cobrança,2025-10-08,4133.7,Alto,,10,2025
3170,218,163,7,2025-11-07,4133.7,Vencida,49,Cartório,,0.0,Médio,Terceirizado Sul,11,2025
3171,218,163,8,2025-12-07,4133.7,Paga,0,Sem Cobrança,2025-12-10,4133.7,Alto,,12,2025
3172,219,164,1,2024-11-29,2533.07,Paga,0,Email,2024-12-07,2172.24,Alto,Equipe C,11,2024
3173,219,164,2,2024-12-29,2533.07,Paga,0,Sem Cobrança,2024-12-29,2533.07,Alto,,12,2024
3174,219,164,3,2025-01-28,2533.07,Paga,0,Sem Cobrança,2025-01-28,2533.07,Alto,,1,2025
3175,219,164,4,2025-02-27,2533.07,Paga,0,Email,2025-03-13,1822.68,Alto,Equipe C,2,2025
3176,219,164,5,2025-03-29,2533.07,Paga,0,Sem Cobrança,2025-03-31,2533.07,Alto,,3,2025
3177,219,164,6,2025-04-28,2533.07,Paga,0,Sem Cobrança,2025-04-29,2533.07,Alto,,4,2025
3178,219,164,7,2025-05-28,2533.07,Paga,0,Sem Cobrança,2025-05-29,2533.07,Alto,,5,2025
3179,219,164,8,2025-06-27,2533.07,Vencida,45,Cartório,,0.0,Médio,Equipe B,6,2025
3180,219,164,9,2025-07-27,2533.07,Paga,0,Sem Cobrança,2025-07-29,2533.07,Alto,,7,2025
3181,219,164,10,2025-08-26,2533.07,Paga,0,Sem Cobrança,2025-08-29,2533.07,Alto,,8,2025
3182,219,164,11,2025-09-25,2533.07,Paga,0,Email,2025-09-30,2087.19,Alto,Terceirizado Sul,9,2025
3183,219,164,12,2025-10-25,2533.07,Paga,0,Cartório,2025-12-03,2340.54,Alto,Terceirizado Norte,10,2025
3184,219,164,13,2025-11-24,2533.07,Vencida,70,Jurídico,,0.0,Médio,Equipe A,11,2025
3185,219,164,14,2025-12-24,2533.07,Paga,0,Sem Cobrança,2025-12-26,2533.07,Alto,,12,2025
3186,219,164,15,2026-01-23,2533.07,Paga,0,Sem Cobrança,2026-01-23,2533.07,Alto,,1,2026
3187,219,164,16,2026-02-22,2533.07,Paga,0,Email,2026-02-27,1958.32,Alto,Terceirizado Norte,2,2026
3188,219,164,17,2026-03-24,2533.07,Paga,0,Sem Cobrança,2026-03-25,2533.07,Alto,,3,2026
3189,219,164,18,2026-04-23,2533.07,Paga,0,Sem Cobrança,2026-04-26,2533.07,Alto,,4,2026
3190,219,164,19,2026-05-23,2533.07,Paga,0,Sem Cobrança,2026-05-23,2533.07,Alto,,5,2026
3191,219,164,20,2026-06-22,2533.07,Vencida,14,Email,,0.0,Alto,Equipe A,6,2026
3192,219,164,21,2026-07-22,2533.07,Vencida,51,Cartório,,0.0,Médio,Equipe A,7,2026
3193,220,165,1,2021-02-26,2155.78,Paga,0,Sem Cobrança,2021-02-26,2155.78,Alto,,2,2021
3194,220,165,2,2021-03-28,2155.78,Paga,0,Sem Cobrança,2021-03-29,2155.78,Alto,,3,2021
3195,220,165,3,2021-04-27,2155.78,Paga,0,Sem Cobrança,2021-04-30,2155.78,Alto,,4,2021
3196,220,165,4,2021-05-27,2155.78,Paga,0,Sem Cobrança,2021-05-29,2155.78,Alto,,5,2021
3197,220,165,5,2021-06-26,2155.78,Paga,0,Sem Cobrança,2021-06-28,2155.78,Alto,,6,2021
3198,220,165,6,2021-07-26,2155.78,Paga,0,Sem Cobrança,2021-07-29,2155.78,Alto,,7,2021
3199,220,165,7,2021-08-25,2155.78,Vencida,28,Ligação,,0.0,Médio,Equipe B,8,2021
3200,220,165,8,2021-09-24,2155.78,Paga,0,Sem Cobrança,2021-09-26,2155.78,Alto,,9,2021
3201,220,165,9,2021-10-24,2155.78,Paga,0,Sem Cobrança,2021-10-25,2155.78,Alto,,10,2021
3202,220,165,10,2021-11-23,2155.78,Paga,0,Sem Cobrança,2021-11-24,2155.78,Alto,,11,2021
3203,220,165,11,2021-12-23,2155.78,Paga,0,Sem Cobrança,2021-12-26,2155.78,Alto,,12,2021
3204,220,165,12,2022-01-22,2155.78,Paga,0,Sem Cobrança,2022-01-23,2155.78,Alto,,1,2022
3205,220,165,13,2022-02-21,2155.78,Paga,0,Sem Cobrança,2022-02-23,2155.78,Alto,,2,2022
3206,220,165,14,2022-03-23,2155.78,Paga,0,Sem Cobrança,2022-03-23,2155.78,Alto,,3,2022
3207,220,165,15,2022-04-22,2155.78,Paga,0,Sem Cobrança,2022-04-22,2155.78,Alto,,4,2022
3208,220,165,16,2022-05-22,2155.78,Paga,0,Sem Cobrança,2022-05-22,2155.78,Alto,,5,2022
3209,220,165,17,2022-06-21,2155.78,Paga,0,Sem Cobrança,2022-06-22,2155.78,Alto,,6,2022
3210,220,165,18,2022-07-21,2155.78,Paga,0,Sem Cobrança,2022-07-21,2155.78,Alto,,7,2022
3211,220,165,19,2022-08-20,2155.78,Paga,0,Sem Cobrança,2022-08-23,2155.78,Alto,,8,2022
3212,220,165,20,2022-09-19,2155.78,Paga,0,Sem Cobrança,2022-09-21,2155.78,Alto,,9,2022
3213,220,165,21,2022-10-19,2155.78,Paga,0,Sem Cobrança,2022-10-21,2155.78,Alto,,10,2022
3214,221,165,1,2021-04-10,7163.89,Paga,0,Sem Cobrança,2021-04-13,7163.89,Alto,,4,2021
3215,221,165,2,2021-05-10,7163.89,Paga,0,Sem Cobrança,2021-05-13,7163.89,Alto,,5,2021
3216,221,165,3,2021-06-09,7163.89,Paga,0,Sem Cobrança,2021-06-10,7163.89,Alto,,6,2021
3217,221,165,4,2021-07-09,7163.89,Paga,0,Sem Cobrança,2021-07-09,7163.89,Alto,,7,2021
3218,221,165,5,2021-08-08,7163.89,Paga,0,Sem Cobrança,2021-08-10,7163.89,Alto,,8,2021
3219,221,165,6,2021-09-07,7163.89,Paga,0,Sem Cobrança,2021-09-07,7163.89,Alto,,9,2021
3220,221,165,7,2021-10-07,7163.89,Paga,0,Sem Cobrança,2021-10-09,7163.89,Alto,,10,2021
3221,221,165,8,2021-11-06,7163.89,Paga,0,Sem Cobrança,2021-11-08,7163.89,Alto,,11,2021
3222,221,165,9,2021-12-06,7163.89,Paga,0,Sem Cobrança,2021-12-07,7163.89,Alto,,12,2021
3223,221,165,10,2022-01-05,7163.89,Paga,0,Sem Cobrança,2022-01-07,7163.89,Alto,,1,2022
3224,221,165,11,2022-02-04,7163.89,Paga,0,Sem Cobrança,2022-02-05,7163.89,Alto,,2,2022
3225,221,165,12,2022-03-06,7163.89,Paga,0,Sem Cobrança,2022-03-08,7163.89,Alto,,3,2022
3226,221,165,13,2022-04-05,7163.89,Paga,0,Sem Cobrança,2022-04-07,7163.89,Alto,,4,2022
3227,221,165,14,2022-05-05,7163.89,Paga,0,Sem Cobrança,2022-05-08,7163.89,Alto,,5,2022
3228,221,165,15,2022-06-04,7163.89,Paga,0,Sem Cobrança,2022-06-07,7163.89,Alto,,6,2022
3229,222,166,1,2023-02-20,7513.81,Paga,0,Sem Cobrança,2023-02-21,7513.81,Alto,,2,2023
3230,222,166,2,2023-03-22,7513.81,Paga,0,Sem Cobrança,2023-03-24,7513.81,Alto,,3,2023
3231,222,166,3,2023-04-21,7513.81,Vencida,9,Email,,0.0,Médio,Terceirizado Sul,4,2023
3232,222,166,4,2023-05-21,7513.81,Paga,0,Sem Cobrança,2023-05-24,7513.81,Alto,,5,2023
3233,222,166,5,2023-06-20,7513.81,Paga,0,Sem Cobrança,2023-06-21,7513.81,Alto,,6,2023
3234,222,166,6,2023-07-20,7513.81,Renegociada,8,Email,2023-07-28,5816.5,Médio,Terceirizado Sul,7,2023
3235,222,166,7,2023-08-19,7513.81,Paga,0,Sem Cobrança,2023-08-21,7513.81,Alto,,8,2023
3236,222,166,8,2023-09-18,7513.81,Vencida,10,Email,,0.0,Médio,Equipe B,9,2023
3237,222,166,9,2023-10-18,7513.81,Paga,0,Sem Cobrança,2023-10-20,7513.81,Alto,,10,2023
3238,222,166,10,2023-11-17,7513.81,Paga,0,Sem Cobrança,2023-11-20,7513.81,Alto,,11,2023
3239,222,166,11,2023-12-17,7513.81,Paga,0,Sem Cobrança,2023-12-18,7513.81,Alto,,12,2023
3240,222,166,12,2024-01-16,7513.81,Paga,0,Sem Cobrança,2024-01-16,7513.81,Alto,,1,2024
3241,223,167,1,2020-12-23,4612.71,Vencida,24,Ligação,,0.0,Médio,Terceirizado Norte,12,2020
3242,223,167,2,2021-01-22,4612.71,Vencida,41,Cartório,,0.0,Médio,Terceirizado Norte,1,2021
3243,223,167,3,2021-02-21,4612.71,Paga,0,Sem Cobrança,2021-02-23,4612.71,Alto,,2,2021
3244,223,167,4,2021-03-23,4612.71,Paga,0,Sem Cobrança,2021-03-26,4612.71,Alto,,3,2021
3245,223,167,5,2021-04-22,4612.71,Vencida,74,Jurídico,,0.0,Médio,Terceirizado Norte,4,2021
3246,223,167,6,2021-05-22,4612.71,Paga,0,Sem Cobrança,2021-05-25,4612.71,Alto,,5,2021
3247,223,167,7,2021-06-21,4612.71,Paga,0,Sem Cobrança,2021-06-23,4612.71,Alto,,6,2021
3248,223,167,8,2021-07-21,4612.71,Vencida,42,Cartório,,0.0,Médio,Equipe A,7,2021
3249,223,167,9,2021-08-20,4612.71,Renegociada,66,Jurídico,2021-10-25,3969.55,Médio,Equipe B,8,2021
3250,223,167,10,2021-09-19,4612.71,Paga,0,Sem Cobrança,2021-09-22,4612.71,Alto,,9,2021
3251,223,167,11,2021-10-19,4612.71,Paga,0,Sem Cobrança,2021-10-19,4612.71,Alto,,10,2021
3252,223,167,12,2021-11-18,4612.71,Vencida,27,Ligação,,0.0,Médio,Equipe C,11,2021
3253,223,167,13,2021-12-18,4612.71,Paga,0,Sem Cobrança,2021-12-19,4612.71,Alto,,12,2021
3254,223,167,14,2022-01-17,4612.71,Paga,0,Sem Cobrança,2022-01-19,4612.71,Alto,,1,2022
3255,224,168,1,2019-10-01,4800.1,Renegociada,36,Cartório,2019-11-06,4201.22,Médio,Equipe B,10,2019
3256,224,168,2,2019-10-31,4800.1,Pendente,1,SMS,,0.0,Médio,Terceirizado Sul,10,2019
3257,224,168,3,2019-11-30,4800.1,Paga,0,Sem Cobrança,2019-12-01,4800.1,Alto,,11,2019
3258,224,168,4,2019-12-30,4800.1,Vencida,7,Email,,0.0,Médio,Equipe C,12,2019
3259,224,168,5,2020-01-29,4800.1,Paga,0,Sem Cobrança,2020-01-29,4800.1,Alto,,1,2020
3260,224,168,6,2020-02-28,4800.1,Renegociada,4,SMS,2020-03-03,4021.77,Médio,Equipe B,2,2020
3261,224,168,7,2020-03-29,4800.1,Paga,0,Sem Cobrança,2020-03-30,4800.1,Alto,,3,2020
3262,224,168,8,2020-04-28,4800.1,Vencida,143,Jurídico,,0.0,Baixo,Terceirizado Norte,4,2020
3263,224,168,9,2020-05-28,4800.1,Paga,0,Sem Cobrança,2020-05-31,4800.1,Alto,,5,2020
3264,224,168,10,2020-06-27,4800.1,Vencida,36,Cartório,,0.0,Médio,Terceirizado Norte,6,2020
3265,224,168,11,2020-07-27,4800.1,Paga,0,Sem Cobrança,2020-07-30,4800.1,Alto,,7,2020
3266,224,168,12,2020-08-26,4800.1,Pendente,2,SMS,,0.0,Médio,Terceirizado Norte,8,2020
3267,224,168,13,2020-09-25,4800.1,Renegociada,6,Email,2020-10-01,4329.66,Médio,Terceirizado Norte,9,2020
3268,224,168,14,2020-10-25,4800.1,Paga,0,Sem Cobrança,2020-10-27,4800.1,Alto,,10,2020
3269,224,168,15,2020-11-24,4800.1,Vencida,17,Ligação,,0.0,Médio,Terceirizado Norte,11,2020
3270,224,168,16,2020-12-24,4800.1,Paga,0,Sem Cobrança,2020-12-26,4800.1,Alto,,12,2020
3271,224,168,17,2021-01-23,4800.1,Vencida,63,Jurídico,,0.0,Médio,Terceirizado Norte,1,2021
3272,224,168,18,2021-02-22,4800.1,Renegociada,22,Ligação,2021-03-16,3868.78,Médio,Equipe C,2,2021
3273,224,168,19,2021-03-24,4800.1,Renegociada,30,Cartório,2021-04-23,4224.72,Médio,Terceirizado Norte,3,2021
3274,224,168,20,2021-04-23,4800.1,Paga,0,Sem Cobrança,2021-04-24,4800.1,Alto,,4,2021
3275,224,168,21,2021-05-23,4800.1,Paga,0,Sem Cobrança,2021-05-23,4800.1,Alto,,5,2021
3276,224,168,22,2021-06-22,4800.1,Vencida,5,Email,,0.0,Médio,Equipe C,6,2021
3277,224,168,23,2021-07-22,4800.1,Vencida,97,Jurídico,,0.0,Baixo,Terceirizado Norte,7,2021
3278,225,169,1,2025-03-18,1505.55,Renegociada,34,Cartório,2025-04-21,1219.46,Médio,Equipe C,3,2025
3279,225,169,2,2025-04-17,1505.55,Paga,0,Sem Cobrança,2025-04-18,1505.55,Alto,,4,2025
3280,225,169,3,2025-05-17,1505.55,Paga,0,Sem Cobrança,2025-05-18,1505.55,Alto,,5,2025
3281,225,169,4,2025-06-16,1505.55,Paga,0,Sem Cobrança,2025-06-19,1505.55,Alto,,6,2025
3282,225,169,5,2025-07-16,1505.55,Paga,0,Sem Cobrança,2025-07-17,1505.55,Alto,,7,2025
3283,225,169,6,2025-08-15,1505.55,Renegociada,2,SMS,2025-08-17,1367.93,Médio,Equipe A,8,2025
3284,225,169,7,2025-09-14,1505.55,Paga,0,Sem Cobrança,2025-09-16,1505.55,Alto,,9,2025
3285,225,169,8,2025-10-14,1505.55,Paga,0,Sem Cobrança,2025-10-16,1505.55,Alto,,10,2025
3286,225,169,9,2025-11-13,1505.55,Vencida,20,Ligação,,0.0,Médio,Equipe B,11,2025
3287,225,169,10,2025-12-13,1505.55,Paga,0,Sem Cobrança,2025-12-15,1505.55,Alto,,12,2025
3288,225,169,11,2026-01-12,1505.55,Vencida,67,Jurídico,,0.0,Médio,Terceirizado Sul,1,2026
3289,225,169,12,2026-02-11,1505.55,Vencida,10,Email,,0.0,Médio,Equipe B,2,2026
3290,225,169,13,2026-03-13,1505.55,Paga,0,Sem Cobrança,2026-03-16,1505.55,Alto,,3,2026
3291,225,169,14,2026-04-12,1505.55,Paga,0,Sem Cobrança,2026-04-13,1505.55,Alto,,4,2026
3292,225,169,15,2026-05-12,1505.55,Paga,0,Sem Cobrança,2026-05-13,1505.55,Alto,,5,2026
3293,225,169,16,2026-06-11,1505.55,Paga,0,Sem Cobrança,2026-06-11,1505.55,Alto,,6,2026
3294,225,169,17,2026-07-11,1505.55,Vencida,57,Cartório,,0.0,Médio,Equipe B,7,2026
3295,225,169,18,2026-08-10,1505.55,Paga,0,Sem Cobrança,2026-08-13,1505.55,Alto,,8,2026
3296,226,170,1,2021-04-03,2510.83,Paga,0,Sem Cobrança,2021-04-04,2510.83,Alto,,4,2021
3297,226,170,2,2021-05-03,2510.83,Paga,0,SMS,2021-05-04,1764.17,Alto,Equipe B,5,2021
3298,226,170,3,2021-06-02,2510.83,Paga,0,Sem Cobrança,2021-06-02,2510.83,Alto,,6,2021
3299,226,170,4,2021-07-02,2510.83,Paga,0,Sem Cobrança,2021-07-02,2510.83,Alto,,7,2021
3300,226,170,5,2021-08-01,2510.83,Paga,0,Sem Cobrança,2021-08-02,2510.83,Alto,,8,2021
3301,226,170,6,2021-08-31,2510.83,Renegociada,46,Cartório,2021-10-16,2406.65,Médio,Equipe C,8,2021
3302,226,170,7,2021-09-30,2510.83,Paga,0,Sem Cobrança,2021-10-02,2510.83,Alto,,9,2021
3303,226,170,8,2021-10-30,2510.83,Paga,0,Sem Cobrança,2021-11-02,2510.83,Alto,,10,2021
3304,226,170,9,2021-11-29,2510.83,Renegociada,55,Cartório,2022-01-23,2239.76,Médio,Equipe A,11,2021
3305,226,170,10,2021-12-29,2510.83,Paga,0,Ligação,2022-01-22,2104.66,Alto,Terceirizado Norte,12,2021
3306,226,170,11,2022-01-28,2510.83,Paga,0,Sem Cobrança,2022-01-31,2510.83,Alto,,1,2022
3307,226,170,12,2022-02-27,2510.83,Paga,0,Sem Cobrança,2022-03-02,2510.83,Alto,,2,2022
3308,226,170,13,2022-03-29,2510.83,Paga,0,Sem Cobrança,2022-04-01,2510.83,Alto,,3,2022
3309,226,170,14,2022-04-28,2510.83,Paga,0,Sem Cobrança,2022-04-30,2510.83,Alto,,4,2022
3310,226,170,15,2022-05-28,2510.83,Paga,0,Sem Cobrança,2022-05-31,2510.83,Alto,,5,2022
3311,226,170,16,2022-06-27,2510.83,Paga,0,Sem Cobrança,2022-06-30,2510.83,Alto,,6,2022
3312,226,170,17,2022-07-27,2510.83,Paga,0,SMS,2022-07-30,1785.01,Alto,Equipe A,7,2022
3313,226,170,18,2022-08-26,2510.83,Paga,0,Sem Cobrança,2022-08-28,2510.83,Alto,,8,2022
3314,226,170,19,2022-09-25,2510.83,Paga,0,Sem Cobrança,2022-09-25,2510.83,Alto,,9,2022
3315,226,170,20,2022-10-25,2510.83,Paga,0,Sem Cobrança,2022-10-28,2510.83,Alto,,10,2022
3316,226,170,21,2022-11-24,2510.83,Paga,0,Sem Cobrança,2022-11-26,2510.83,Alto,,11,2022
3317,226,170,22,2022-12-24,2510.83,Paga,0,Ligação,2023-01-21,1769.66,Alto,Terceirizado Norte,12,2022
3318,226,170,23,2023-01-23,2510.83,Paga,0,Sem Cobrança,2023-01-24,2510.83,Alto,,1,2023
3319,227,171,1,2022-09-18,7832.88,Paga,0,Sem Cobrança,2022-09-19,7832.88,Alto,,9,2022
3320,227,171,2,2022-10-18,7832.88,Paga,0,Sem Cobrança,2022-10-20,7832.88,Alto,,10,2022
3321,227,171,3,2022-11-17,7832.88,Vencida,48,Cartório,,0.0,Médio,Terceirizado Norte,11,2022
3322,227,171,4,2022-12-17,7832.88,Vencida,22,Ligação,,0.0,Médio,Equipe C,12,2022
3323,227,171,5,2023-01-16,7832.88,Paga,0,Sem Cobrança,2023-01-19,7832.88,Alto,,1,2023
3324,227,171,6,2023-02-15,7832.88,Renegociada,1,SMS,2023-02-16,5825.01,Médio,Equipe A,2,2023
3325,227,171,7,2023-03-17,7832.88,Vencida,73,Jurídico,,0.0,Médio,Terceirizado Norte,3,2023
3326,227,171,8,2023-04-16,7832.88,Paga,0,Sem Cobrança,2023-04-19,7832.88,Alto,,4,2023
3327,227,171,9,2023-05-16,7832.88,Vencida,30,Cartório,,0.0,Médio,Terceirizado Sul,5,2023
3328,227,171,10,2023-06-15,7832.88,Pendente,1,SMS,,0.0,Médio,Terceirizado Norte,6,2023
3329,227,171,11,2023-07-15,7832.88,Vencida,27,Ligação,,0.0,Médio,Terceirizado Sul,7,2023
3330,227,171,12,2023-08-14,7832.88,Renegociada,1,SMS,2023-08-15,7154.02,Médio,Equipe C,8,2023
3331,227,171,13,2023-09-13,7832.88,Vencida,16,Ligação,,0.0,Médio,Equipe C,9,2023
3332,227,171,14,2023-10-13,7832.88,Vencida,22,Ligação,,0.0,Médio,Terceirizado Norte,10,2023
3333,227,171,15,2023-11-12,7832.88,Vencida,27,Ligação,,0.0,Médio,Terceirizado Sul,11,2023
3334,227,171,16,2023-12-12,7832.88,Paga,0,Sem Cobrança,2023-12-15,7832.88,Alto,,12,2023
3335,227,171,17,2024-01-11,7832.88,Paga,0,Sem Cobrança,2024-01-14,7832.88,Alto,,1,2024
3336,227,171,18,2024-02-10,7832.88,Paga,0,Sem Cobrança,2024-02-10,7832.88,Alto,,2,2024
3337,227,171,19,2024-03-11,7832.88,Paga,0,Sem Cobrança,2024-03-11,7832.88,Alto,,3,2024
3338,227,171,20,2024-04-10,7832.88,Paga,0,Sem Cobrança,2024-04-11,7832.88,Alto,,4,2024
3339,228,172,1,2021-02-09,2922.6,Paga,0,Sem Cobrança,2021-02-12,2922.6,Alto,,2,2021
3340,228,172,2,2021-03-11,2922.6,Paga,0,Sem Cobrança,2021-03-13,2922.6,Alto,,3,2021
3341,228,172,3,2021-04-10,2922.6,Renegociada,6,Email,2021-04-16,2586.68,Médio,Equipe C,4,2021
3342,228,172,4,2021-05-10,2922.6,Paga,0,Sem Cobrança,2021-05-10,2922.6,Alto,,5,2021
3343,228,172,5,2021-06-09,2922.6,Vencida,110,Jurídico,,0.0,Baixo,Terceirizado Norte,6,2021
3344,228,172,6,2021-07-09,2922.6,Paga,0,Sem Cobrança,2021-07-12,2922.6,Alto,,7,2021
3345,228,172,7,2021-08-08,2922.6,Paga,0,Sem Cobrança,2021-08-09,2922.6,Alto,,8,2021
3346,228,172,8,2021-09-07,2922.6,Paga,0,Sem Cobrança,2021-09-09,2922.6,Alto,,9,2021
3347,228,172,9,2021-10-07,2922.6,Paga,0,Sem Cobrança,2021-10-08,2922.6,Alto,,10,2021
3348,228,172,10,2021-11-06,2922.6,Vencida,67,Jurídico,,0.0,Médio,Equipe C,11,2021
3349,228,172,11,2021-12-06,2922.6,Paga,0,Sem Cobrança,2021-12-06,2922.6,Alto,,12,2021
3350,228,172,12,2022-01-05,2922.6,Paga,0,Sem Cobrança,2022-01-06,2922.6,Alto,,1,2022
3351,228,172,13,2022-02-04,2922.6,Paga,0,Sem Cobrança,2022-02-07,2922.6,Alto,,2,2022
3352,228,172,14,2022-03-06,2922.6,Vencida,10,Email,,0.0,Médio,Equipe C,3,2022
3353,228,172,15,2022-04-05,2922.6,Paga,0,Sem Cobrança,2022-04-07,2922.6,Alto,,4,2022
3354,228,172,16,2022-05-05,2922.6,Paga,0,Sem Cobrança,2022-05-07,2922.6,Alto,,5,2022
3355,228,172,17,2022-06-04,2922.6,Paga,0,Sem Cobrança,2022-06-06,2922.6,Alto,,6,2022
3356,228,172,18,2022-07-04,2922.6,Paga,0,Sem Cobrança,2022-07-06,2922.6,Alto,,7,2022
3357,229,173,1,2023-07-30,4724.71,Vencida,9,Email,,0.0,Médio,Terceirizado Sul,7,2023
3358,229,173,2,2023-08-29,4724.71,Paga,0,Sem Cobrança,2023-08-30,4724.71,Alto,,8,2023
3359,229,173,3,2023-09-28,4724.71,Vencida,95,Jurídico,,0.0,Baixo,Equipe C,9,2023
3360,229,173,4,2023-10-28,4724.71,Paga,0,Sem Cobrança,2023-10-30,4724.71,Alto,,10,2023
3361,229,173,5,2023-11-27,4724.71,Paga,0,Sem Cobrança,2023-11-30,4724.71,Alto,,11,2023
3362,229,173,6,2023-12-27,4724.71,Vencida,13,Email,,0.0,Médio,Equipe C,12,2023
3363,229,173,7,2024-01-26,4724.71,Renegociada,47,Cartório,2024-03-13,4417.81,Médio,Equipe B,1,2024
3364,229,173,8,2024-02-25,4724.71,Paga,0,Sem Cobrança,2024-02-26,4724.71,Alto,,2,2024
3365,229,173,9,2024-03-26,4724.71,Paga,0,Sem Cobrança,2024-03-28,4724.71,Alto,,3,2024
3366,229,173,10,2024-04-25,4724.71,Paga,0,Sem Cobrança,2024-04-28,4724.71,Alto,,4,2024
3367,229,173,11,2024-05-25,4724.71,Paga,0,Sem Cobrança,2024-05-27,4724.71,Alto,,5,2024
3368,229,173,12,2024-06-24,4724.71,Paga,0,Sem Cobrança,2024-06-25,4724.71,Alto,,6,2024
3369,229,173,13,2024-07-24,4724.71,Vencida,18,Ligação,,0.0,Médio,Equipe A,7,2024
3370,229,173,14,2024-08-23,4724.71,Paga,0,Sem Cobrança,2024-08-23,4724.71,Alto,,8,2024
3371,229,173,15,2024-09-22,4724.71,Paga,0,Sem Cobrança,2024-09-25,4724.71,Alto,,9,2024
3372,229,173,16,2024-10-22,4724.71,Renegociada,18,Ligação,2024-11-09,4636.25,Médio,Equipe A,10,2024
3373,229,173,17,2024-11-21,4724.71,Paga,0,Sem Cobrança,2024-11-24,4724.71,Alto,,11,2024
3374,229,173,18,2024-12-21,4724.71,Paga,0,Sem Cobrança,2024-12-24,4724.71,Alto,,12,2024
3375,229,173,19,2025-01-20,4724.71,Paga,0,Sem Cobrança,2025-01-23,4724.71,Alto,,1,2025
3376,229,173,20,2025-02-19,4724.71,Paga,0,Sem Cobrança,2025-02-22,4724.71,Alto,,2,2025
3377,229,173,21,2025-03-21,4724.71,Paga,0,Sem Cobrança,2025-03-22,4724.71,Alto,,3,2025
3378,229,173,22,2025-04-20,4724.71,Paga,0,Sem Cobrança,2025-04-21,4724.71,Alto,,4,2025
3379,230,174,1,2024-12-04,2612.42,Paga,0,Sem Cobrança,2024-12-06,2612.42,Alto,,12,2024
3380,230,174,2,2025-01-03,2612.42,Paga,0,Sem Cobrança,2025-01-03,2612.42,Alto,,1,2025
3381,230,174,3,2025-02-02,2612.42,Paga,0,Sem Cobrança,2025-02-02,2612.42,Alto,,2,2025
3382,230,174,4,2025-03-04,2612.42,Paga,0,Sem Cobrança,2025-03-04,2612.42,Alto,,3,2025
3383,230,174,5,2025-04-03,2612.42,Paga,0,Sem Cobrança,2025-04-06,2612.42,Alto,,4,2025
3384,230,174,6,2025-05-03,2612.42,Paga,0,Sem Cobrança,2025-05-03,2612.42,Alto,,5,2025
3385,230,174,7,2025-06-02,2612.42,Paga,0,Sem Cobrança,2025-06-03,2612.42,Alto,,6,2025
3386,230,174,8,2025-07-02,2612.42,Paga,0,Sem Cobrança,2025-07-02,2612.42,Alto,,7,2025
3387,230,174,9,2025-08-01,2612.42,Paga,0,Sem Cobrança,2025-08-01,2612.42,Alto,,8,2025
3388,230,174,10,2025-08-31,2612.42,Paga,0,Sem Cobrança,2025-09-02,2612.42,Alto,,8,2025
3389,230,174,11,2025-09-30,2612.42,Paga,0,Sem Cobrança,2025-10-02,2612.42,Alto,,9,2025
3390,230,174,12,2025-10-30,2612.42,Paga,0,Sem Cobrança,2025-10-30,2612.42,Alto,,10,2025
3391,230,174,13,2025-11-29,2612.42,Paga,0,SMS,2025-12-01,1859.21,Alto,Terceirizado Sul,11,2025
3392,230,174,14,2025-12-29,2612.42,Paga,0,Sem Cobrança,2025-12-29,2612.42,Alto,,12,2025
3393,230,174,15,2026-01-28,2612.42,Paga,0,Sem Cobrança,2026-01-29,2612.42,Alto,,1,2026
3394,230,174,16,2026-02-27,2612.42,Paga,0,Sem Cobrança,2026-03-02,2612.42,Alto,,2,2026
3395,231,174,1,2024-09-20,1587.86,Paga,0,Sem Cobrança,2024-09-22,1587.86,Alto,,9,2024
3396,231,174,2,2024-10-20,1587.86,Paga,0,Sem Cobrança,2024-10-20,1587.86,Alto,,10,2024
3397,231,174,3,2024-11-19,1587.86,Paga,0,Sem Cobrança,2024-11-21,1587.86,Alto,,11,2024
3398,231,174,4,2024-12-19,1587.86,Paga,0,Sem Cobrança,2024-12-22,1587.86,Alto,,12,2024
3399,231,174,5,2025-01-18,1587.86,Paga,0,Sem Cobrança,2025-01-20,1587.86,Alto,,1,2025
3400,231,174,6,2025-02-17,1587.86,Paga,0,Sem Cobrança,2025-02-17,1587.86,Alto,,2,2025
3401,231,174,7,2025-03-19,1587.86,Paga,0,Sem Cobrança,2025-03-20,1587.86,Alto,,3,2025
3402,231,174,8,2025-04-18,1587.86,Paga,0,Sem Cobrança,2025-04-18,1587.86,Alto,,4,2025
3403,231,174,9,2025-05-18,1587.86,Paga,0,Sem Cobrança,2025-05-20,1587.86,Alto,,5,2025
3404,231,174,10,2025-06-17,1587.86,Paga,0,Sem Cobrança,2025-06-20,1587.86,Alto,,6,2025
3405,231,174,11,2025-07-17,1587.86,Paga,0,Sem Cobrança,2025-07-19,1587.86,Alto,,7,2025
3406,231,174,12,2025-08-16,1587.86,Paga,0,Sem Cobrança,2025-08-18,1587.86,Alto,,8,2025
3407,231,174,13,2025-09-15,1587.86,Paga,0,Sem Cobrança,2025-09-18,1587.86,Alto,,9,2025
3408,231,174,14,2025-10-15,1587.86,Paga,0,Sem Cobrança,2025-10-16,1587.86,Alto,,10,2025
3409,231,174,15,2025-11-14,1587.86,Paga,0,Sem Cobrança,2025-11-16,1587.86,Alto,,11,2025
3410,231,174,16,2025-12-14,1587.86,Paga,0,Sem Cobrança,2025-12-15,1587.86,Alto,,12,2025
3411,231,174,17,2026-01-13,1587.86,Paga,0,Sem Cobrança,2026-01-14,1587.86,Alto,,1,2026
3412,231,174,18,2026-02-12,1587.86,Paga,0,Sem Cobrança,2026-02-12,1587.86,Alto,,2,2026
3413,231,174,19,2026-03-14,1587.86,Paga,0,Email,2026-03-27,1162.79,Alto,Terceirizado Norte,3,2026
3414,231,174,20,2026-04-13,1587.86,Paga,0,Sem Cobrança,2026-04-13,1587.86,Alto,,4,2026
3415,231,174,21,2026-05-13,1587.86,Paga,0,Sem Cobrança,2026-05-15,1587.86,Alto,,5,2026
3416,232,174,1,2025-04-11,10540.66,Paga,0,Sem Cobrança,2025-04-14,10540.66,Alto,,4,2025
3417,232,174,2,2025-05-11,10540.66,Paga,0,Sem Cobrança,2025-05-11,10540.66,Alto,,5,2025
3418,232,174,3,2025-06-10,10540.66,Paga,0,Sem Cobrança,2025-06-12,10540.66,Alto,,6,2025
3419,232,174,4,2025-07-10,10540.66,Paga,0,Sem Cobrança,2025-07-11,10540.66,Alto,,7,2025
3420,232,174,5,2025-08-09,10540.66,Paga,0,Sem Cobrança,2025-08-09,10540.66,Alto,,8,2025
3421,232,174,6,2025-09-08,10540.66,Paga,0,Sem Cobrança,2025-09-11,10540.66,Alto,,9,2025
3422,232,174,7,2025-10-08,10540.66,Paga,0,Sem Cobrança,2025-10-08,10540.66,Alto,,10,2025
3423,232,174,8,2025-11-07,10540.66,Pendente,4,SMS,,0.0,Alto,Terceirizado Norte,11,2025
3424,232,174,9,2025-12-07,10540.66,Paga,0,Sem Cobrança,2025-12-10,10540.66,Alto,,12,2025
3425,232,174,10,2026-01-06,10540.66,Paga,0,Sem Cobrança,2026-01-09,10540.66,Alto,,1,2026
3426,232,174,11,2026-02-05,10540.66,Paga,0,Sem Cobrança,2026-02-07,10540.66,Alto,,2,2026
3427,232,174,12,2026-03-07,10540.66,Paga,0,Sem Cobrança,2026-03-09,10540.66,Alto,,3,2026
3428,232,174,13,2026-04-06,10540.66,Paga,0,Sem Cobrança,2026-04-09,10540.66,Alto,,4,2026
3429,232,174,14,2026-05-06,10540.66,Paga,0,Sem Cobrança,2026-05-07,10540.66,Alto,,5,2026
3430,232,174,15,2026-06-05,10540.66,Vencida,6,Email,,0.0,Alto,Terceirizado Norte,6,2026
3431,232,174,16,2026-07-05,10540.66,Paga,0,Sem Cobrança,2026-07-07,10540.66,Alto,,7,2026
3432,233,175,1,2021-11-22,3003.17,Vencida,49,Cartório,,0.0,Médio,Terceirizado Norte,11,2021
3433,233,175,2,2021-12-22,3003.17,Paga,0,Sem Cobrança,2021-12-23,3003.17,Alto,,12,2021
3434,233,175,3,2022-01-21,3003.17,Paga,0,Sem Cobrança,2022-01-24,3003.17,Alto,,1,2022
3435,233,175,4,2022-02-20,3003.17,Vencida,117,Jurídico,,0.0,Baixo,Equipe C,2,2022
3436,233,175,5,2022-03-22,3003.17,Paga,0,Sem Cobrança,2022-03-24,3003.17,Alto,,3,2022
3437,233,175,6,2022-04-21,3003.17,Paga,0,Sem Cobrança,2022-04-21,3003.17,Alto,,4,2022
3438,233,175,7,2022-05-21,3003.17,Paga,0,Sem Cobrança,2022-05-22,3003.17,Alto,,5,2022
3439,233,175,8,2022-06-20,3003.17,Paga,0,Sem Cobrança,2022-06-22,3003.17,Alto,,6,2022
3440,233,175,9,2022-07-20,3003.17,Paga,0,Sem Cobrança,2022-07-22,3003.17,Alto,,7,2022
3441,233,175,10,2022-08-19,3003.17,Paga,0,Sem Cobrança,2022-08-20,3003.17,Alto,,8,2022
3442,234,175,1,2022-01-23,3293.69,Paga,0,Sem Cobrança,2022-01-23,3293.69,Alto,,1,2022
3443,234,175,2,2022-02-22,3293.69,Paga,0,Sem Cobrança,2022-02-24,3293.69,Alto,,2,2022
3444,234,175,3,2022-03-24,3293.69,Paga,0,Sem Cobrança,2022-03-27,3293.69,Alto,,3,2022
3445,234,175,4,2022-04-23,3293.69,Vencida,27,Ligação,,0.0,Médio,Equipe A,4,2022
3446,234,175,5,2022-05-23,3293.69,Paga,0,Sem Cobrança,2022-05-26,3293.69,Alto,,5,2022
3447,234,175,6,2022-06-22,3293.69,Paga,0,Sem Cobrança,2022-06-23,3293.69,Alto,,6,2022
3448,234,175,7,2022-07-22,3293.69,Paga,0,Sem Cobrança,2022-07-23,3293.69,Alto,,7,2022
3449,234,175,8,2022-08-21,3293.69,Paga,0,Sem Cobrança,2022-08-23,3293.69,Alto,,8,2022
3450,234,175,9,2022-09-20,3293.69,Paga,0,Sem Cobrança,2022-09-20,3293.69,Alto,,9,2022
3451,234,175,10,2022-10-20,3293.69,Paga,0,Sem Cobrança,2022-10-22,3293.69,Alto,,10,2022
3452,234,175,11,2022-11-19,3293.69,Paga,0,Sem Cobrança,2022-11-19,3293.69,Alto,,11,2022
3453,234,175,12,2022-12-19,3293.69,Paga,0,Sem Cobrança,2022-12-19,3293.69,Alto,,12,2022
3454,234,175,13,2023-01-18,3293.69,Paga,0,Sem Cobrança,2023-01-21,3293.69,Alto,,1,2023
3455,234,175,14,2023-02-17,3293.69,Paga,0,Sem Cobrança,2023-02-17,3293.69,Alto,,2,2023
3456,234,175,15,2023-03-19,3293.69,Paga,0,Sem Cobrança,2023-03-19,3293.69,Alto,,3,2023
3457,234,175,16,2023-04-18,3293.69,Paga,0,Sem Cobrança,2023-04-20,3293.69,Alto,,4,2023
3458,234,175,17,2023-05-18,3293.69,Paga,0,Sem Cobrança,2023-05-21,3293.69,Alto,,5,2023
3459,234,175,18,2023-06-17,3293.69,Pendente,3,SMS,,0.0,Médio,Equipe C,6,2023
3460,234,175,19,2023-07-17,3293.69,Paga,0,Sem Cobrança,2023-07-17,3293.69,Alto,,7,2023
3461,235,176,1,2021-03-15,3901.71,Paga,0,Sem Cobrança,2021-03-16,3901.71,Alto,,3,2021
3462,235,176,2,2021-04-14,3901.71,Paga,0,Sem Cobrança,2021-04-16,3901.71,Alto,,4,2021
3463,235,176,3,2021-05-14,3901.71,Paga,0,Sem Cobrança,2021-05-15,3901.71,Alto,,5,2021
3464,235,176,4,2021-06-13,3901.71,Paga,0,Sem Cobrança,2021-06-16,3901.71,Alto,,6,2021
3465,235,176,5,2021-07-13,3901.71,Paga,0,Sem Cobrança,2021-07-15,3901.71,Alto,,7,2021
3466,235,176,6,2021-08-12,3901.71,Renegociada,10,Email,2021-08-22,3233.93,Médio,Equipe C,8,2021
3467,235,176,7,2021-09-11,3901.71,Paga,0,Sem Cobrança,2021-09-14,3901.71,Alto,,9,2021
3468,235,176,8,2021-10-11,3901.71,Vencida,51,Cartório,,0.0,Médio,Equipe C,10,2021
3469,235,176,9,2021-11-10,3901.71,Renegociada,30,Cartório,2021-12-10,2920.66,Médio,Terceirizado Norte,11,2021
3470,235,176,10,2021-12-10,3901.71,Renegociada,45,Cartório,2022-01-24,3821.81,Médio,Equipe C,12,2021
3471,235,176,11,2022-01-09,3901.71,Paga,0,Sem Cobrança,2022-01-09,3901.71,Alto,,1,2022
3472,235,176,12,2022-02-08,3901.71,Renegociada,46,Cartório,2022-03-26,3828.09,Médio,Equipe B,2,2022
3473,235,176,13,2022-03-10,3901.71,Vencida,6,Email,,0.0,Médio,Equipe C,3,2022
3474,235,176,14,2022-04-09,3901.71,Paga,0,Sem Cobrança,2022-04-09,3901.71,Alto,,4,2022
3475,235,176,15,2022-05-09,3901.71,Paga,0,Sem Cobrança,2022-05-11,3901.71,Alto,,5,2022
3476,235,176,16,2022-06-08,3901.71,Vencida,6,Email,,0.0,Médio,Terceirizado Norte,6,2022
3477,235,176,17,2022-07-08,3901.71,Paga,0,Sem Cobrança,2022-07-11,3901.71,Alto,,7,2022
3478,235,176,18,2022-08-07,3901.71,Paga,0,Sem Cobrança,2022-08-09,3901.71,Alto,,8,2022
3479,235,176,19,2022-09-06,3901.71,Paga,0,Sem Cobrança,2022-09-08,3901.71,Alto,,9,2022
3480,235,176,20,2022-10-06,3901.71,Paga,0,Sem Cobrança,2022-10-08,3901.71,Alto,,10,2022
3481,235,176,21,2022-11-05,3901.71,Vencida,5,Email,,0.0,Médio,Equipe C,11,2022
3482,236,177,1,2019-10-16,4100.67,Paga,0,Sem Cobrança,2019-10-16,4100.67,Alto,,10,2019
3483,236,177,2,2019-11-15,4100.67,Paga,0,Sem Cobrança,2019-11-16,4100.67,Alto,,11,2019
3484,236,177,3,2019-12-15,4100.67,Paga,0,Sem Cobrança,2019-12-16,4100.67,Alto,,12,2019
3485,236,177,4,2020-01-14,4100.67,Paga,0,Sem Cobrança,2020-01-15,4100.67,Alto,,1,2020
3486,236,177,5,2020-02-13,4100.67,Paga,0,Sem Cobrança,2020-02-15,4100.67,Alto,,2,2020
3487,236,177,6,2020-03-14,4100.67,Pendente,3,SMS,,0.0,Médio,Terceirizado Norte,3,2020
3488,237,178,1,2022-12-07,3626.96,Paga,0,Sem Cobrança,2022-12-10,3626.96,Alto,,12,2022
3489,237,178,2,2023-01-06,3626.96,Paga,0,Sem Cobrança,2023-01-07,3626.96,Alto,,1,2023
3490,237,178,3,2023-02-05,3626.96,Paga,0,Sem Cobrança,2023-02-08,3626.96,Alto,,2,2023
3491,237,178,4,2023-03-07,3626.96,Paga,0,Sem Cobrança,2023-03-07,3626.96,Alto,,3,2023
3492,237,178,5,2023-04-06,3626.96,Paga,0,Sem Cobrança,2023-04-07,3626.96,Alto,,4,2023
3493,237,178,6,2023-05-06,3626.96,Paga,0,Sem Cobrança,2023-05-09,3626.96,Alto,,5,2023
3494,237,178,7,2023-06-05,3626.96,Paga,0,Sem Cobrança,2023-06-08,3626.96,Alto,,6,2023
3495,237,178,8,2023-07-05,3626.96,Paga,0,Sem Cobrança,2023-07-07,3626.96,Alto,,7,2023
3496,237,178,9,2023-08-04,3626.96,Paga,0,Sem Cobrança,2023-08-04,3626.96,Alto,,8,2023
3497,238,178,1,2023-05-26,3462.66,Paga,0,Sem Cobrança,2023-05-26,3462.66,Alto,,5,2023
3498,238,178,2,2023-06-25,3462.66,Paga,0,Sem Cobrança,2023-06-25,3462.66,Alto,,6,2023
3499,238,178,3,2023-07-25,3462.66,Paga,0,Sem Cobrança,2023-07-27,3462.66,Alto,,7,2023
3500,238,178,4,2023-08-24,3462.66,Paga,0,Sem Cobrança,2023-08-27,3462.66,Alto,,8,2023
3501,238,178,5,2023-09-23,3462.66,Paga,0,Sem Cobrança,2023-09-23,3462.66,Alto,,9,2023
3502,238,178,6,2023-10-23,3462.66,Paga,0,Sem Cobrança,2023-10-26,3462.66,Alto,,10,2023
3503,238,178,7,2023-11-22,3462.66,Paga,0,Sem Cobrança,2023-11-22,3462.66,Alto,,11,2023
3504,239,179,1,2020-01-31,4213.89,Paga,0,Sem Cobrança,2020-01-31,4213.89,Alto,,1,2020
3505,239,179,2,2020-03-01,4213.89,Paga,0,Sem Cobrança,2020-03-04,4213.89,Alto,,3,2020
3506,239,179,3,2020-03-31,4213.89,Paga,0,Sem Cobrança,2020-04-02,4213.89,Alto,,3,2020
3507,239,179,4,2020-04-30,4213.89,Vencida,5,Email,,0.0,Médio,Equipe C,4,2020
3508,239,179,5,2020-05-30,4213.89,Vencida,15,Ligação,,0.0,Médio,Equipe A,5,2020
3509,239,179,6,2020-06-29,4213.89,Paga,0,Sem Cobrança,2020-06-29,4213.89,Alto,,6,2020
3510,239,179,7,2020-07-29,4213.89,Paga,0,Sem Cobrança,2020-07-30,4213.89,Alto,,7,2020
3511,239,179,8,2020-08-28,4213.89,Paga,0,Sem Cobrança,2020-08-31,4213.89,Alto,,8,2020
3512,239,179,9,2020-09-27,4213.89,Paga,0,Sem Cobrança,2020-09-29,4213.89,Alto,,9,2020
3513,239,179,10,2020-10-27,4213.89,Paga,0,Sem Cobrança,2020-10-30,4213.89,Alto,,10,2020
3514,239,179,11,2020-11-26,4213.89,Paga,0,Sem Cobrança,2020-11-28,4213.89,Alto,,11,2020
3515,239,179,12,2020-12-26,4213.89,Renegociada,29,Ligação,2021-01-24,2978.46,Médio,Equipe C,12,2020
3516,239,179,13,2021-01-25,4213.89,Paga,0,Sem Cobrança,2021-01-25,4213.89,Alto,,1,2021
3517,239,179,14,2021-02-24,4213.89,Paga,0,Sem Cobrança,2021-02-24,4213.89,Alto,,2,2021
3518,239,179,15,2021-03-26,4213.89,Paga,0,Sem Cobrança,2021-03-26,4213.89,Alto,,3,2021
3519,239,179,16,2021-04-25,4213.89,Paga,0,Sem Cobrança,2021-04-27,4213.89,Alto,,4,2021
3520,239,179,17,2021-05-25,4213.89,Paga,0,Sem Cobrança,2021-05-25,4213.89,Alto,,5,2021
3521,239,179,18,2021-06-24,4213.89,Vencida,38,Cartório,,0.0,Médio,Equipe B,6,2021
3522,239,179,19,2021-07-24,4213.89,Vencida,29,Ligação,,0.0,Médio,Terceirizado Sul,7,2021
3523,239,179,20,2021-08-23,4213.89,Paga,0,Sem Cobrança,2021-08-23,4213.89,Alto,,8,2021
3524,239,179,21,2021-09-22,4213.89,Paga,0,Sem Cobrança,2021-09-24,4213.89,Alto,,9,2021
3525,239,179,22,2021-10-22,4213.89,Paga,0,Sem Cobrança,2021-10-24,4213.89,Alto,,10,2021
3526,241,180,1,2020-05-21,2204.17,Paga,0,Sem Cobrança,2020-05-21,2204.17,Alto,,5,2020
3527,241,180,2,2020-06-20,2204.17,Paga,0,Sem Cobrança,2020-06-23,2204.17,Alto,,6,2020
3528,241,180,3,2020-07-20,2204.17,Vencida,27,Ligação,,0.0,Médio,Equipe B,7,2020
3529,241,180,4,2020-08-19,2204.17,Pendente,1,SMS,,0.0,Médio,Equipe A,8,2020
3530,241,180,5,2020-09-18,2204.17,Paga,0,Sem Cobrança,2020-09-18,2204.17,Alto,,9,2020
3531,241,180,6,2020-10-18,2204.17,Paga,0,Sem Cobrança,2020-10-20,2204.17,Alto,,10,2020
3532,241,180,7,2020-11-17,2204.17,Paga,0,Sem Cobrança,2020-11-17,2204.17,Alto,,11,2020
3533,241,180,8,2020-12-17,2204.17,Vencida,13,Email,,0.0,Médio,Equipe B,12,2020
3534,241,180,9,2021-01-16,2204.17,Vencida,44,Cartório,,0.0,Médio,Terceirizado Sul,1,2021
3535,242,181,1,2024-05-17,2359.33,Paga,0,Sem Cobrança,2024-05-17,2359.33,Alto,,5,2024
3536,242,181,2,2024-06-16,2359.33,Paga,0,Sem Cobrança,2024-06-17,2359.33,Alto,,6,2024
3537,242,181,3,2024-07-16,2359.33,Pendente,1,SMS,,0.0,Médio,Terceirizado Sul,7,2024
3538,242,181,4,2024-08-15,2359.33,Vencida,22,Ligação,,0.0,Médio,Equipe C,8,2024
3539,242,181,5,2024-09-14,2359.33,Paga,0,Sem Cobrança,2024-09-15,2359.33,Alto,,9,2024
3540,242,181,6,2024-10-14,2359.33,Paga,0,Sem Cobrança,2024-10-15,2359.33,Alto,,10,2024
3541,242,181,7,2024-11-13,2359.33,Vencida,38,Cartório,,0.0,Médio,Equipe B,11,2024
3542,242,181,8,2024-12-13,2359.33,Paga,0,Sem Cobrança,2024-12-15,2359.33,Alto,,12,2024
3543,242,181,9,2025-01-12,2359.33,Paga,0,Sem Cobrança,2025-01-15,2359.33,Alto,,1,2025
3544,243,182,1,2021-07-13,1467.54,Paga,0,Sem Cobrança,2021-07-15,1467.54,Alto,,7,2021
3545,243,182,2,2021-08-12,1467.54,Paga,0,Sem Cobrança,2021-08-12,1467.54,Alto,,8,2021
3546,243,182,3,2021-09-11,1467.54,Paga,0,Sem Cobrança,2021-09-13,1467.54,Alto,,9,2021
3547,243,182,4,2021-10-11,1467.54,Paga,0,Sem Cobrança,2021-10-14,1467.54,Alto,,10,2021
3548,243,182,5,2021-11-10,1467.54,Vencida,54,Cartório,,0.0,Médio,Equipe C,11,2021
3549,243,182,6,2021-12-10,1467.54,Paga,0,Sem Cobrança,2021-12-11,1467.54,Alto,,12,2021
3550,243,182,7,2022-01-09,1467.54,Paga,0,Sem Cobrança,2022-01-09,1467.54,Alto,,1,2022
3551,243,182,8,2022-02-08,1467.54,Paga,0,Sem Cobrança,2022-02-09,1467.54,Alto,,2,2022
3552,243,182,9,2022-03-10,1467.54,Paga,0,Sem Cobrança,2022-03-10,1467.54,Alto,,3,2022
3553,243,182,10,2022-04-09,1467.54,Paga,0,Sem Cobrança,2022-04-10,1467.54,Alto,,4,2022
3554,243,182,11,2022-05-09,1467.54,Paga,0,Sem Cobrança,2022-05-09,1467.54,Alto,,5,2022
3555,243,182,12,2022-06-08,1467.54,Paga,0,Sem Cobrança,2022-06-09,1467.54,Alto,,6,2022
3556,243,182,13,2022-07-08,1467.54,Paga,0,Sem Cobrança,2022-07-10,1467.54,Alto,,7,2022
3557,243,182,14,2022-08-07,1467.54,Paga,0,Sem Cobrança,2022-08-07,1467.54,Alto,,8,2022
3558,243,182,15,2022-09-06,1467.54,Paga,0,Sem Cobrança,2022-09-06,1467.54,Alto,,9,2022
3559,243,182,16,2022-10-06,1467.54,Paga,0,Sem Cobrança,2022-10-06,1467.54,Alto,,10,2022
3560,243,182,17,2022-11-05,1467.54,Paga,0,Sem Cobrança,2022-11-07,1467.54,Alto,,11,2022
3561,243,182,18,2022-12-05,1467.54,Paga,0,Sem Cobrança,2022-12-06,1467.54,Alto,,12,2022
3562,243,182,19,2023-01-04,1467.54,Paga,0,Sem Cobrança,2023-01-04,1467.54,Alto,,1,2023
3563,243,182,20,2023-02-03,1467.54,Paga,0,Sem Cobrança,2023-02-05,1467.54,Alto,,2,2023
3564,243,182,21,2023-03-05,1467.54,Paga,0,Sem Cobrança,2023-03-08,1467.54,Alto,,3,2023
3565,243,182,22,2023-04-04,1467.54,Paga,0,Sem Cobrança,2023-04-06,1467.54,Alto,,4,2023
3566,243,182,23,2023-05-04,1467.54,Paga,0,Sem Cobrança,2023-05-05,1467.54,Alto,,5,2023
3567,243,182,24,2023-06-03,1467.54,Paga,0,Sem Cobrança,2023-06-04,1467.54,Alto,,6,2023
3568,244,183,1,2025-03-02,2846.7,Paga,0,Sem Cobrança,2025-03-03,2846.7,Alto,,3,2025
3569,244,183,2,2025-04-01,2846.7,Paga,0,Sem Cobrança,2025-04-02,2846.7,Alto,,4,2025
3570,244,183,3,2025-05-01,2846.7,Paga,0,Sem Cobrança,2025-05-03,2846.7,Alto,,5,2025
3571,244,183,4,2025-05-31,2846.7,Paga,0,Sem Cobrança,2025-06-02,2846.7,Alto,,5,2025
3572,244,183,5,2025-06-30,2846.7,Renegociada,19,Ligação,2025-07-19,2751.85,Médio,Equipe A,6,2025
3573,244,183,6,2025-07-30,2846.7,Paga,0,Sem Cobrança,2025-08-01,2846.7,Alto,,7,2025
3574,244,183,7,2025-08-29,2846.7,Paga,0,Sem Cobrança,2025-08-29,2846.7,Alto,,8,2025
3575,244,183,8,2025-09-28,2846.7,Paga,0,Sem Cobrança,2025-09-29,2846.7,Alto,,9,2025
3576,244,183,9,2025-10-28,2846.7,Paga,0,Sem Cobrança,2025-10-29,2846.7,Alto,,10,2025
3577,244,183,10,2025-11-27,2846.7,Paga,0,Sem Cobrança,2025-11-27,2846.7,Alto,,11,2025
3578,244,183,11,2025-12-27,2846.7,Paga,0,Sem Cobrança,2025-12-27,2846.7,Alto,,12,2025
3579,244,183,12,2026-01-26,2846.7,Paga,0,Sem Cobrança,2026-01-28,2846.7,Alto,,1,2026
3580,245,184,1,2022-08-21,6542.08,Paga,0,Sem Cobrança,2022-08-24,6542.08,Alto,,8,2022
3581,245,184,2,2022-09-20,6542.08,Paga,0,Sem Cobrança,2022-09-22,6542.08,Alto,,9,2022
3582,245,184,3,2022-10-20,6542.08,Paga,0,Sem Cobrança,2022-10-23,6542.08,Alto,,10,2022
3583,245,184,4,2022-11-19,6542.08,Paga,0,Sem Cobrança,2022-11-22,6542.08,Alto,,11,2022
3584,245,184,5,2022-12-19,6542.08,Paga,0,Sem Cobrança,2022-12-20,6542.08,Alto,,12,2022
3585,245,184,6,2023-01-18,6542.08,Vencida,36,Cartório,,0.0,Médio,Equipe B,1,2023
3586,245,184,7,2023-02-17,6542.08,Paga,0,Sem Cobrança,2023-02-18,6542.08,Alto,,2,2023
3587,245,184,8,2023-03-19,6542.08,Vencida,8,Email,,0.0,Médio,Equipe A,3,2023
3588,245,184,9,2023-04-18,6542.08,Paga,0,Sem Cobrança,2023-04-20,6542.08,Alto,,4,2023
3589,245,184,10,2023-05-18,6542.08,Paga,0,Sem Cobrança,2023-05-18,6542.08,Alto,,5,2023
3590,245,184,11,2023-06-17,6542.08,Renegociada,1,SMS,2023-06-18,6343.41,Médio,Equipe C,6,2023
3591,245,184,12,2023-07-17,6542.08,Paga,0,Sem Cobrança,2023-07-18,6542.08,Alto,,7,2023
3592,245,184,13,2023-08-16,6542.08,Paga,0,Sem Cobrança,2023-08-16,6542.08,Alto,,8,2023
3593,245,184,14,2023-09-15,6542.08,Vencida,98,Jurídico,,0.0,Baixo,Terceirizado Sul,9,2023
3594,245,184,15,2023-10-15,6542.08,Paga,0,Sem Cobrança,2023-10-17,6542.08,Alto,,10,2023
3595,246,185,1,2024-12-07,994.23,Paga,0,Sem Cobrança,2024-12-08,994.23,Alto,,12,2024
3596,246,185,2,2025-01-06,994.23,Paga,0,Sem Cobrança,2025-01-08,994.23,Alto,,1,2025
3597,246,185,3,2025-02-05,994.23,Paga,0,Sem Cobrança,2025-02-08,994.23,Alto,,2,2025
3598,246,185,4,2025-03-07,994.23,Paga,0,Sem Cobrança,2025-03-09,994.23,Alto,,3,2025
3599,246,185,5,2025-04-06,994.23,Paga,0,Sem Cobrança,2025-04-09,994.23,Alto,,4,2025
3600,246,185,6,2025-05-06,994.23,Paga,0,Sem Cobrança,2025-05-08,994.23,Alto,,5,2025
3601,247,185,1,2025-04-21,2330.48,Vencida,11,Email,,0.0,Médio,Equipe C,4,2025
3602,247,185,2,2025-05-21,2330.48,Vencida,27,Ligação,,0.0,Médio,Equipe B,5,2025
3603,247,185,3,2025-06-20,2330.48,Paga,0,Sem Cobrança,2025-06-23,2330.48,Alto,,6,2025
3604,247,185,4,2025-07-20,2330.48,Renegociada,1,SMS,2025-07-21,1684.66,Médio,Terceirizado Sul,7,2025
3605,247,185,5,2025-08-19,2330.48,Paga,0,Sem Cobrança,2025-08-20,2330.48,Alto,,8,2025
3606,247,185,6,2025-09-18,2330.48,Paga,0,Sem Cobrança,2025-09-18,2330.48,Alto,,9,2025
3607,247,185,7,2025-10-18,2330.48,Vencida,22,Ligação,,0.0,Médio,Equipe A,10,2025
3608,247,185,8,2025-11-17,2330.48,Pendente,1,SMS,,0.0,Médio,Equipe B,11,2025
3609,247,185,9,2025-12-17,2330.48,Vencida,38,Cartório,,0.0,Médio,Equipe A,12,2025
3610,248,186,1,2024-03-27,1827.61,Renegociada,13,Email,2024-04-09,1433.07,Médio,Terceirizado Sul,3,2024
3611,248,186,2,2024-04-26,1827.61,Paga,0,Sem Cobrança,2024-04-27,1827.61,Alto,,4,2024
3612,248,186,3,2024-05-26,1827.61,Paga,0,Sem Cobrança,2024-05-27,1827.61,Alto,,5,2024
3613,248,186,4,2024-06-25,1827.61,Paga,0,Sem Cobrança,2024-06-25,1827.61,Alto,,6,2024
3614,248,186,5,2024-07-25,1827.61,Paga,0,Sem Cobrança,2024-07-26,1827.61,Alto,,7,2024
3615,248,186,6,2024-08-24,1827.61,Vencida,9,Email,,0.0,Médio,Equipe A,8,2024
3616,248,186,7,2024-09-23,1827.61,Paga,0,Sem Cobrança,2024-09-26,1827.61,Alto,,9,2024
3617,248,186,8,2024-10-23,1827.61,Paga,0,Sem Cobrança,2024-10-24,1827.61,Alto,,10,2024
3618,248,186,9,2024-11-22,1827.61,Paga,0,Sem Cobrança,2024-11-24,1827.61,Alto,,11,2024
3619,248,186,10,2024-12-22,1827.61,Paga,0,Sem Cobrança,2024-12-23,1827.61,Alto,,12,2024
3620,248,186,11,2025-01-21,1827.61,Paga,0,Sem Cobrança,2025-01-23,1827.61,Alto,,1,2025
3621,248,186,12,2025-02-20,1827.61,Vencida,9,Email,,0.0,Médio,Terceirizado Norte,2,2025
3622,248,186,13,2025-03-22,1827.61,Paga,0,Sem Cobrança,2025-03-23,1827.61,Alto,,3,2025
3623,248,186,14,2025-04-21,1827.61,Vencida,58,Cartório,,0.0,Médio,Equipe A,4,2025
3624,249,187,1,2021-11-08,1163.85,Paga,0,Sem Cobrança,2021-11-09,1163.85,Alto,,11,2021
3625,249,187,2,2021-12-08,1163.85,Paga,0,Sem Cobrança,2021-12-08,1163.85,Alto,,12,2021
3626,249,187,3,2022-01-07,1163.85,Paga,0,Sem Cobrança,2022-01-08,1163.85,Alto,,1,2022
3627,249,187,4,2022-02-06,1163.85,Paga,0,Sem Cobrança,2022-02-07,1163.85,Alto,,2,2022
3628,249,187,5,2022-03-08,1163.85,Paga,0,Sem Cobrança,2022-03-11,1163.85,Alto,,3,2022
3629,249,187,6,2022-04-07,1163.85,Vencida,19,Ligação,,0.0,Alto,Equipe A,4,2022
3630,249,187,7,2022-05-07,1163.85,Paga,0,Sem Cobrança,2022-05-08,1163.85,Alto,,5,2022
3631,249,187,8,2022-06-06,1163.85,Paga,0,Sem Cobrança,2022-06-08,1163.85,Alto,,6,2022
3632,249,187,9,2022-07-06,1163.85,Paga,0,Sem Cobrança,2022-07-09,1163.85,Alto,,7,2022
3633,249,187,10,2022-08-05,1163.85,Paga,0,Sem Cobrança,2022-08-05,1163.85,Alto,,8,2022
3634,249,187,11,2022-09-04,1163.85,Paga,0,Sem Cobrança,2022-09-05,1163.85,Alto,,9,2022
3635,249,187,12,2022-10-04,1163.85,Paga,0,Sem Cobrança,2022-10-04,1163.85,Alto,,10,2022
3636,249,187,13,2022-11-03,1163.85,Paga,0,Sem Cobrança,2022-11-03,1163.85,Alto,,11,2022
3637,249,187,14,2022-12-03,1163.85,Paga,0,Sem Cobrança,2022-12-06,1163.85,Alto,,12,2022
3638,250,188,1,2026-01-07,4748.84,Paga,0,Sem Cobrança,2026-01-08,4748.84,Alto,,1,2026
3639,250,188,2,2026-02-06,4748.84,Paga,0,Sem Cobrança,2026-02-07,4748.84,Alto,,2,2026
3640,250,188,3,2026-03-08,4748.84,Paga,0,Sem Cobrança,2026-03-11,4748.84,Alto,,3,2026
3641,250,188,4,2026-04-07,4748.84,Paga,0,Sem Cobrança,2026-04-08,4748.84,Alto,,4,2026
3642,250,188,5,2026-05-07,4748.84,Paga,0,Sem Cobrança,2026-05-09,4748.84,Alto,,5,2026
3643,250,188,6,2026-06-06,4748.84,Paga,0,Sem Cobrança,2026-06-07,4748.84,Alto,,6,2026
3644,250,188,7,2026-07-06,4748.84,Paga,0,Sem Cobrança,2026-07-07,4748.84,Alto,,7,2026
3645,250,188,8,2026-08-05,4748.84,Paga,0,Sem Cobrança,2026-08-08,4748.84,Alto,,8,2026
3646,251,189,1,2023-09-26,4390.59,Paga,0,Sem Cobrança,2023-09-29,4390.59,Alto,,9,2023
3647,251,189,2,2023-10-26,4390.59,Paga,0,Sem Cobrança,2023-10-28,4390.59,Alto,,10,2023
3648,251,189,3,2023-11-25,4390.59,Paga,0,Sem Cobrança,2023-11-25,4390.59,Alto,,11,2023
3649,251,189,4,2023-12-25,4390.59,Paga,0,Sem Cobrança,2023-12-27,4390.59,Alto,,12,2023
3650,251,189,5,2024-01-24,4390.59,Paga,0,Sem Cobrança,2024-01-27,4390.59,Alto,,1,2024
3651,251,189,6,2024-02-23,4390.59,Paga,0,Sem Cobrança,2024-02-23,4390.59,Alto,,2,2024
3652,251,189,7,2024-03-24,4390.59,Paga,0,Sem Cobrança,2024-03-25,4390.59,Alto,,3,2024
3653,251,189,8,2024-04-23,4390.59,Paga,0,Sem Cobrança,2024-04-24,4390.59,Alto,,4,2024
3654,251,189,9,2024-05-23,4390.59,Paga,0,Sem Cobrança,2024-05-23,4390.59,Alto,,5,2024
3655,251,189,10,2024-06-22,4390.59,Paga,0,Sem Cobrança,2024-06-25,4390.59,Alto,,6,2024
3656,251,189,11,2024-07-22,4390.59,Paga,0,Sem Cobrança,2024-07-23,4390.59,Alto,,7,2024
3657,252,189,1,2023-12-23,2503.79,Paga,0,Sem Cobrança,2023-12-24,2503.79,Alto,,12,2023
3658,252,189,2,2024-01-22,2503.79,Paga,0,Sem Cobrança,2024-01-23,2503.79,Alto,,1,2024
3659,252,189,3,2024-02-21,2503.79,Paga,0,Sem Cobrança,2024-02-21,2503.79,Alto,,2,2024
3660,252,189,4,2024-03-22,2503.79,Paga,0,Sem Cobrança,2024-03-22,2503.79,Alto,,3,2024
3661,252,189,5,2024-04-21,2503.79,Paga,0,Sem Cobrança,2024-04-21,2503.79,Alto,,4,2024
3662,252,189,6,2024-05-21,2503.79,Paga,0,Sem Cobrança,2024-05-23,2503.79,Alto,,5,2024
3663,252,189,7,2024-06-20,2503.79,Paga,0,Sem Cobrança,2024-06-21,2503.79,Alto,,6,2024
3664,253,190,1,2022-06-29,3605.55,Renegociada,4,SMS,2022-07-03,3392.32,Médio,Equipe B,6,2022
3665,253,190,2,2022-07-29,3605.55,Paga,0,Sem Cobrança,2022-07-29,3605.55,Alto,,7,2022
3666,253,190,3,2022-08-28,3605.55,Paga,0,Sem Cobrança,2022-08-31,3605.55,Alto,,8,2022
3667,253,190,4,2022-09-27,3605.55,Vencida,8,Email,,0.0,Médio,Equipe C,9,2022
3668,253,190,5,2022-10-27,3605.55,Paga,0,Sem Cobrança,2022-10-29,3605.55,Alto,,10,2022
3669,253,190,6,2022-11-26,3605.55,Paga,0,Sem Cobrança,2022-11-28,3605.55,Alto,,11,2022
3670,253,190,7,2022-12-26,3605.55,Vencida,6,Email,,0.0,Médio,Equipe A,12,2022
3671,254,191,1,2023-02-23,2161.48,Paga,0,Sem Cobrança,2023-02-24,2161.48,Alto,,2,2023
3672,254,191,2,2023-03-25,2161.48,Paga,0,Sem Cobrança,2023-03-25,2161.48,Alto,,3,2023
3673,254,191,3,2023-04-24,2161.48,Paga,0,Sem Cobrança,2023-04-25,2161.48,Alto,,4,2023
3674,254,191,4,2023-05-24,2161.48,Paga,0,Sem Cobrança,2023-05-24,2161.48,Alto,,5,2023
3675,254,191,5,2023-06-23,2161.48,Paga,0,Sem Cobrança,2023-06-25,2161.48,Alto,,6,2023
3676,254,191,6,2023-07-23,2161.48,Vencida,11,Email,,0.0,Médio,Equipe A,7,2023
3677,255,192,1,2025-05-05,9378.41,Paga,0,Sem Cobrança,2025-05-07,9378.41,Alto,,5,2025
3678,255,192,2,2025-06-04,9378.41,Paga,0,Sem Cobrança,2025-06-04,9378.41,Alto,,6,2025
3679,255,192,3,2025-07-04,9378.41,Paga,0,Sem Cobrança,2025-07-06,9378.41,Alto,,7,2025
3680,255,192,4,2025-08-03,9378.41,Paga,0,Sem Cobrança,2025-08-05,9378.41,Alto,,8,2025
3681,255,192,5,2025-09-02,9378.41,Renegociada,15,Ligação,2025-09-17,8444.72,Médio,Terceirizado Sul,9,2025
3682,255,192,6,2025-10-02,9378.41,Paga,0,Sem Cobrança,2025-10-05,9378.41,Alto,,10,2025
3683,255,192,7,2025-11-01,9378.41,Paga,0,Sem Cobrança,2025-11-01,9378.41,Alto,,11,2025
3684,255,192,8,2025-12-01,9378.41,Renegociada,4,SMS,2025-12-05,8313.93,Médio,Equipe A,12,2025
3685,255,192,9,2025-12-31,9378.41,Paga,0,Sem Cobrança,2026-01-03,9378.41,Alto,,12,2025
3686,255,192,10,2026-01-30,9378.41,Renegociada,20,Ligação,2026-02-19,8250.78,Médio,Equipe A,1,2026
3687,256,193,1,2023-02-24,3033.98,Paga,0,Sem Cobrança,2023-02-27,3033.98,Alto,,2,2023
3688,256,193,2,2023-03-26,3033.98,Paga,0,Sem Cobrança,2023-03-28,3033.98,Alto,,3,2023
3689,256,193,3,2023-04-25,3033.98,Paga,0,Sem Cobrança,2023-04-27,3033.98,Alto,,4,2023
3690,256,193,4,2023-05-25,3033.98,Paga,0,Sem Cobrança,2023-05-28,3033.98,Alto,,5,2023
3691,256,193,5,2023-06-24,3033.98,Paga,0,Sem Cobrança,2023-06-24,3033.98,Alto,,6,2023
3692,256,193,6,2023-07-24,3033.98,Paga,0,Sem Cobrança,2023-07-25,3033.98,Alto,,7,2023
3693,256,193,7,2023-08-23,3033.98,Paga,0,Sem Cobrança,2023-08-24,3033.98,Alto,,8,2023
3694,256,193,8,2023-09-22,3033.98,Paga,0,Sem Cobrança,2023-09-24,3033.98,Alto,,9,2023
3695,256,193,9,2023-10-22,3033.98,Paga,0,Sem Cobrança,2023-10-24,3033.98,Alto,,10,2023
3696,256,193,10,2023-11-21,3033.98,Paga,0,Sem Cobrança,2023-11-22,3033.98,Alto,,11,2023
3697,256,193,11,2023-12-21,3033.98,Paga,0,Sem Cobrança,2023-12-24,3033.98,Alto,,12,2023
3698,256,193,12,2024-01-20,3033.98,Paga,0,Sem Cobrança,2024-01-20,3033.98,Alto,,1,2024
3699,256,193,13,2024-02-19,3033.98,Paga,0,Sem Cobrança,2024-02-19,3033.98,Alto,,2,2024
3700,256,193,14,2024-03-20,3033.98,Paga,0,Sem Cobrança,2024-03-21,3033.98,Alto,,3,2024
3701,257,193,1,2023-09-06,3081.09,Paga,0,Sem Cobrança,2023-09-09,3081.09,Alto,,9,2023
3702,257,193,2,2023-10-06,3081.09,Paga,0,Sem Cobrança,2023-10-06,3081.09,Alto,,10,2023
3703,257,193,3,2023-11-05,3081.09,Paga,0,Sem Cobrança,2023-11-06,3081.09,Alto,,11,2023
3704,257,193,4,2023-12-05,3081.09,Vencida,70,Jurídico,,0.0,Médio,Equipe A,12,2023
3705,257,193,5,2024-01-04,3081.09,Paga,0,Sem Cobrança,2024-01-06,3081.09,Alto,,1,2024
3706,257,193,6,2024-02-03,3081.09,Paga,0,Sem Cobrança,2024-02-03,3081.09,Alto,,2,2024
3707,257,193,7,2024-03-04,3081.09,Paga,0,Sem Cobrança,2024-03-04,3081.09,Alto,,3,2024
3708,257,193,8,2024-04-03,3081.09,Vencida,7,Email,,0.0,Alto,Equipe B,4,2024
3709,257,193,9,2024-05-03,3081.09,Paga,0,Sem Cobrança,2024-05-06,3081.09,Alto,,5,2024
3710,257,193,10,2024-06-02,3081.09,Paga,0,Sem Cobrança,2024-06-03,3081.09,Alto,,6,2024
3711,257,193,11,2024-07-02,3081.09,Paga,0,Sem Cobrança,2024-07-05,3081.09,Alto,,7,2024
3712,257,193,12,2024-08-01,3081.09,Paga,0,Sem Cobrança,2024-08-02,3081.09,Alto,,8,2024
3713,257,193,13,2024-08-31,3081.09,Paga,0,Sem Cobrança,2024-08-31,3081.09,Alto,,8,2024
3714,257,193,14,2024-09-30,3081.09,Paga,0,Sem Cobrança,2024-10-01,3081.09,Alto,,9,2024
3715,257,193,15,2024-10-30,3081.09,Vencida,68,Jurídico,,0.0,Médio,Terceirizado Sul,10,2024
3716,257,193,16,2024-11-29,3081.09,Paga,0,Sem Cobrança,2024-11-30,3081.09,Alto,,11,2024
3717,257,193,17,2024-12-29,3081.09,Paga,0,Sem Cobrança,2024-12-31,3081.09,Alto,,12,2024
3718,257,193,18,2025-01-28,3081.09,Paga,0,Sem Cobrança,2025-01-29,3081.09,Alto,,1,2025
3719,257,193,19,2025-02-27,3081.09,Pendente,3,SMS,,0.0,Alto,Equipe B,2,2025
3720,258,194,1,2025-05-13,1224.38,Paga,0,Sem Cobrança,2025-05-16,1224.38,Alto,,5,2025
3721,258,194,2,2025-06-12,1224.38,Paga,0,Sem Cobrança,2025-06-14,1224.38,Alto,,6,2025
3722,258,194,3,2025-07-12,1224.38,Paga,0,Sem Cobrança,2025-07-14,1224.38,Alto,,7,2025
3723,258,194,4,2025-08-11,1224.38,Paga,0,Sem Cobrança,2025-08-11,1224.38,Alto,,8,2025
3724,258,194,5,2025-09-10,1224.38,Paga,0,Sem Cobrança,2025-09-12,1224.38,Alto,,9,2025
3725,258,194,6,2025-10-10,1224.38,Paga,0,Sem Cobrança,2025-10-13,1224.38,Alto,,10,2025
3726,258,194,7,2025-11-09,1224.38,Paga,0,Sem Cobrança,2025-11-11,1224.38,Alto,,11,2025
3727,258,194,8,2025-12-09,1224.38,Paga,0,Sem Cobrança,2025-12-09,1224.38,Alto,,12,2025
3728,258,194,9,2026-01-08,1224.38,Paga,0,Sem Cobrança,2026-01-09,1224.38,Alto,,1,2026
3729,258,194,10,2026-02-07,1224.38,Paga,0,Sem Cobrança,2026-02-09,1224.38,Alto,,2,2026
3730,258,194,11,2026-03-09,1224.38,Paga,0,Sem Cobrança,2026-03-10,1224.38,Alto,,3,2026
3731,258,194,12,2026-04-08,1224.38,Paga,0,Sem Cobrança,2026-04-08,1224.38,Alto,,4,2026
3732,258,194,13,2026-05-08,1224.38,Paga,0,Sem Cobrança,2026-05-11,1224.38,Alto,,5,2026
3733,258,194,14,2026-06-07,1224.38,Paga,0,Sem Cobrança,2026-06-10,1224.38,Alto,,6,2026
3734,258,194,15,2026-07-07,1224.38,Paga,0,Sem Cobrança,2026-07-09,1224.38,Alto,,7,2026
3735,258,194,16,2026-08-06,1224.38,Paga,0,Sem Cobrança,2026-08-06,1224.38,Alto,,8,2026
3736,259,195,1,2023-02-09,3337.1,Paga,0,Sem Cobrança,2023-02-11,3337.1,Alto,,2,2023
3737,259,195,2,2023-03-11,3337.1,Paga,0,Sem Cobrança,2023-03-12,3337.1,Alto,,3,2023
3738,259,195,3,2023-04-10,3337.1,Paga,0,Sem Cobrança,2023-04-12,3337.1,Alto,,4,2023
3739,259,195,4,2023-05-10,3337.1,Paga,0,Sem Cobrança,2023-05-11,3337.1,Alto,,5,2023
3740,259,195,5,2023-06-09,3337.1,Paga,0,Sem Cobrança,2023-06-09,3337.1,Alto,,6,2023
3741,259,195,6,2023-07-09,3337.1,Paga,0,Sem Cobrança,2023-07-11,3337.1,Alto,,7,2023
3742,259,195,7,2023-08-08,3337.1,Renegociada,9,Email,2023-08-17,3189.9,Médio,Equipe B,8,2023
3743,259,195,8,2023-09-07,3337.1,Paga,0,Sem Cobrança,2023-09-08,3337.1,Alto,,9,2023
3744,259,195,9,2023-10-07,3337.1,Paga,0,Sem Cobrança,2023-10-09,3337.1,Alto,,10,2023
3745,259,195,10,2023-11-06,3337.1,Paga,0,Sem Cobrança,2023-11-08,3337.1,Alto,,11,2023
3746,259,195,11,2023-12-06,3337.1,Paga,0,Sem Cobrança,2023-12-06,3337.1,Alto,,12,2023
3747,259,195,12,2024-01-05,3337.1,Paga,0,Sem Cobrança,2024-01-06,3337.1,Alto,,1,2024
3748,259,195,13,2024-02-04,3337.1,Paga,0,Sem Cobrança,2024-02-04,3337.1,Alto,,2,2024
3749,260,196,1,2025-04-15,2127.16,Paga,0,Sem Cobrança,2025-04-18,2127.16,Alto,,4,2025
3750,260,196,2,2025-05-15,2127.16,Paga,0,Sem Cobrança,2025-05-15,2127.16,Alto,,5,2025
3751,260,196,3,2025-06-14,2127.16,Paga,0,Sem Cobrança,2025-06-15,2127.16,Alto,,6,2025
3752,260,196,4,2025-07-14,2127.16,Paga,0,Sem Cobrança,2025-07-14,2127.16,Alto,,7,2025
3753,260,196,5,2025-08-13,2127.16,Paga,0,Sem Cobrança,2025-08-14,2127.16,Alto,,8,2025
3754,260,196,6,2025-09-12,2127.16,Paga,0,Sem Cobrança,2025-09-13,2127.16,Alto,,9,2025
3755,260,196,7,2025-10-12,2127.16,Paga,0,Sem Cobrança,2025-10-14,2127.16,Alto,,10,2025
3756,260,196,8,2025-11-11,2127.16,Paga,0,Sem Cobrança,2025-11-11,2127.16,Alto,,11,2025
3757,261,197,1,2024-10-26,1155.63,Paga,0,Sem Cobrança,2024-10-26,1155.63,Alto,,10,2024
3758,261,197,2,2024-11-25,1155.63,Paga,0,Sem Cobrança,2024-11-28,1155.63,Alto,,11,2024
3759,261,197,3,2024-12-25,1155.63,Paga,0,Sem Cobrança,2024-12-27,1155.63,Alto,,12,2024
3760,261,197,4,2025-01-24,1155.63,Paga,0,Sem Cobrança,2025-01-24,1155.63,Alto,,1,2025
3761,261,197,5,2025-02-23,1155.63,Paga,0,Sem Cobrança,2025-02-26,1155.63,Alto,,2,2025
3762,261,197,6,2025-03-25,1155.63,Paga,0,Sem Cobrança,2025-03-25,1155.63,Alto,,3,2025
3763,261,197,7,2025-04-24,1155.63,Vencida,42,Cartório,,0.0,Médio,Equipe A,4,2025
3764,261,197,8,2025-05-24,1155.63,Paga,0,Sem Cobrança,2025-05-26,1155.63,Alto,,5,2025
3765,261,197,9,2025-06-23,1155.63,Paga,0,Sem Cobrança,2025-06-23,1155.63,Alto,,6,2025
3766,261,197,10,2025-07-23,1155.63,Paga,0,Sem Cobrança,2025-07-23,1155.63,Alto,,7,2025
3767,261,197,11,2025-08-22,1155.63,Paga,0,Sem Cobrança,2025-08-25,1155.63,Alto,,8,2025
3768,261,197,12,2025-09-21,1155.63,Paga,0,Sem Cobrança,2025-09-24,1155.63,Alto,,9,2025
3769,261,197,13,2025-10-21,1155.63,Paga,0,Sem Cobrança,2025-10-23,1155.63,Alto,,10,2025
3770,261,197,14,2025-11-20,1155.63,Paga,0,Sem Cobrança,2025-11-20,1155.63,Alto,,11,2025
3771,261,197,15,2025-12-20,1155.63,Paga,0,Sem Cobrança,2025-12-23,1155.63,Alto,,12,2025
3772,261,197,16,2026-01-19,1155.63,Paga,0,Sem Cobrança,2026-01-20,1155.63,Alto,,1,2026
3773,261,197,17,2026-02-18,1155.63,Paga,0,Sem Cobrança,2026-02-20,1155.63,Alto,,2,2026
3774,261,197,18,2026-03-20,1155.63,Vencida,71,Jurídico,,0.0,Médio,Equipe A,3,2026
3775,261,197,19,2026-04-19,1155.63,Paga,0,Sem Cobrança,2026-04-21,1155.63,Alto,,4,2026
3776,263,199,1,2025-09-08,4745.19,Vencida,37,Cartório,,0.0,Médio,Terceirizado Norte,9,2025
3777,263,199,2,2025-10-08,4745.19,Vencida,90,Jurídico,,0.0,Baixo,Terceirizado Norte,10,2025
3778,263,199,3,2025-11-07,4745.19,Renegociada,5,Email,2025-11-12,3628.53,Médio,Terceirizado Sul,11,2025
3779,263,199,4,2025-12-07,4745.19,Vencida,65,Jurídico,,0.0,Médio,Equipe C,12,2025
3780,263,199,5,2026-01-06,4745.19,Renegociada,64,Jurídico,2026-03-11,3373.57,Médio,Equipe C,1,2026
3781,263,199,6,2026-02-05,4745.19,Vencida,15,Ligação,,0.0,Médio,Equipe A,2,2026
3782,263,199,7,2026-03-07,4745.19,Paga,0,Sem Cobrança,2026-03-07,4745.19,Alto,,3,2026
3783,263,199,8,2026-04-06,4745.19,Paga,0,Sem Cobrança,2026-04-08,4745.19,Alto,,4,2026
3784,263,199,9,2026-05-06,4745.19,Pendente,1,SMS,,0.0,Médio,Equipe A,5,2026
3785,264,200,1,2025-04-04,7723.27,Paga,0,Sem Cobrança,2025-04-04,7723.27,Alto,,4,2025
3786,264,200,2,2025-05-04,7723.27,Paga,0,Sem Cobrança,2025-05-07,7723.27,Alto,,5,2025
3787,264,200,3,2025-06-03,7723.27,Paga,0,Sem Cobrança,2025-06-03,7723.27,Alto,,6,2025
3788,264,200,4,2025-07-03,7723.27,Paga,0,Sem Cobrança,2025-07-04,7723.27,Alto,,7,2025
3789,264,200,5,2025-08-02,7723.27,Paga,0,Sem Cobrança,2025-08-02,7723.27,Alto,,8,2025
3790,264,200,6,2025-09-01,7723.27,Paga,0,Sem Cobrança,2025-09-02,7723.27,Alto,,9,2025
3791,264,200,7,2025-10-01,7723.27,Paga,0,Sem Cobrança,2025-10-04,7723.27,Alto,,10,2025
3792,264,200,8,2025-10-31,7723.27,Paga,0,Sem Cobrança,2025-10-31,7723.27,Alto,,10,2025
3793,264,200,9,2025-11-30,7723.27,Paga,0,Sem Cobrança,2025-11-30,7723.27,Alto,,11,2025
3794,264,200,10,2025-12-30,7723.27,Paga,0,Sem Cobrança,2026-01-02,7723.27,Alto,,12,2025
3795,264,200,11,2026-01-29,7723.27,Renegociada,1,SMS,2026-01-30,7613.88,Médio,Equipe B,1,2026
3796,264,200,12,2026-02-28,7723.27,Paga,0,Sem Cobrança,2026-03-02,7723.27,Alto,,2,2026
3797,264,200,13,2026-03-30,7723.27,Paga,0,Sem Cobrança,2026-04-02,7723.27,Alto,,3,2026
3798,264,200,14,2026-04-29,7723.27,Paga,0,Sem Cobrança,2026-04-30,7723.27,Alto,,4,2026
3799,264,200,15,2026-05-29,7723.27,Paga,0,Sem Cobrança,2026-05-29,7723.27,Alto,,5,2026
3800,264,200,16,2026-06-28,7723.27,Paga,0,Sem Cobrança,2026-07-01,7723.27,Alto,,6,2026
3801,264,200,17,2026-07-28,7723.27,Paga,0,Sem Cobrança,2026-07-29,7723.27,Alto,,7,2026
3802,265,201,1,2020-01-31,3654.6,Paga,0,Sem Cobrança,2020-02-02,3654.6,Alto,,1,2020
3803,265,201,2,2020-03-01,3654.6,Paga,0,Sem Cobrança,2020-03-01,3654.6,Alto,,3,2020
3804,265,201,3,2020-03-31,3654.6,Vencida,29,Ligação,,0.0,Médio,Terceirizado Sul,3,2020
3805,265,201,4,2020-04-30,3654.6,Paga,0,Sem Cobrança,2020-05-01,3654.6,Alto,,4,2020
3806,265,201,5,2020-05-30,3654.6,Paga,0,Sem Cobrança,2020-05-31,3654.6,Alto,,5,2020
3807,265,201,6,2020-06-29,3654.6,Paga,0,Sem Cobrança,2020-06-30,3654.6,Alto,,6,2020
3808,265,201,7,2020-07-29,3654.6,Paga,0,Sem Cobrança,2020-07-30,3654.6,Alto,,7,2020
3809,265,201,8,2020-08-28,3654.6,Paga,0,Sem Cobrança,2020-08-30,3654.6,Alto,,8,2020
3810,265,201,9,2020-09-27,3654.6,Paga,0,Sem Cobrança,2020-09-27,3654.6,Alto,,9,2020
3811,265,201,10,2020-10-27,3654.6,Vencida,10,Email,,0.0,Médio,Equipe A,10,2020
3812,265,201,11,2020-11-26,3654.6,Paga,0,Sem Cobrança,2020-11-26,3654.6,Alto,,11,2020
3813,265,201,12,2020-12-26,3654.6,Paga,0,Sem Cobrança,2020-12-26,3654.6,Alto,,12,2020
3814,266,202,1,2020-06-21,3241.04,Paga,0,Sem Cobrança,2020-06-22,3241.04,Alto,,6,2020
3815,266,202,2,2020-07-21,3241.04,Paga,0,Sem Cobrança,2020-07-24,3241.04,Alto,,7,2020
3816,266,202,3,2020-08-20,3241.04,Paga,0,Sem Cobrança,2020-08-21,3241.04,Alto,,8,2020
3817,266,202,4,2020-09-19,3241.04,Paga,0,Sem Cobrança,2020-09-22,3241.04,Alto,,9,2020
3818,266,202,5,2020-10-19,3241.04,Paga,0,Sem Cobrança,2020-10-22,3241.04,Alto,,10,2020
3819,266,202,6,2020-11-18,3241.04,Paga,0,Sem Cobrança,2020-11-20,3241.04,Alto,,11,2020
3820,266,202,7,2020-12-18,3241.04,Paga,0,Sem Cobrança,2020-12-21,3241.04,Alto,,12,2020
3821,266,202,8,2021-01-17,3241.04,Renegociada,16,Ligação,2021-02-02,3030.56,Médio,Terceirizado Sul,1,2021
3822,266,202,9,2021-02-16,3241.04,Paga,0,Sem Cobrança,2021-02-17,3241.04,Alto,,2,2021
3823,266,202,10,2021-03-18,3241.04,Renegociada,14,Email,2021-04-01,3019.64,Médio,Equipe C,3,2021
3824,266,202,11,2021-04-17,3241.04,Paga,0,Sem Cobrança,2021-04-18,3241.04,Alto,,4,2021
3825,266,202,12,2021-05-17,3241.04,Paga,0,Sem Cobrança,2021-05-18,3241.04,Alto,,5,2021
3826,266,202,13,2021-06-16,3241.04,Pendente,4,SMS,,0.0,Médio,Equipe B,6,2021
3827,266,202,14,2021-07-16,3241.04,Paga,0,Sem Cobrança,2021-07-17,3241.04,Alto,,7,2021
3828,266,202,15,2021-08-15,3241.04,Paga,0,Sem Cobrança,2021-08-18,3241.04,Alto,,8,2021
3829,267,203,1,2023-09-13,4421.51,Paga,0,Sem Cobrança,2023-09-13,4421.51,Alto,,9,2023
3830,267,203,2,2023-10-13,4421.51,Paga,0,Sem Cobrança,2023-10-13,4421.51,Alto,,10,2023
3831,267,203,3,2023-11-12,4421.51,Paga,0,Sem Cobrança,2023-11-15,4421.51,Alto,,11,2023
3832,267,203,4,2023-12-12,4421.51,Vencida,11,Email,,0.0,Médio,Terceirizado Norte,12,2023
3833,267,203,5,2024-01-11,4421.51,Paga,0,Sem Cobrança,2024-01-11,4421.51,Alto,,1,2024
3834,267,203,6,2024-02-10,4421.51,Paga,0,Sem Cobrança,2024-02-11,4421.51,Alto,,2,2024
3835,267,203,7,2024-03-11,4421.51,Paga,0,Sem Cobrança,2024-03-13,4421.51,Alto,,3,2024
3836,267,203,8,2024-04-10,4421.51,Paga,0,Sem Cobrança,2024-04-11,4421.51,Alto,,4,2024
3837,267,203,9,2024-05-10,4421.51,Paga,0,Sem Cobrança,2024-05-11,4421.51,Alto,,5,2024
3838,267,203,10,2024-06-09,4421.51,Paga,0,Sem Cobrança,2024-06-11,4421.51,Alto,,6,2024
3839,267,203,11,2024-07-09,4421.51,Paga,0,Sem Cobrança,2024-07-10,4421.51,Alto,,7,2024
3840,267,203,12,2024-08-08,4421.51,Paga,0,Sem Cobrança,2024-08-08,4421.51,Alto,,8,2024
3841,267,203,13,2024-09-07,4421.51,Paga,0,Sem Cobrança,2024-09-09,4421.51,Alto,,9,2024
3842,267,203,14,2024-10-07,4421.51,Paga,0,Sem Cobrança,2024-10-09,4421.51,Alto,,10,2024
3843,267,203,15,2024-11-06,4421.51,Paga,0,Sem Cobrança,2024-11-06,4421.51,Alto,,11,2024
3844,267,203,16,2024-12-06,4421.51,Paga,0,Sem Cobrança,2024-12-09,4421.51,Alto,,12,2024
3845,267,203,17,2025-01-05,4421.51,Paga,0,Sem Cobrança,2025-01-06,4421.51,Alto,,1,2025
3846,267,203,18,2025-02-04,4421.51,Paga,0,Sem Cobrança,2025-02-06,4421.51,Alto,,2,2025
3847,268,204,1,2023-09-19,3743.82,Paga,0,Sem Cobrança,2023-09-22,3743.82,Alto,,9,2023
3848,268,204,2,2023-10-19,3743.82,Paga,0,Sem Cobrança,2023-10-19,3743.82,Alto,,10,2023
3849,268,204,3,2023-11-18,3743.82,Paga,0,Sem Cobrança,2023-11-21,3743.82,Alto,,11,2023
3850,268,204,4,2023-12-18,3743.82,Paga,0,Sem Cobrança,2023-12-20,3743.82,Alto,,12,2023
3851,268,204,5,2024-01-17,3743.82,Paga,0,Sem Cobrança,2024-01-17,3743.82,Alto,,1,2024
3852,268,204,6,2024-02-16,3743.82,Paga,0,Sem Cobrança,2024-02-17,3743.82,Alto,,2,2024
3853,268,204,7,2024-03-17,3743.82,Paga,0,Ligação,2024-04-04,3375.44,Alto,Equipe B,3,2024
3854,268,204,8,2024-04-16,3743.82,Paga,0,Sem Cobrança,2024-04-18,3743.82,Alto,,4,2024
3855,268,204,9,2024-05-16,3743.82,Paga,0,Sem Cobrança,2024-05-16,3743.82,Alto,,5,2024
3856,268,204,10,2024-06-15,3743.82,Paga,0,Sem Cobrança,2024-06-16,3743.82,Alto,,6,2024
3857,268,204,11,2024-07-15,3743.82,Paga,0,Sem Cobrança,2024-07-18,3743.82,Alto,,7,2024
3858,268,204,12,2024-08-14,3743.82,Paga,0,Sem Cobrança,2024-08-15,3743.82,Alto,,8,2024
3859,268,204,13,2024-09-13,3743.82,Paga,0,Sem Cobrança,2024-09-15,3743.82,Alto,,9,2024
3860,268,204,14,2024-10-13,3743.82,Paga,0,Sem Cobrança,2024-10-15,3743.82,Alto,,10,2024
3861,268,204,15,2024-11-12,3743.82,Paga,0,Sem Cobrança,2024-11-12,3743.82,Alto,,11,2024
3862,268,204,16,2024-12-12,3743.82,Paga,0,Sem Cobrança,2024-12-13,3743.82,Alto,,12,2024
3863,268,204,17,2025-01-11,3743.82,Paga,0,Sem Cobrança,2025-01-12,3743.82,Alto,,1,2025
3864,268,204,18,2025-02-10,3743.82,Paga,0,Email,2025-02-20,3295.0,Alto,Terceirizado Norte,2,2025
3865,268,204,19,2025-03-12,3743.82,Vencida,72,Jurídico,,0.0,Médio,Terceirizado Norte,3,2025
3866,268,204,20,2025-04-11,3743.82,Paga,0,Sem Cobrança,2025-04-11,3743.82,Alto,,4,2025
3867,268,204,21,2025-05-11,3743.82,Paga,0,Sem Cobrança,2025-05-12,3743.82,Alto,,5,2025
3868,268,204,22,2025-06-10,3743.82,Paga,0,Sem Cobrança,2025-06-12,3743.82,Alto,,6,2025
3869,268,204,23,2025-07-10,3743.82,Paga,0,Sem Cobrança,2025-07-10,3743.82,Alto,,7,2025
3870,269,205,1,2021-12-14,841.88,Paga,0,Sem Cobrança,2021-12-17,841.88,Alto,,12,2021
3871,269,205,2,2022-01-13,841.88,Paga,0,Sem Cobrança,2022-01-15,841.88,Alto,,1,2022
3872,269,205,3,2022-02-12,841.88,Renegociada,11,Email,2022-02-23,775.64,Médio,Equipe A,2,2022
3873,269,205,4,2022-03-14,841.88,Paga,0,Sem Cobrança,2022-03-15,841.88,Alto,,3,2022
3874,269,205,5,2022-04-13,841.88,Paga,0,Sem Cobrança,2022-04-14,841.88,Alto,,4,2022
3875,269,205,6,2022-05-13,841.88,Paga,0,Sem Cobrança,2022-05-16,841.88,Alto,,5,2022
3876,269,205,7,2022-06-12,841.88,Paga,0,Sem Cobrança,2022-06-13,841.88,Alto,,6,2022
3877,270,205,1,2022-06-18,4687.12,Paga,0,Sem Cobrança,2022-06-19,4687.12,Alto,,6,2022
3878,270,205,2,2022-07-18,4687.12,Paga,0,Sem Cobrança,2022-07-20,4687.12,Alto,,7,2022
3879,270,205,3,2022-08-17,4687.12,Vencida,17,Ligação,,0.0,Médio,Equipe C,8,2022
3880,270,205,4,2022-09-16,4687.12,Vencida,71,Jurídico,,0.0,Médio,Equipe B,9,2022
3881,270,205,5,2022-10-16,4687.12,Paga,0,Sem Cobrança,2022-10-19,4687.12,Alto,,10,2022
3882,270,205,6,2022-11-15,4687.12,Paga,0,Sem Cobrança,2022-11-16,4687.12,Alto,,11,2022
3883,270,205,7,2022-12-15,4687.12,Renegociada,14,Email,2022-12-29,4507.77,Médio,Terceirizado Norte,12,2022
3884,271,206,1,2024-11-13,6017.14,Paga,0,Sem Cobrança,2024-11-14,6017.14,Alto,,11,2024
3885,271,206,2,2024-12-13,6017.14,Paga,0,Sem Cobrança,2024-12-13,6017.14,Alto,,12,2024
3886,271,206,3,2025-01-12,6017.14,Paga,0,Sem Cobrança,2025-01-14,6017.14,Alto,,1,2025
3887,271,206,4,2025-02-11,6017.14,Pendente,1,SMS,,0.0,Médio,Equipe C,2,2025
3888,271,206,5,2025-03-13,6017.14,Renegociada,40,Cartório,2025-04-22,4631.0,Médio,Equipe B,3,2025
3889,271,206,6,2025-04-12,6017.14,Paga,0,Sem Cobrança,2025-04-14,6017.14,Alto,,4,2025
3890,271,206,7,2025-05-12,6017.14,Paga,0,Sem Cobrança,2025-05-13,6017.14,Alto,,5,2025
3891,271,206,8,2025-06-11,6017.14,Paga,0,Sem Cobrança,2025-06-14,6017.14,Alto,,6,2025
3892,271,206,9,2025-07-11,6017.14,Renegociada,15,Ligação,2025-07-26,4231.21,Médio,Equipe B,7,2025
3893,271,206,10,2025-08-10,6017.14,Paga,0,Sem Cobrança,2025-08-10,6017.14,Alto,,8,2025
3894,271,206,11,2025-09-09,6017.14,Paga,0,Sem Cobrança,2025-09-09,6017.14,Alto,,9,2025
3895,271,206,12,2025-10-09,6017.14,Paga,0,Sem Cobrança,2025-10-10,6017.14,Alto,,10,2025
3896,271,206,13,2025-11-08,6017.14,Paga,0,Sem Cobrança,2025-11-09,6017.14,Alto,,11,2025
3897,271,206,14,2025-12-08,6017.14,Paga,0,Sem Cobrança,2025-12-10,6017.14,Alto,,12,2025
3898,271,206,15,2026-01-07,6017.14,Vencida,17,Ligação,,0.0,Médio,Equipe C,1,2026
3899,271,206,16,2026-02-06,6017.14,Paga,0,Sem Cobrança,2026-02-07,6017.14,Alto,,2,2026
3900,271,206,17,2026-03-08,6017.14,Paga,0,Sem Cobrança,2026-03-08,6017.14,Alto,,3,2026
3901,271,206,18,2026-04-07,6017.14,Paga,0,Sem Cobrança,2026-04-09,6017.14,Alto,,4,2026
3902,273,207,1,2024-01-20,9173.91,Vencida,75,Jurídico,,0.0,Médio,Terceirizado Sul,1,2024
3903,273,207,2,2024-02-19,9173.91,Vencida,49,Cartório,,0.0,Médio,Terceirizado Sul,2,2024
3904,273,207,3,2024-03-20,9173.91,Vencida,5,Email,,0.0,Médio,Equipe C,3,2024
3905,273,207,4,2024-04-19,9173.91,Paga,0,Sem Cobrança,2024-04-20,9173.91,Alto,,4,2024
3906,273,207,5,2024-05-19,9173.91,Vencida,9,Email,,0.0,Médio,Terceirizado Norte,5,2024
3907,273,207,6,2024-06-18,9173.91,Renegociada,55,Cartório,2024-08-12,7696.56,Médio,Terceirizado Norte,6,2024
3908,273,207,7,2024-07-18,9173.91,Paga,0,Sem Cobrança,2024-07-19,9173.91,Alto,,7,2024
3909,273,207,8,2024-08-17,9173.91,Paga,0,Sem Cobrança,2024-08-17,9173.91,Alto,,8,2024
3910,273,207,9,2024-09-16,9173.91,Renegociada,45,Cartório,2024-10-31,7774.64,Médio,Terceirizado Sul,9,2024
3911,273,207,10,2024-10-16,9173.91,Vencida,42,Cartório,,0.0,Médio,Equipe C,10,2024
3912,273,207,11,2024-11-15,9173.91,Renegociada,1,SMS,2024-11-16,7924.77,Médio,Terceirizado Norte,11,2024
3913,273,207,12,2024-12-15,9173.91,Paga,0,Sem Cobrança,2024-12-18,9173.91,Alto,,12,2024
3914,273,207,13,2025-01-14,9173.91,Vencida,21,Ligação,,0.0,Médio,Terceirizado Sul,1,2025
3915,273,207,14,2025-02-13,9173.91,Vencida,54,Cartório,,0.0,Médio,Terceirizado Sul,2,2025
3916,273,207,15,2025-03-15,9173.91,Paga,0,Sem Cobrança,2025-03-17,9173.91,Alto,,3,2025
3917,274,207,1,2024-07-23,1586.04,Vencida,36,Cartório,,0.0,Médio,Equipe A,7,2024
3918,274,207,2,2024-08-22,1586.04,Paga,0,Sem Cobrança,2024-08-25,1586.04,Alto,,8,2024
3919,274,207,3,2024-09-21,1586.04,Paga,0,Sem Cobrança,2024-09-21,1586.04,Alto,,9,2024
3920,274,207,4,2024-10-21,1586.04,Paga,0,Sem Cobrança,2024-10-21,1586.04,Alto,,10,2024
3921,274,207,5,2024-11-20,1586.04,Paga,0,Sem Cobrança,2024-11-23,1586.04,Alto,,11,2024
3922,274,207,6,2024-12-20,1586.04,Vencida,22,Ligação,,0.0,Médio,Equipe B,12,2024
3923,274,207,7,2025-01-19,1586.04,Paga,0,Sem Cobrança,2025-01-19,1586.04,Alto,,1,2025
3924,274,207,8,2025-02-18,1586.04,Paga,0,Sem Cobrança,2025-02-18,1586.04,Alto,,2,2025
3925,274,207,9,2025-03-20,1586.04,Paga,0,Sem Cobrança,2025-03-21,1586.04,Alto,,3,2025
3926,274,207,10,2025-04-19,1586.04,Renegociada,4,SMS,2025-04-23,1409.6,Médio,Equipe C,4,2025
3927,274,207,11,2025-05-19,1586.04,Paga,0,Sem Cobrança,2025-05-19,1586.04,Alto,,5,2025
3928,274,207,12,2025-06-18,1586.04,Paga,0,Sem Cobrança,2025-06-20,1586.04,Alto,,6,2025
3929,274,207,13,2025-07-18,1586.04,Vencida,27,Ligação,,0.0,Médio,Equipe A,7,2025
3930,274,207,14,2025-08-17,1586.04,Paga,0,Sem Cobrança,2025-08-20,1586.04,Alto,,8,2025
3931,274,207,15,2025-09-16,1586.04,Paga,0,Sem Cobrança,2025-09-16,1586.04,Alto,,9,2025
3932,274,207,16,2025-10-16,1586.04,Paga,0,Sem Cobrança,2025-10-17,1586.04,Alto,,10,2025
3933,274,207,17,2025-11-15,1586.04,Vencida,14,Email,,0.0,Médio,Terceirizado Norte,11,2025
3934,274,207,18,2025-12-15,1586.04,Paga,0,Sem Cobrança,2025-12-15,1586.04,Alto,,12,2025
3935,274,207,19,2026-01-14,1586.04,Paga,0,Sem Cobrança,2026-01-16,1586.04,Alto,,1,2026
3936,275,208,1,2022-12-25,2316.24,Paga,0,Sem Cobrança,2022-12-27,2316.24,Alto,,12,2022
3937,275,208,2,2023-01-24,2316.24,Paga,0,Sem Cobrança,2023-01-24,2316.24,Alto,,1,2023
3938,275,208,3,2023-02-23,2316.24,Paga,0,Sem Cobrança,2023-02-24,2316.24,Alto,,2,2023
3939,275,208,4,2023-03-25,2316.24,Paga,0,Sem Cobrança,2023-03-25,2316.24,Alto,,3,2023
3940,275,208,5,2023-04-24,2316.24,Paga,0,Sem Cobrança,2023-04-24,2316.24,Alto,,4,2023
3941,275,208,6,2023-05-24,2316.24,Paga,0,Sem Cobrança,2023-05-25,2316.24,Alto,,5,2023
3942,275,208,7,2023-06-23,2316.24,Paga,0,Sem Cobrança,2023-06-26,2316.24,Alto,,6,2023
3943,275,208,8,2023-07-23,2316.24,Paga,0,Sem Cobrança,2023-07-25,2316.24,Alto,,7,2023
3944,275,208,9,2023-08-22,2316.24,Paga,0,Sem Cobrança,2023-08-24,2316.24,Alto,,8,2023
3945,275,208,10,2023-09-21,2316.24,Paga,0,Sem Cobrança,2023-09-23,2316.24,Alto,,9,2023
3946,275,208,11,2023-10-21,2316.24,Paga,0,Sem Cobrança,2023-10-23,2316.24,Alto,,10,2023
3947,275,208,12,2023-11-20,2316.24,Paga,0,Sem Cobrança,2023-11-20,2316.24,Alto,,11,2023
3948,275,208,13,2023-12-20,2316.24,Paga,0,Sem Cobrança,2023-12-22,2316.24,Alto,,12,2023
3949,276,209,1,2021-07-07,1742.36,Paga,0,Sem Cobrança,2021-07-10,1742.36,Alto,,7,2021
3950,276,209,2,2021-08-06,1742.36,Paga,0,Sem Cobrança,2021-08-06,1742.36,Alto,,8,2021
3951,276,209,3,2021-09-05,1742.36,Paga,0,Sem Cobrança,2021-09-08,1742.36,Alto,,9,2021
3952,276,209,4,2021-10-05,1742.36,Paga,0,Sem Cobrança,2021-10-06,1742.36,Alto,,10,2021
3953,276,209,5,2021-11-04,1742.36,Paga,0,Sem Cobrança,2021-11-07,1742.36,Alto,,11,2021
3954,276,209,6,2021-12-04,1742.36,Paga,0,Sem Cobrança,2021-12-07,1742.36,Alto,,12,2021
3955,276,209,7,2022-01-03,1742.36,Paga,0,Sem Cobrança,2022-01-04,1742.36,Alto,,1,2022
3956,276,209,8,2022-02-02,1742.36,Paga,0,Email,2022-02-14,1627.49,Alto,Terceirizado Sul,2,2022
3957,276,209,9,2022-03-04,1742.36,Vencida,11,Email,,0.0,Alto,Terceirizado Norte,3,2022
3958,276,209,10,2022-04-03,1742.36,Paga,0,Sem Cobrança,2022-04-06,1742.36,Alto,,4,2022
3959,276,209,11,2022-05-03,1742.36,Paga,0,Sem Cobrança,2022-05-04,1742.36,Alto,,5,2022
3960,276,209,12,2022-06-02,1742.36,Paga,0,Sem Cobrança,2022-06-05,1742.36,Alto,,6,2022
3961,276,209,13,2022-07-02,1742.36,Paga,0,Sem Cobrança,2022-07-03,1742.36,Alto,,7,2022
3962,276,209,14,2022-08-01,1742.36,Paga,0,Sem Cobrança,2022-08-02,1742.36,Alto,,8,2022
3963,276,209,15,2022-08-31,1742.36,Paga,0,Sem Cobrança,2022-09-01,1742.36,Alto,,8,2022
3964,276,209,16,2022-09-30,1742.36,Paga,0,Sem Cobrança,2022-09-30,1742.36,Alto,,9,2022
3965,276,209,17,2022-10-30,1742.36,Paga,0,Sem Cobrança,2022-11-01,1742.36,Alto,,10,2022
3966,277,209,1,2021-08-11,3598.48,Vencida,11,Email,,0.0,Alto,Equipe B,8,2021
3967,277,209,2,2021-09-10,3598.48,Paga,0,Sem Cobrança,2021-09-12,3598.48,Alto,,9,2021
3968,277,209,3,2021-10-10,3598.48,Paga,0,Sem Cobrança,2021-10-12,3598.48,Alto,,10,2021
3969,277,209,4,2021-11-09,3598.48,Paga,0,Sem Cobrança,2021-11-12,3598.48,Alto,,11,2021
3970,277,209,5,2021-12-09,3598.48,Paga,0,Sem Cobrança,2021-12-11,3598.48,Alto,,12,2021
3971,277,209,6,2022-01-08,3598.48,Paga,0,Sem Cobrança,2022-01-08,3598.48,Alto,,1,2022
3972,277,209,7,2022-02-07,3598.48,Renegociada,52,Cartório,2022-03-31,3103.8,Médio,Equipe C,2,2022
3973,277,209,8,2022-03-09,3598.48,Paga,0,Sem Cobrança,2022-03-11,3598.48,Alto,,3,2022
3974,277,209,9,2022-04-08,3598.48,Paga,0,Sem Cobrança,2022-04-11,3598.48,Alto,,4,2022
3975,277,209,10,2022-05-08,3598.48,Paga,0,Sem Cobrança,2022-05-11,3598.48,Alto,,5,2022
3976,277,209,11,2022-06-07,3598.48,Paga,0,Sem Cobrança,2022-06-09,3598.48,Alto,,6,2022
3977,277,209,12,2022-07-07,3598.48,Paga,0,Sem Cobrança,2022-07-09,3598.48,Alto,,7,2022
3978,277,209,13,2022-08-06,3598.48,Paga,0,Sem Cobrança,2022-08-07,3598.48,Alto,,8,2022
3979,277,209,14,2022-09-05,3598.48,Paga,0,Sem Cobrança,2022-09-06,3598.48,Alto,,9,2022
3980,277,209,15,2022-10-05,3598.48,Paga,0,Sem Cobrança,2022-10-07,3598.48,Alto,,10,2022
3981,277,209,16,2022-11-04,3598.48,Paga,0,Sem Cobrança,2022-11-05,3598.48,Alto,,11,2022
3982,277,209,17,2022-12-04,3598.48,Paga,0,Sem Cobrança,2022-12-05,3598.48,Alto,,12,2022
3983,277,209,18,2023-01-03,3598.48,Paga,0,Sem Cobrança,2023-01-03,3598.48,Alto,,1,2023
3984,277,209,19,2023-02-02,3598.48,Paga,0,Sem Cobrança,2023-02-03,3598.48,Alto,,2,2023
3985,277,209,20,2023-03-04,3598.48,Paga,0,Sem Cobrança,2023-03-06,3598.48,Alto,,3,2023
3986,277,209,21,2023-04-03,3598.48,Paga,0,Sem Cobrança,2023-04-05,3598.48,Alto,,4,2023
3987,277,209,22,2023-05-03,3598.48,Paga,0,Sem Cobrança,2023-05-06,3598.48,Alto,,5,2023
3988,278,210,1,2024-05-27,2194.01,Paga,0,Sem Cobrança,2024-05-29,2194.01,Alto,,5,2024
3989,278,210,2,2024-06-26,2194.01,Paga,0,Sem Cobrança,2024-06-27,2194.01,Alto,,6,2024
3990,278,210,3,2024-07-26,2194.01,Paga,0,Sem Cobrança,2024-07-27,2194.01,Alto,,7,2024
3991,278,210,4,2024-08-25,2194.01,Paga,0,Sem Cobrança,2024-08-26,2194.01,Alto,,8,2024
3992,278,210,5,2024-09-24,2194.01,Paga,0,Sem Cobrança,2024-09-26,2194.01,Alto,,9,2024
3993,278,210,6,2024-10-24,2194.01,Pendente,3,SMS,,0.0,Médio,Equipe A,10,2024
3994,278,210,7,2024-11-23,2194.01,Paga,0,Sem Cobrança,2024-11-26,2194.01,Alto,,11,2024
3995,278,210,8,2024-12-23,2194.01,Paga,0,Sem Cobrança,2024-12-23,2194.01,Alto,,12,2024
3996,278,210,9,2025-01-22,2194.01,Paga,0,Sem Cobrança,2025-01-25,2194.01,Alto,,1,2025
3997,278,210,10,2025-02-21,2194.01,Paga,0,Sem Cobrança,2025-02-24,2194.01,Alto,,2,2025
3998,278,210,11,2025-03-23,2194.01,Paga,0,Sem Cobrança,2025-03-25,2194.01,Alto,,3,2025
3999,279,211,1,2024-10-17,1347.1,Paga,0,Sem Cobrança,2024-10-20,1347.1,Alto,,10,2024
4000,279,211,2,2024-11-16,1347.1,Paga,0,Sem Cobrança,2024-11-18,1347.1,Alto,,11,2024
4001,279,211,3,2024-12-16,1347.1,Paga,0,Sem Cobrança,2024-12-17,1347.1,Alto,,12,2024
4002,279,211,4,2025-01-15,1347.1,Vencida,29,Ligação,,0.0,Médio,Terceirizado Sul,1,2025
4003,279,211,5,2025-02-14,1347.1,Paga,0,Sem Cobrança,2025-02-14,1347.1,Alto,,2,2025
4004,279,211,6,2025-03-16,1347.1,Paga,0,Sem Cobrança,2025-03-16,1347.1,Alto,,3,2025
4005,280,211,1,2024-04-25,2252.87,Paga,0,Sem Cobrança,2024-04-26,2252.87,Alto,,4,2024
4006,280,211,2,2024-05-25,2252.87,Vencida,16,Ligação,,0.0,Médio,Terceirizado Sul,5,2024
4007,280,211,3,2024-06-24,2252.87,Renegociada,5,Email,2024-06-29,1823.17,Médio,Terceirizado Norte,6,2024
4008,280,211,4,2024-07-24,2252.87,Vencida,28,Ligação,,0.0,Médio,Equipe C,7,2024
4009,280,211,5,2024-08-23,2252.87,Paga,0,Sem Cobrança,2024-08-24,2252.87,Alto,,8,2024
4010,280,211,6,2024-09-22,2252.87,Vencida,7,Email,,0.0,Médio,Equipe B,9,2024
4011,280,211,7,2024-10-22,2252.87,Paga,0,Sem Cobrança,2024-10-25,2252.87,Alto,,10,2024
4012,280,211,8,2024-11-21,2252.87,Paga,0,Sem Cobrança,2024-11-21,2252.87,Alto,,11,2024
4013,280,211,9,2024-12-21,2252.87,Vencida,21,Ligação,,0.0,Médio,Equipe A,12,2024
4014,280,211,10,2025-01-20,2252.87,Vencida,11,Email,,0.0,Médio,Equipe B,1,2025
4015,280,211,11,2025-02-19,2252.87,Paga,0,Sem Cobrança,2025-02-19,2252.87,Alto,,2,2025
4016,280,211,12,2025-03-21,2252.87,Renegociada,6,Email,2025-03-27,2101.7,Médio,Equipe B,3,2025
4017,280,211,13,2025-04-20,2252.87,Vencida,12,Email,,0.0,Médio,Equipe A,4,2025
4018,280,211,14,2025-05-20,2252.87,Paga,0,Sem Cobrança,2025-05-23,2252.87,Alto,,5,2025
4019,280,211,15,2025-06-19,2252.87,Paga,0,Sem Cobrança,2025-06-20,2252.87,Alto,,6,2025
4020,280,211,16,2025-07-19,2252.87,Paga,0,Sem Cobrança,2025-07-19,2252.87,Alto,,7,2025
4021,280,211,17,2025-08-18,2252.87,Vencida,51,Cartório,,0.0,Médio,Terceirizado Sul,8,2025
4022,280,211,18,2025-09-17,2252.87,Paga,0,Sem Cobrança,2025-09-19,2252.87,Alto,,9,2025
4023,280,211,19,2025-10-17,2252.87,Pendente,2,SMS,,0.0,Médio,Terceirizado Sul,10,2025
4024,280,211,20,2025-11-16,2252.87,Paga,0,Sem Cobrança,2025-11-19,2252.87,Alto,,11,2025
4025,280,211,21,2025-12-16,2252.87,Pendente,1,SMS,,0.0,Médio,Terceirizado Sul,12,2025
4026,281,212,1,2024-01-28,5515.47,Paga,0,Sem Cobrança,2024-01-31,5515.47,Alto,,1,2024
4027,281,212,2,2024-02-27,5515.47,Paga,0,Sem Cobrança,2024-02-29,5515.47,Alto,,2,2024
4028,281,212,3,2024-03-28,5515.47,Paga,0,Sem Cobrança,2024-03-29,5515.47,Alto,,3,2024
4029,281,212,4,2024-04-27,5515.47,Paga,0,Sem Cobrança,2024-04-29,5515.47,Alto,,4,2024
4030,281,212,5,2024-05-27,5515.47,Paga,0,Sem Cobrança,2024-05-29,5515.47,Alto,,5,2024
4031,281,212,6,2024-06-26,5515.47,Paga,0,Sem Cobrança,2024-06-28,5515.47,Alto,,6,2024
4032,281,212,7,2024-07-26,5515.47,Paga,0,Sem Cobrança,2024-07-29,5515.47,Alto,,7,2024
4033,281,212,8,2024-08-25,5515.47,Paga,0,Sem Cobrança,2024-08-27,5515.47,Alto,,8,2024
4034,281,212,9,2024-09-24,5515.47,Paga,0,Sem Cobrança,2024-09-26,5515.47,Alto,,9,2024
4035,281,212,10,2024-10-24,5515.47,Paga,0,Sem Cobrança,2024-10-25,5515.47,Alto,,10,2024
4036,281,212,11,2024-11-23,5515.47,Paga,0,Sem Cobrança,2024-11-23,5515.47,Alto,,11,2024
4037,281,212,12,2024-12-23,5515.47,Paga,0,Sem Cobrança,2024-12-26,5515.47,Alto,,12,2024
4038,281,212,13,2025-01-22,5515.47,Paga,0,Sem Cobrança,2025-01-22,5515.47,Alto,,1,2025
4039,281,212,14,2025-02-21,5515.47,Paga,0,Sem Cobrança,2025-02-21,5515.47,Alto,,2,2025
4040,281,212,15,2025-03-23,5515.47,Paga,0,Sem Cobrança,2025-03-23,5515.47,Alto,,3,2025
4041,281,212,16,2025-04-22,5515.47,Paga,0,Sem Cobrança,2025-04-24,5515.47,Alto,,4,2025
4042,281,212,17,2025-05-22,5515.47,Paga,0,Sem Cobrança,2025-05-23,5515.47,Alto,,5,2025
4043,281,212,18,2025-06-21,5515.47,Paga,0,Sem Cobrança,2025-06-22,5515.47,Alto,,6,2025
4044,281,212,19,2025-07-21,5515.47,Vencida,36,Cartório,,0.0,Médio,Equipe A,7,2025
4045,281,212,20,2025-08-20,5515.47,Paga,0,Sem Cobrança,2025-08-22,5515.47,Alto,,8,2025
4046,281,212,21,2025-09-19,5515.47,Vencida,129,Jurídico,,0.0,Baixo,Equipe A,9,2025
4047,281,212,22,2025-10-19,5515.47,Paga,0,Sem Cobrança,2025-10-22,5515.47,Alto,,10,2025
4048,282,213,1,2021-10-23,3762.67,Paga,0,Sem Cobrança,2021-10-23,3762.67,Alto,,10,2021
4049,282,213,2,2021-11-22,3762.67,Vencida,31,Cartório,,0.0,Médio,Terceirizado Sul,11,2021
4050,282,213,3,2021-12-22,3762.67,Paga,0,Sem Cobrança,2021-12-25,3762.67,Alto,,12,2021
4051,282,213,4,2022-01-21,3762.67,Pendente,1,SMS,,0.0,Médio,Equipe B,1,2022
4052,282,213,5,2022-02-20,3762.67,Paga,0,Sem Cobrança,2022-02-23,3762.67,Alto,,2,2022
4053,282,213,6,2022-03-22,3762.67,Paga,0,Sem Cobrança,2022-03-24,3762.67,Alto,,3,2022
4054,282,213,7,2022-04-21,3762.67,Paga,0,Sem Cobrança,2022-04-22,3762.67,Alto,,4,2022
4055,282,213,8,2022-05-21,3762.67,Paga,0,Sem Cobrança,2022-05-22,3762.67,Alto,,5,2022
4056,282,213,9,2022-06-20,3762.67,Paga,0,Sem Cobrança,2022-06-21,3762.67,Alto,,6,2022
4057,282,213,10,2022-07-20,3762.67,Paga,0,Sem Cobrança,2022-07-22,3762.67,Alto,,7,2022
4058,282,213,11,2022-08-19,3762.67,Pendente,1,SMS,,0.0,Médio,Equipe B,8,2022
4059,282,213,12,2022-09-18,3762.67,Paga,0,Sem Cobrança,2022-09-18,3762.67,Alto,,9,2022
4060,282,213,13,2022-10-18,3762.67,Paga,0,Sem Cobrança,2022-10-19,3762.67,Alto,,10,2022
4061,282,213,14,2022-11-17,3762.67,Paga,0,Sem Cobrança,2022-11-18,3762.67,Alto,,11,2022
4062,282,213,15,2022-12-17,3762.67,Vencida,48,Cartório,,0.0,Médio,Equipe A,12,2022
4063,282,213,16,2023-01-16,3762.67,Paga,0,Sem Cobrança,2023-01-16,3762.67,Alto,,1,2023
4064,282,213,17,2023-02-15,3762.67,Vencida,7,Email,,0.0,Médio,Terceirizado Sul,2,2023
4065,282,213,18,2023-03-17,3762.67,Renegociada,33,Cartório,2023-04-19,3443.83,Médio,Terceirizado Norte,3,2023
4066,282,213,19,2023-04-16,3762.67,Paga,0,Sem Cobrança,2023-04-17,3762.67,Alto,,4,2023
4067,282,213,20,2023-05-16,3762.67,Paga,0,Sem Cobrança,2023-05-19,3762.67,Alto,,5,2023
4068,282,213,21,2023-06-15,3762.67,Paga,0,Sem Cobrança,2023-06-15,3762.67,Alto,,6,2023
4069,282,213,22,2023-07-15,3762.67,Paga,0,Sem Cobrança,2023-07-16,3762.67,Alto,,7,2023
4070,282,213,23,2023-08-14,3762.67,Paga,0,Sem Cobrança,2023-08-16,3762.67,Alto,,8,2023
4071,283,214,1,2021-05-27,3055.21,Paga,0,Sem Cobrança,2021-05-29,3055.21,Alto,,5,2021
4072,283,214,2,2021-06-26,3055.21,Paga,0,Sem Cobrança,2021-06-28,3055.21,Alto,,6,2021
4073,283,214,3,2021-07-26,3055.21,Paga,0,Sem Cobrança,2021-07-28,3055.21,Alto,,7,2021
4074,283,214,4,2021-08-25,3055.21,Paga,0,Sem Cobrança,2021-08-28,3055.21,Alto,,8,2021
4075,283,214,5,2021-09-24,3055.21,Paga,0,Sem Cobrança,2021-09-24,3055.21,Alto,,9,2021
4076,283,214,6,2021-10-24,3055.21,Paga,0,Sem Cobrança,2021-10-24,3055.21,Alto,,10,2021
4077,283,214,7,2021-11-23,3055.21,Paga,0,Sem Cobrança,2021-11-26,3055.21,Alto,,11,2021
4078,283,214,8,2021-12-23,3055.21,Paga,0,Sem Cobrança,2021-12-24,3055.21,Alto,,12,2021
4079,283,214,9,2022-01-22,3055.21,Paga,0,Sem Cobrança,2022-01-25,3055.21,Alto,,1,2022
4080,283,214,10,2022-02-21,3055.21,Pendente,3,SMS,,0.0,Alto,Equipe A,2,2022
4081,283,214,11,2022-03-23,3055.21,Paga,0,Sem Cobrança,2022-03-24,3055.21,Alto,,3,2022
4082,283,214,12,2022-04-22,3055.21,Paga,0,Email,2022-05-01,2860.18,Alto,Equipe B,4,2022
4083,283,214,13,2022-05-22,3055.21,Paga,0,Sem Cobrança,2022-05-23,3055.21,Alto,,5,2022
4084,283,214,14,2022-06-21,3055.21,Paga,0,Sem Cobrança,2022-06-21,3055.21,Alto,,6,2022
4085,283,214,15,2022-07-21,3055.21,Paga,0,Sem Cobrança,2022-07-22,3055.21,Alto,,7,2022
4086,283,214,16,2022-08-20,3055.21,Paga,0,Sem Cobrança,2022-08-21,3055.21,Alto,,8,2022
4087,283,214,17,2022-09-19,3055.21,Paga,0,Sem Cobrança,2022-09-20,3055.21,Alto,,9,2022
4088,283,214,18,2022-10-19,3055.21,Paga,0,Sem Cobrança,2022-10-22,3055.21,Alto,,10,2022
4089,283,214,19,2022-11-18,3055.21,Paga,0,Sem Cobrança,2022-11-18,3055.21,Alto,,11,2022
4090,283,214,20,2022-12-18,3055.21,Paga,0,Sem Cobrança,2022-12-19,3055.21,Alto,,12,2022
4091,283,214,21,2023-01-17,3055.21,Paga,0,Sem Cobrança,2023-01-18,3055.21,Alto,,1,2023
4092,284,215,1,2023-05-07,9304.91,Paga,0,Sem Cobrança,2023-05-09,9304.91,Alto,,5,2023
4093,284,215,2,2023-06-06,9304.91,Paga,0,Sem Cobrança,2023-06-07,9304.91,Alto,,6,2023
4094,284,215,3,2023-07-06,9304.91,Paga,0,Sem Cobrança,2023-07-07,9304.91,Alto,,7,2023
4095,284,215,4,2023-08-05,9304.91,Paga,0,Sem Cobrança,2023-08-07,9304.91,Alto,,8,2023
4096,284,215,5,2023-09-04,9304.91,Paga,0,Sem Cobrança,2023-09-04,9304.91,Alto,,9,2023
4097,284,215,6,2023-10-04,9304.91,Paga,0,Sem Cobrança,2023-10-07,9304.91,Alto,,10,2023
4098,284,215,7,2023-11-03,9304.91,Paga,0,Sem Cobrança,2023-11-06,9304.91,Alto,,11,2023
4099,284,215,8,2023-12-03,9304.91,Paga,0,Sem Cobrança,2023-12-06,9304.91,Alto,,12,2023
4100,284,215,9,2024-01-02,9304.91,Paga,0,Sem Cobrança,2024-01-02,9304.91,Alto,,1,2024
4101,284,215,10,2024-02-01,9304.91,Paga,0,Sem Cobrança,2024-02-03,9304.91,Alto,,2,2024
4102,284,215,11,2024-03-02,9304.91,Paga,0,Sem Cobrança,2024-03-05,9304.91,Alto,,3,2024
4103,284,215,12,2024-04-01,9304.91,Paga,0,Sem Cobrança,2024-04-01,9304.91,Alto,,4,2024
4104,284,215,13,2024-05-01,9304.91,Vencida,20,Ligação,,0.0,Médio,Terceirizado Sul,5,2024
4105,285,215,1,2023-07-30,2571.65,Vencida,14,Email,,0.0,Médio,Equipe B,7,2023
4106,285,215,2,2023-08-29,2571.65,Vencida,35,Cartório,,0.0,Médio,Terceirizado Norte,8,2023
4107,285,215,3,2023-09-28,2571.65,Paga,0,Sem Cobrança,2023-10-01,2571.65,Alto,,9,2023
4108,285,215,4,2023-10-28,2571.65,Paga,0,Sem Cobrança,2023-10-29,2571.65,Alto,,10,2023
4109,285,215,5,2023-11-27,2571.65,Paga,0,Sem Cobrança,2023-11-29,2571.65,Alto,,11,2023
4110,285,215,6,2023-12-27,2571.65,Pendente,1,SMS,,0.0,Médio,Terceirizado Sul,12,2023
4111,285,215,7,2024-01-26,2571.65,Paga,0,Sem Cobrança,2024-01-27,2571.65,Alto,,1,2024
4112,285,215,8,2024-02-25,2571.65,Vencida,9,Email,,0.0,Médio,Equipe B,2,2024
4113,285,215,9,2024-03-26,2571.65,Paga,0,Sem Cobrança,2024-03-29,2571.65,Alto,,3,2024
4114,285,215,10,2024-04-25,2571.65,Paga,0,Sem Cobrança,2024-04-25,2571.65,Alto,,4,2024
4115,285,215,11,2024-05-25,2571.65,Paga,0,Sem Cobrança,2024-05-26,2571.65,Alto,,5,2024
4116,285,215,12,2024-06-24,2571.65,Vencida,77,Jurídico,,0.0,Médio,Terceirizado Norte,6,2024
4117,285,215,13,2024-07-24,2571.65,Paga,0,Sem Cobrança,2024-07-27,2571.65,Alto,,7,2024
4118,285,215,14,2024-08-23,2571.65,Paga,0,Sem Cobrança,2024-08-26,2571.65,Alto,,8,2024
4119,285,215,15,2024-09-22,2571.65,Paga,0,Sem Cobrança,2024-09-23,2571.65,Alto,,9,2024
4120,285,215,16,2024-10-22,2571.65,Paga,0,Sem Cobrança,2024-10-24,2571.65,Alto,,10,2024
4121,285,215,17,2024-11-21,2571.65,Paga,0,Sem Cobrança,2024-11-23,2571.65,Alto,,11,2024
4122,285,215,18,2024-12-21,2571.65,Vencida,11,Email,,0.0,Médio,Equipe A,12,2024
4123,285,215,19,2025-01-20,2571.65,Paga,0,Sem Cobrança,2025-01-20,2571.65,Alto,,1,2025
4124,285,215,20,2025-02-19,2571.65,Paga,0,Sem Cobrança,2025-02-21,2571.65,Alto,,2,2025
4125,286,215,1,2023-08-17,7391.55,Renegociada,23,Ligação,2023-09-09,6443.95,Médio,Terceirizado Sul,8,2023
4126,286,215,2,2023-09-16,7391.55,Vencida,19,Ligação,,0.0,Médio,Equipe B,9,2023
4127,286,215,3,2023-10-16,7391.55,Paga,0,Sem Cobrança,2023-10-16,7391.55,Alto,,10,2023
4128,286,215,4,2023-11-15,7391.55,Vencida,47,Cartório,,0.0,Médio,Terceirizado Sul,11,2023
4129,286,215,5,2023-12-15,7391.55,Paga,0,Sem Cobrança,2023-12-15,7391.55,Alto,,12,2023
4130,286,215,6,2024-01-14,7391.55,Renegociada,40,Cartório,2024-02-23,7098.53,Médio,Terceirizado Sul,1,2024
4131,286,215,7,2024-02-13,7391.55,Renegociada,12,Email,2024-02-25,5184.98,Médio,Terceirizado Norte,2,2024
4132,286,215,8,2024-03-14,7391.55,Paga,0,Sem Cobrança,2024-03-14,7391.55,Alto,,3,2024
4133,286,215,9,2024-04-13,7391.55,Renegociada,13,Email,2024-04-26,7319.29,Médio,Equipe B,4,2024
4134,286,215,10,2024-05-13,7391.55,Vencida,11,Email,,0.0,Médio,Equipe A,5,2024
4135,286,215,11,2024-06-12,7391.55,Vencida,53,Cartório,,0.0,Médio,Terceirizado Norte,6,2024
4136,286,215,12,2024-07-12,7391.55,Renegociada,7,Email,2024-07-19,5429.46,Médio,Equipe A,7,2024
4137,286,215,13,2024-08-11,7391.55,Renegociada,24,Ligação,2024-09-04,7199.26,Médio,Equipe A,8,2024
4138,286,215,14,2024-09-10,7391.55,Vencida,8,Email,,0.0,Médio,Equipe C,9,2024
4139,286,215,15,2024-10-10,7391.55,Paga,0,Sem Cobrança,2024-10-13,7391.55,Alto,,10,2024
4140,287,216,1,2022-04-19,2002.3,Paga,0,Sem Cobrança,2022-04-20,2002.3,Alto,,4,2022
4141,287,216,2,2022-05-19,2002.3,Paga,0,Email,2022-06-01,1604.23,Alto,Terceirizado Sul,5,2022
4142,287,216,3,2022-06-18,2002.3,Vencida,43,Cartório,,0.0,Alto,Equipe C,6,2022
4143,287,216,4,2022-07-18,2002.3,Paga,0,Sem Cobrança,2022-07-18,2002.3,Alto,,7,2022
4144,287,216,5,2022-08-17,2002.3,Paga,0,Sem Cobrança,2022-08-19,2002.3,Alto,,8,2022
4145,287,216,6,2022-09-16,2002.3,Paga,0,Sem Cobrança,2022-09-16,2002.3,Alto,,9,2022
4146,287,216,7,2022-10-16,2002.3,Paga,0,Sem Cobrança,2022-10-19,2002.3,Alto,,10,2022
4147,287,216,8,2022-11-15,2002.3,Paga,0,Sem Cobrança,2022-11-16,2002.3,Alto,,11,2022
4148,287,216,9,2022-12-15,2002.3,Paga,0,Sem Cobrança,2022-12-15,2002.3,Alto,,12,2022
4149,287,216,10,2023-01-14,2002.3,Paga,0,Sem Cobrança,2023-01-16,2002.3,Alto,,1,2023
4150,287,216,11,2023-02-13,2002.3,Paga,0,Sem Cobrança,2023-02-14,2002.3,Alto,,2,2023
4151,287,216,12,2023-03-15,2002.3,Paga,0,Sem Cobrança,2023-03-18,2002.3,Alto,,3,2023
4152,287,216,13,2023-04-14,2002.3,Paga,0,Sem Cobrança,2023-04-15,2002.3,Alto,,4,2023
4153,289,218,1,2024-09-11,952.54,Paga,0,Sem Cobrança,2024-09-13,952.54,Alto,,9,2024
4154,289,218,2,2024-10-11,952.54,Paga,0,Sem Cobrança,2024-10-11,952.54,Alto,,10,2024
4155,289,218,3,2024-11-10,952.54,Paga,0,Sem Cobrança,2024-11-10,952.54,Alto,,11,2024
4156,289,218,4,2024-12-10,952.54,Paga,0,Sem Cobrança,2024-12-11,952.54,Alto,,12,2024
4157,289,218,5,2025-01-09,952.54,Paga,0,Sem Cobrança,2025-01-11,952.54,Alto,,1,2025
4158,289,218,6,2025-02-08,952.54,Vencida,9,Email,,0.0,Médio,Equipe A,2,2025
4159,289,218,7,2025-03-10,952.54,Paga,0,Sem Cobrança,2025-03-11,952.54,Alto,,3,2025
4160,289,218,8,2025-04-09,952.54,Paga,0,Sem Cobrança,2025-04-09,952.54,Alto,,4,2025
4161,289,218,9,2025-05-09,952.54,Vencida,41,Cartório,,0.0,Médio,Terceirizado Sul,5,2025
4162,289,218,10,2025-06-08,952.54,Paga,0,Sem Cobrança,2025-06-10,952.54,Alto,,6,2025
4163,289,218,11,2025-07-08,952.54,Paga,0,Sem Cobrança,2025-07-09,952.54,Alto,,7,2025
4164,289,218,12,2025-08-07,952.54,Paga,0,Sem Cobrança,2025-08-07,952.54,Alto,,8,2025
4165,289,218,13,2025-09-06,952.54,Paga,0,Sem Cobrança,2025-09-06,952.54,Alto,,9,2025
4166,289,218,14,2025-10-06,952.54,Paga,0,Sem Cobrança,2025-10-07,952.54,Alto,,10,2025
4167,289,218,15,2025-11-05,952.54,Pendente,1,SMS,,0.0,Médio,Terceirizado Norte,11,2025
4168,289,218,16,2025-12-05,952.54,Vencida,12,Email,,0.0,Médio,Terceirizado Sul,12,2025
4169,289,218,17,2026-01-04,952.54,Paga,0,Sem Cobrança,2026-01-04,952.54,Alto,,1,2026
4170,290,219,1,2020-05-23,3127.9,Paga,0,Sem Cobrança,2020-05-23,3127.9,Alto,,5,2020
4171,290,219,2,2020-06-22,3127.9,Paga,0,Sem Cobrança,2020-06-22,3127.9,Alto,,6,2020
4172,290,219,3,2020-07-22,3127.9,Paga,0,Sem Cobrança,2020-07-22,3127.9,Alto,,7,2020
4173,290,219,4,2020-08-21,3127.9,Paga,0,Sem Cobrança,2020-08-22,3127.9,Alto,,8,2020
4174,290,219,5,2020-09-20,3127.9,Vencida,31,Cartório,,0.0,Baixo,Equipe A,9,2020
4175,290,219,6,2020-10-20,3127.9,Paga,0,Sem Cobrança,2020-10-22,3127.9,Alto,,10,2020
4176,290,219,7,2020-11-19,3127.9,Paga,0,Sem Cobrança,2020-11-20,3127.9,Alto,,11,2020
4177,290,219,8,2020-12-19,3127.9,Paga,0,Sem Cobrança,2020-12-19,3127.9,Alto,,12,2020
4178,290,219,9,2021-01-18,3127.9,Vencida,8,Email,,0.0,Baixo,Equipe B,1,2021
4179,290,219,10,2021-02-17,3127.9,Vencida,102,Jurídico,,0.0,Baixo,Terceirizado Norte,2,2021
4180,290,219,11,2021-03-19,3127.9,Paga,0,Sem Cobrança,2021-03-22,3127.9,Alto,,3,2021
4181,291,220,1,2020-11-17,2161.71,Paga,0,Sem Cobrança,2020-11-19,2161.71,Alto,,11,2020
4182,291,220,2,2020-12-17,2161.71,Paga,0,Sem Cobrança,2020-12-19,2161.71,Alto,,12,2020
4183,291,220,3,2021-01-16,2161.71,Paga,0,Sem Cobrança,2021-01-18,2161.71,Alto,,1,2021
4184,291,220,4,2021-02-15,2161.71,Paga,0,Sem Cobrança,2021-02-18,2161.71,Alto,,2,2021
4185,291,220,5,2021-03-17,2161.71,Paga,0,Sem Cobrança,2021-03-18,2161.71,Alto,,3,2021
4186,291,220,6,2021-04-16,2161.71,Paga,0,Sem Cobrança,2021-04-16,2161.71,Alto,,4,2021
4187,291,220,7,2021-05-16,2161.71,Vencida,5,Email,,0.0,Médio,Equipe A,5,2021
4188,291,220,8,2021-06-15,2161.71,Vencida,14,Email,,0.0,Médio,Terceirizado Sul,6,2021
4189,291,220,9,2021-07-15,2161.71,Vencida,39,Cartório,,0.0,Médio,Terceirizado Norte,7,2021
4190,291,220,10,2021-08-14,2161.71,Paga,0,Sem Cobrança,2021-08-14,2161.71,Alto,,8,2021
4191,291,220,11,2021-09-13,2161.71,Paga,0,Sem Cobrança,2021-09-15,2161.71,Alto,,9,2021
4192,291,220,12,2021-10-13,2161.71,Paga,0,Sem Cobrança,2021-10-13,2161.71,Alto,,10,2021
4193,291,220,13,2021-11-12,2161.71,Paga,0,Sem Cobrança,2021-11-15,2161.71,Alto,,11,2021
4194,291,220,14,2021-12-12,2161.71,Paga,0,Sem Cobrança,2021-12-12,2161.71,Alto,,12,2021
4195,291,220,15,2022-01-11,2161.71,Paga,0,Sem Cobrança,2022-01-13,2161.71,Alto,,1,2022
4196,291,220,16,2022-02-10,2161.71,Paga,0,Sem Cobrança,2022-02-11,2161.71,Alto,,2,2022
4197,291,220,17,2022-03-12,2161.71,Paga,0,Sem Cobrança,2022-03-12,2161.71,Alto,,3,2022
4198,292,220,1,2021-08-24,4220.28,Paga,0,Sem Cobrança,2021-08-27,4220.28,Alto,,8,2021
4199,292,220,2,2021-09-23,4220.28,Vencida,16,Ligação,,0.0,Médio,Equipe A,9,2021
4200,292,220,3,2021-10-23,4220.28,Paga,0,Sem Cobrança,2021-10-26,4220.28,Alto,,10,2021
4201,292,220,4,2021-11-22,4220.28,Paga,0,Sem Cobrança,2021-11-24,4220.28,Alto,,11,2021
4202,292,220,5,2021-12-22,4220.28,Vencida,76,Jurídico,,0.0,Médio,Equipe C,12,2021
4203,292,220,6,2022-01-21,4220.28,Paga,0,Sem Cobrança,2022-01-23,4220.28,Alto,,1,2022
4204,292,220,7,2022-02-20,4220.28,Paga,0,Sem Cobrança,2022-02-21,4220.28,Alto,,2,2022
4205,292,220,8,2022-03-22,4220.28,Paga,0,Sem Cobrança,2022-03-23,4220.28,Alto,,3,2022
4206,292,220,9,2022-04-21,4220.28,Renegociada,40,Cartório,2022-05-31,3505.06,Médio,Equipe C,4,2022
4207,292,220,10,2022-05-21,4220.28,Paga,0,Sem Cobrança,2022-05-23,4220.28,Alto,,5,2022
4208,292,220,11,2022-06-20,4220.28,Paga,0,Sem Cobrança,2022-06-23,4220.28,Alto,,6,2022
4209,292,220,12,2022-07-20,4220.28,Paga,0,Sem Cobrança,2022-07-23,4220.28,Alto,,7,2022
4210,292,220,13,2022-08-19,4220.28,Renegociada,52,Cartório,2022-10-10,3206.1,Médio,Equipe B,8,2022
4211,292,220,14,2022-09-18,4220.28,Paga,0,Sem Cobrança,2022-09-19,4220.28,Alto,,9,2022
4212,292,220,15,2022-10-18,4220.28,Paga,0,Sem Cobrança,2022-10-21,4220.28,Alto,,10,2022
4213,292,220,16,2022-11-17,4220.28,Paga,0,Sem Cobrança,2022-11-20,4220.28,Alto,,11,2022
4214,293,221,1,2024-02-25,3921.36,Vencida,47,Cartório,,0.0,Médio,Equipe A,2,2024
4215,293,221,2,2024-03-26,3921.36,Pendente,4,SMS,,0.0,Médio,Terceirizado Norte,3,2024
4216,293,221,3,2024-04-25,3921.36,Renegociada,71,Jurídico,2024-07-05,3232.93,Médio,Equipe A,4,2024
4217,293,221,4,2024-05-25,3921.36,Vencida,27,Ligação,,0.0,Médio,Equipe A,5,2024
4218,293,221,5,2024-06-24,3921.36,Paga,0,Sem Cobrança,2024-06-24,3921.36,Alto,,6,2024
4219,293,221,6,2024-07-24,3921.36,Vencida,18,Ligação,,0.0,Médio,Equipe C,7,2024
4220,293,221,7,2024-08-23,3921.36,Renegociada,7,Email,2024-08-30,3022.53,Médio,Terceirizado Sul,8,2024
4221,293,221,8,2024-09-22,3921.36,Vencida,8,Email,,0.0,Médio,Equipe C,9,2024
4222,293,221,9,2024-10-22,3921.36,Vencida,28,Ligação,,0.0,Médio,Equipe A,10,2024
4223,293,221,10,2024-11-21,3921.36,Renegociada,43,Cartório,2025-01-03,3461.21,Médio,Equipe A,11,2024
4224,293,221,11,2024-12-21,3921.36,Paga,0,Sem Cobrança,2024-12-23,3921.36,Alto,,12,2024
4225,293,221,12,2025-01-20,3921.36,Paga,0,Sem Cobrança,2025-01-23,3921.36,Alto,,1,2025
4226,293,221,13,2025-02-19,3921.36,Paga,0,Sem Cobrança,2025-02-22,3921.36,Alto,,2,2025
4227,293,221,14,2025-03-21,3921.36,Paga,0,Sem Cobrança,2025-03-24,3921.36,Alto,,3,2025
4228,293,221,15,2025-04-20,3921.36,Paga,0,Sem Cobrança,2025-04-20,3921.36,Alto,,4,2025
4229,293,221,16,2025-05-20,3921.36,Vencida,13,Email,,0.0,Médio,Terceirizado Norte,5,2025
4230,293,221,17,2025-06-19,3921.36,Renegociada,14,Email,2025-07-03,3228.32,Médio,Terceirizado Norte,6,2025
4231,293,221,18,2025-07-19,3921.36,Paga,0,Sem Cobrança,2025-07-20,3921.36,Alto,,7,2025
4232,294,221,1,2024-05-27,3862.44,Paga,0,Sem Cobrança,2024-05-27,3862.44,Alto,,5,2024
4233,294,221,2,2024-06-26,3862.44,Paga,0,Sem Cobrança,2024-06-28,3862.44,Alto,,6,2024
4234,294,221,3,2024-07-26,3862.44,Pendente,4,SMS,,0.0,Médio,Terceirizado Norte,7,2024
4235,294,221,4,2024-08-25,3862.44,Vencida,7,Email,,0.0,Médio,Terceirizado Sul,8,2024
4236,294,221,5,2024-09-24,3862.44,Paga,0,Sem Cobrança,2024-09-24,3862.44,Alto,,9,2024
4237,294,221,6,2024-10-24,3862.44,Paga,0,Sem Cobrança,2024-10-27,3862.44,Alto,,10,2024
4238,294,221,7,2024-11-23,3862.44,Paga,0,Sem Cobrança,2024-11-23,3862.44,Alto,,11,2024
4239,294,221,8,2024-12-23,3862.44,Paga,0,Sem Cobrança,2024-12-25,3862.44,Alto,,12,2024
4240,294,221,9,2025-01-22,3862.44,Vencida,21,Ligação,,0.0,Médio,Equipe B,1,2025
4241,294,221,10,2025-02-21,3862.44,Vencida,19,Ligação,,0.0,Médio,Terceirizado Sul,2,2025
4242,294,221,11,2025-03-23,3862.44,Paga,0,Sem Cobrança,2025-03-23,3862.44,Alto,,3,2025
4243,294,221,12,2025-04-22,3862.44,Renegociada,72,Jurídico,2025-07-03,3474.68,Médio,Equipe A,4,2025
4244,295,221,1,2024-08-01,12949.65,Pendente,1,SMS,,0.0,Médio,Equipe A,8,2024
4245,295,221,2,2024-08-31,12949.65,Vencida,9,Email,,0.0,Médio,Terceirizado Sul,8,2024
4246,295,221,3,2024-09-30,12949.65,Paga,0,Sem Cobrança,2024-10-03,12949.65,Alto,,9,2024
4247,295,221,4,2024-10-30,12949.65,Paga,0,Sem Cobrança,2024-10-30,12949.65,Alto,,10,2024
4248,295,221,5,2024-11-29,12949.65,Renegociada,20,Ligação,2024-12-19,12313.62,Médio,Terceirizado Sul,11,2024
4249,295,221,6,2024-12-29,12949.65,Paga,0,Sem Cobrança,2024-12-31,12949.65,Alto,,12,2024
4250,295,221,7,2025-01-28,12949.65,Paga,0,Sem Cobrança,2025-01-28,12949.65,Alto,,1,2025
4251,295,221,8,2025-02-27,12949.65,Paga,0,Sem Cobrança,2025-02-27,12949.65,Alto,,2,2025
4252,295,221,9,2025-03-29,12949.65,Paga,0,Sem Cobrança,2025-04-01,12949.65,Alto,,3,2025
4253,295,221,10,2025-04-28,12949.65,Paga,0,Sem Cobrança,2025-04-30,12949.65,Alto,,4,2025
4254,295,221,11,2025-05-28,12949.65,Paga,0,Sem Cobrança,2025-05-29,12949.65,Alto,,5,2025
4255,295,221,12,2025-06-27,12949.65,Paga,0,Sem Cobrança,2025-06-30,12949.65,Alto,,6,2025
4256,295,221,13,2025-07-27,12949.65,Paga,0,Sem Cobrança,2025-07-29,12949.65,Alto,,7,2025
4257,295,221,14,2025-08-26,12949.65,Paga,0,Sem Cobrança,2025-08-27,12949.65,Alto,,8,2025
4258,297,222,1,2021-02-11,3109.4,Paga,0,Sem Cobrança,2021-02-13,3109.4,Alto,,2,2021
4259,297,222,2,2021-03-13,3109.4,Paga,0,Sem Cobrança,2021-03-13,3109.4,Alto,,3,2021
4260,297,222,3,2021-04-12,3109.4,Paga,0,Sem Cobrança,2021-04-12,3109.4,Alto,,4,2021
4261,297,222,4,2021-05-12,3109.4,Paga,0,Sem Cobrança,2021-05-14,3109.4,Alto,,5,2021
4262,297,222,5,2021-06-11,3109.4,Paga,0,Sem Cobrança,2021-06-14,3109.4,Alto,,6,2021
4263,297,222,6,2021-07-11,3109.4,Paga,0,Sem Cobrança,2021-07-14,3109.4,Alto,,7,2021
4264,297,222,7,2021-08-10,3109.4,Paga,0,Sem Cobrança,2021-08-11,3109.4,Alto,,8,2021
4265,297,222,8,2021-09-09,3109.4,Paga,0,Sem Cobrança,2021-09-12,3109.4,Alto,,9,2021
4266,297,222,9,2021-10-09,3109.4,Paga,0,Sem Cobrança,2021-10-11,3109.4,Alto,,10,2021
4267,297,222,10,2021-11-08,3109.4,Paga,0,Sem Cobrança,2021-11-08,3109.4,Alto,,11,2021
4268,297,222,11,2021-12-08,3109.4,Paga,0,Sem Cobrança,2021-12-08,3109.4,Alto,,12,2021
4269,297,222,12,2022-01-07,3109.4,Paga,0,Sem Cobrança,2022-01-10,3109.4,Alto,,1,2022
4270,297,222,13,2022-02-06,3109.4,Paga,0,Sem Cobrança,2022-02-08,3109.4,Alto,,2,2022
4271,297,222,14,2022-03-08,3109.4,Paga,0,Sem Cobrança,2022-03-11,3109.4,Alto,,3,2022
4272,297,222,15,2022-04-07,3109.4,Paga,0,Sem Cobrança,2022-04-08,3109.4,Alto,,4,2022
4273,297,222,16,2022-05-07,3109.4,Paga,0,Sem Cobrança,2022-05-10,3109.4,Alto,,5,2022
4274,297,222,17,2022-06-06,3109.4,Paga,0,Sem Cobrança,2022-06-09,3109.4,Alto,,6,2022
4275,297,222,18,2022-07-06,3109.4,Paga,0,Sem Cobrança,2022-07-06,3109.4,Alto,,7,2022
4276,297,222,19,2022-08-05,3109.4,Paga,0,Sem Cobrança,2022-08-07,3109.4,Alto,,8,2022
4277,297,222,20,2022-09-04,3109.4,Paga,0,Sem Cobrança,2022-09-04,3109.4,Alto,,9,2022
4278,297,222,21,2022-10-04,3109.4,Paga,0,Sem Cobrança,2022-10-04,3109.4,Alto,,10,2022
4279,297,222,22,2022-11-03,3109.4,Paga,0,Sem Cobrança,2022-11-06,3109.4,Alto,,11,2022
4280,297,222,23,2022-12-03,3109.4,Paga,0,Sem Cobrança,2022-12-06,3109.4,Alto,,12,2022
4281,297,222,24,2023-01-02,3109.4,Pendente,2,SMS,,0.0,Alto,Equipe B,1,2023
4282,298,223,1,2025-03-09,7082.62,Paga,0,Sem Cobrança,2025-03-10,7082.62,Alto,,3,2025
4283,298,223,2,2025-04-08,7082.62,Paga,0,Sem Cobrança,2025-04-11,7082.62,Alto,,4,2025
4284,298,223,3,2025-05-08,7082.62,Paga,0,Sem Cobrança,2025-05-11,7082.62,Alto,,5,2025
4285,298,223,4,2025-06-07,7082.62,Paga,0,Sem Cobrança,2025-06-10,7082.62,Alto,,6,2025
4286,298,223,5,2025-07-07,7082.62,Vencida,11,Email,,0.0,Médio,Terceirizado Norte,7,2025
4287,298,223,6,2025-08-06,7082.62,Paga,0,Sem Cobrança,2025-08-08,7082.62,Alto,,8,2025
4288,298,223,7,2025-09-05,7082.62,Paga,0,Sem Cobrança,2025-09-08,7082.62,Alto,,9,2025
4289,298,223,8,2025-10-05,7082.62,Paga,0,Sem Cobrança,2025-10-06,7082.62,Alto,,10,2025
4290,298,223,9,2025-11-04,7082.62,Paga,0,Sem Cobrança,2025-11-07,7082.62,Alto,,11,2025
4291,298,223,10,2025-12-04,7082.62,Vencida,19,Ligação,,0.0,Médio,Equipe A,12,2025
4292,298,223,11,2026-01-03,7082.62,Paga,0,Sem Cobrança,2026-01-04,7082.62,Alto,,1,2026
4293,298,223,12,2026-02-02,7082.62,Paga,0,Sem Cobrança,2026-02-02,7082.62,Alto,,2,2026
4294,298,223,13,2026-03-04,7082.62,Paga,0,Sem Cobrança,2026-03-05,7082.62,Alto,,3,2026
4295,298,223,14,2026-04-03,7082.62,Paga,0,Sem Cobrança,2026-04-05,7082.62,Alto,,4,2026
4296,298,223,15,2026-05-03,7082.62,Paga,0,Sem Cobrança,2026-05-04,7082.62,Alto,,5,2026
4297,298,223,16,2026-06-02,7082.62,Paga,0,Sem Cobrança,2026-06-05,7082.62,Alto,,6,2026
4298,298,223,17,2026-07-02,7082.62,Renegociada,15,Ligação,2026-07-17,7013.91,Médio,Equipe B,7,2026
4299,298,223,18,2026-08-01,7082.62,Vencida,22,Ligação,,0.0,Médio,Equipe B,8,2026
4300,299,224,1,2023-12-05,2068.48,Paga,0,Sem Cobrança,2023-12-06,2068.48,Alto,,12,2023
4301,299,224,2,2024-01-04,2068.48,Paga,0,Sem Cobrança,2024-01-07,2068.48,Alto,,1,2024
4302,299,224,3,2024-02-03,2068.48,Paga,0,Sem Cobrança,2024-02-06,2068.48,Alto,,2,2024
4303,299,224,4,2024-03-04,2068.48,Paga,0,Sem Cobrança,2024-03-04,2068.48,Alto,,3,2024
4304,299,224,5,2024-04-03,2068.48,Paga,0,Sem Cobrança,2024-04-03,2068.48,Alto,,4,2024
4305,299,224,6,2024-05-03,2068.48,Vencida,65,Jurídico,,0.0,Médio,Equipe A,5,2024
4306,299,224,7,2024-06-02,2068.48,Paga,0,Sem Cobrança,2024-06-03,2068.48,Alto,,6,2024
4307,300,224,1,2024-02-27,2510.84,Paga,0,Sem Cobrança,2024-02-28,2510.84,Alto,,2,2024
4308,300,224,2,2024-03-28,2510.84,Paga,0,Sem Cobrança,2024-03-29,2510.84,Alto,,3,2024
4309,300,224,3,2024-04-27,2510.84,Paga,0,Sem Cobrança,2024-04-27,2510.84,Alto,,4,2024
4310,300,224,4,2024-05-27,2510.84,Vencida,18,Ligação,,0.0,Médio,Equipe A,5,2024
4311,300,224,5,2024-06-26,2510.84,Renegociada,1,SMS,2024-06-27,1949.3,Médio,Terceirizado Sul,6,2024
4312,300,224,6,2024-07-26,2510.84,Paga,0,Sem Cobrança,2024-07-29,2510.84,Alto,,7,2024
4313,300,224,7,2024-08-25,2510.84,Renegociada,4,SMS,2024-08-29,1882.31,Médio,Equipe C,8,2024
4314,300,224,8,2024-09-24,2510.84,Paga,0,Sem Cobrança,2024-09-27,2510.84,Alto,,9,2024
4315,300,224,9,2024-10-24,2510.84,Renegociada,52,Cartório,2024-12-15,1997.03,Médio,Equipe A,10,2024
4316,300,224,10,2024-11-23,2510.84,Paga,0,Sem Cobrança,2024-11-25,2510.84,Alto,,11,2024
4317,300,224,11,2024-12-23,2510.84,Vencida,5,Email,,0.0,Médio,Equipe A,12,2024
4318,300,224,12,2025-01-22,2510.84,Paga,0,Sem Cobrança,2025-01-25,2510.84,Alto,,1,2025
4319,300,224,13,2025-02-21,2510.84,Paga,0,Sem Cobrança,2025-02-21,2510.84,Alto,,2,2025
4320,300,224,14,2025-03-23,2510.84,Paga,0,Sem Cobrança,2025-03-24,2510.84,Alto,,3,2025
4321,300,224,15,2025-04-22,2510.84,Paga,0,Sem Cobrança,2025-04-22,2510.84,Alto,,4,2025
4322,300,224,16,2025-05-22,2510.84,Paga,0,Sem Cobrança,2025-05-22,2510.84,Alto,,5,2025
4323,300,224,17,2025-06-21,2510.84,Paga,0,Sem Cobrança,2025-06-24,2510.84,Alto,,6,2025
4324,301,225,1,2021-01-15,1055.73,Vencida,32,Cartório,,0.0,Médio,Terceirizado Norte,1,2021
4325,301,225,2,2021-02-14,1055.73,Paga,0,Sem Cobrança,2021-02-14,1055.73,Alto,,2,2021
4326,301,225,3,2021-03-16,1055.73,Paga,0,Sem Cobrança,2021-03-18,1055.73,Alto,,3,2021
4327,301,225,4,2021-04-15,1055.73,Paga,0,Sem Cobrança,2021-04-18,1055.73,Alto,,4,2021
4328,301,225,5,2021-05-15,1055.73,Paga,0,Sem Cobrança,2021-05-17,1055.73,Alto,,5,2021
4329,301,225,6,2021-06-14,1055.73,Paga,0,Sem Cobrança,2021-06-15,1055.73,Alto,,6,2021
4330,301,225,7,2021-07-14,1055.73,Paga,0,Sem Cobrança,2021-07-17,1055.73,Alto,,7,2021
4331,301,225,8,2021-08-13,1055.73,Paga,0,Sem Cobrança,2021-08-16,1055.73,Alto,,8,2021
4332,301,225,9,2021-09-12,1055.73,Paga,0,Sem Cobrança,2021-09-15,1055.73,Alto,,9,2021
4333,301,225,10,2021-10-12,1055.73,Paga,0,Sem Cobrança,2021-10-12,1055.73,Alto,,10,2021
4334,301,225,11,2021-11-11,1055.73,Paga,0,Sem Cobrança,2021-11-13,1055.73,Alto,,11,2021
4335,301,225,12,2021-12-11,1055.73,Paga,0,Sem Cobrança,2021-12-11,1055.73,Alto,,12,2021
4336,301,225,13,2022-01-10,1055.73,Vencida,12,Email,,0.0,Médio,Equipe B,1,2022
4337,301,225,14,2022-02-09,1055.73,Vencida,9,Email,,0.0,Médio,Equipe C,2,2022
4338,301,225,15,2022-03-11,1055.73,Paga,0,Sem Cobrança,2022-03-14,1055.73,Alto,,3,2022
4339,301,225,16,2022-04-10,1055.73,Paga,0,Sem Cobrança,2022-04-10,1055.73,Alto,,4,2022
4340,301,225,17,2022-05-10,1055.73,Paga,0,Sem Cobrança,2022-05-10,1055.73,Alto,,5,2022
4341,301,225,18,2022-06-09,1055.73,Paga,0,Sem Cobrança,2022-06-12,1055.73,Alto,,6,2022
4342,301,225,19,2022-07-09,1055.73,Paga,0,Sem Cobrança,2022-07-09,1055.73,Alto,,7,2022
4343,301,225,20,2022-08-08,1055.73,Paga,0,Sem Cobrança,2022-08-11,1055.73,Alto,,8,2022
4344,301,225,21,2022-09-07,1055.73,Paga,0,Sem Cobrança,2022-09-09,1055.73,Alto,,9,2022
4345,301,225,22,2022-10-07,1055.73,Paga,0,Sem Cobrança,2022-10-08,1055.73,Alto,,10,2022
4346,301,225,23,2022-11-06,1055.73,Vencida,13,Email,,0.0,Médio,Terceirizado Sul,11,2022
4347,302,225,1,2020-08-09,7144.36,Paga,0,Sem Cobrança,2020-08-09,7144.36,Alto,,8,2020
4348,302,225,2,2020-09-08,7144.36,Vencida,13,Email,,0.0,Médio,Equipe C,9,2020
4349,302,225,3,2020-10-08,7144.36,Paga,0,Sem Cobrança,2020-10-10,7144.36,Alto,,10,2020
4350,302,225,4,2020-11-07,7144.36,Paga,0,Sem Cobrança,2020-11-09,7144.36,Alto,,11,2020
4351,302,225,5,2020-12-07,7144.36,Paga,0,Sem Cobrança,2020-12-09,7144.36,Alto,,12,2020
4352,302,225,6,2021-01-06,7144.36,Paga,0,Sem Cobrança,2021-01-09,7144.36,Alto,,1,2021
4353,302,225,7,2021-02-05,7144.36,Paga,0,Sem Cobrança,2021-02-07,7144.36,Alto,,2,2021
4354,303,226,1,2019-11-20,1662.14,Paga,0,Sem Cobrança,2019-11-23,1662.14,Alto,,11,2019
4355,303,226,2,2019-12-20,1662.14,Paga,0,Sem Cobrança,2019-12-20,1662.14,Alto,,12,2019
4356,303,226,3,2020-01-19,1662.14,Paga,0,Sem Cobrança,2020-01-22,1662.14,Alto,,1,2020
4357,303,226,4,2020-02-18,1662.14,Paga,0,Sem Cobrança,2020-02-18,1662.14,Alto,,2,2020
4358,303,226,5,2020-03-19,1662.14,Paga,0,Sem Cobrança,2020-03-21,1662.14,Alto,,3,2020
4359,303,226,6,2020-04-18,1662.14,Paga,0,Sem Cobrança,2020-04-20,1662.14,Alto,,4,2020
4360,303,226,7,2020-05-18,1662.14,Paga,0,Sem Cobrança,2020-05-21,1662.14,Alto,,5,2020
4361,303,226,8,2020-06-17,1662.14,Paga,0,Sem Cobrança,2020-06-17,1662.14,Alto,,6,2020
4362,303,226,9,2020-07-17,1662.14,Paga,0,Sem Cobrança,2020-07-19,1662.14,Alto,,7,2020
4363,303,226,10,2020-08-16,1662.14,Paga,0,Sem Cobrança,2020-08-17,1662.14,Alto,,8,2020
4364,303,226,11,2020-09-15,1662.14,Paga,0,Sem Cobrança,2020-09-15,1662.14,Alto,,9,2020
4365,303,226,12,2020-10-15,1662.14,Paga,0,Sem Cobrança,2020-10-16,1662.14,Alto,,10,2020
4366,303,226,13,2020-11-14,1662.14,Paga,0,Sem Cobrança,2020-11-16,1662.14,Alto,,11,2020
4367,303,226,14,2020-12-14,1662.14,Paga,0,Sem Cobrança,2020-12-17,1662.14,Alto,,12,2020
4368,303,226,15,2021-01-13,1662.14,Paga,0,Sem Cobrança,2021-01-14,1662.14,Alto,,1,2021
4369,303,226,16,2021-02-12,1662.14,Paga,0,Sem Cobrança,2021-02-13,1662.14,Alto,,2,2021
4370,303,226,17,2021-03-14,1662.14,Paga,0,Sem Cobrança,2021-03-16,1662.14,Alto,,3,2021
4371,303,226,18,2021-04-13,1662.14,Paga,0,Sem Cobrança,2021-04-13,1662.14,Alto,,4,2021
4372,303,226,19,2021-05-13,1662.14,Paga,0,Sem Cobrança,2021-05-15,1662.14,Alto,,5,2021
4373,303,226,20,2021-06-12,1662.14,Paga,0,Sem Cobrança,2021-06-14,1662.14,Alto,,6,2021
4374,303,226,21,2021-07-12,1662.14,Paga,0,Sem Cobrança,2021-07-12,1662.14,Alto,,7,2021
4375,303,226,22,2021-08-11,1662.14,Pendente,1,SMS,,0.0,Médio,Equipe B,8,2021
4376,303,226,23,2021-09-10,1662.14,Paga,0,Sem Cobrança,2021-09-11,1662.14,Alto,,9,2021
4377,304,227,1,2023-09-03,2363.72,Paga,0,Email,2023-09-09,2338.43,Alto,Terceirizado Norte,9,2023
4378,304,227,2,2023-10-03,2363.72,Paga,0,Sem Cobrança,2023-10-06,2363.72,Alto,,10,2023
4379,304,227,3,2023-11-02,2363.72,Vencida,50,Cartório,,0.0,Médio,Equipe A,11,2023
4380,304,227,4,2023-12-02,2363.72,Paga,0,Sem Cobrança,2023-12-02,2363.72,Alto,,12,2023
4381,304,227,5,2024-01-01,2363.72,Vencida,31,Cartório,,0.0,Alto,Equipe A,1,2024
4382,304,227,6,2024-01-31,2363.72,Paga,0,SMS,2024-02-01,2332.91,Alto,Terceirizado Sul,1,2024
4383,304,227,7,2024-03-01,2363.72,Paga,0,Sem Cobrança,2024-03-04,2363.72,Alto,,3,2024
4384,304,227,8,2024-03-31,2363.72,Paga,0,Sem Cobrança,2024-03-31,2363.72,Alto,,3,2024
4385,304,227,9,2024-04-30,2363.72,Paga,0,Sem Cobrança,2024-04-30,2363.72,Alto,,4,2024
4386,304,227,10,2024-05-30,2363.72,Vencida,13,Email,,0.0,Alto,Terceirizado Norte,5,2024
4387,304,227,11,2024-06-29,2363.72,Paga,0,Sem Cobrança,2024-06-30,2363.72,Alto,,6,2024
4388,304,227,12,2024-07-29,2363.72,Vencida,63,Jurídico,,0.0,Médio,Equipe C,7,2024
4389,304,227,13,2024-08-28,2363.72,Paga,0,Sem Cobrança,2024-08-28,2363.72,Alto,,8,2024
4390,304,227,14,2024-09-27,2363.72,Paga,0,Sem Cobrança,2024-09-29,2363.72,Alto,,9,2024
4391,304,227,15,2024-10-27,2363.72,Paga,0,Sem Cobrança,2024-10-30,2363.72,Alto,,10,2024
4392,305,227,1,2024-03-07,6296.91,Paga,0,Sem Cobrança,2024-03-10,6296.91,Alto,,3,2024
4393,305,227,2,2024-04-06,6296.91,Vencida,7,Email,,0.0,Alto,Equipe A,4,2024
4394,305,227,3,2024-05-06,6296.91,Paga,0,Sem Cobrança,2024-05-08,6296.91,Alto,,5,2024
4395,305,227,4,2024-06-05,6296.91,Paga,0,Sem Cobrança,2024-06-08,6296.91,Alto,,6,2024
4396,305,227,5,2024-07-05,6296.91,Paga,0,Sem Cobrança,2024-07-08,6296.91,Alto,,7,2024
4397,305,227,6,2024-08-04,6296.91,Paga,0,Sem Cobrança,2024-08-07,6296.91,Alto,,8,2024
4398,305,227,7,2024-09-03,6296.91,Paga,0,Sem Cobrança,2024-09-03,6296.91,Alto,,9,2024
4399,305,227,8,2024-10-03,6296.91,Paga,0,Sem Cobrança,2024-10-05,6296.91,Alto,,10,2024
4400,305,227,9,2024-11-02,6296.91,Paga,0,Sem Cobrança,2024-11-03,6296.91,Alto,,11,2024
4401,305,227,10,2024-12-02,6296.91,Paga,0,Sem Cobrança,2024-12-04,6296.91,Alto,,12,2024
4402,305,227,11,2025-01-01,6296.91,Paga,0,Sem Cobrança,2025-01-02,6296.91,Alto,,1,2025
4403,305,227,12,2025-01-31,6296.91,Paga,0,Sem Cobrança,2025-01-31,6296.91,Alto,,1,2025
4404,305,227,13,2025-03-02,6296.91,Paga,0,Sem Cobrança,2025-03-03,6296.91,Alto,,3,2025
4405,305,227,14,2025-04-01,6296.91,Paga,0,Sem Cobrança,2025-04-03,6296.91,Alto,,4,2025
4406,306,228,1,2023-12-08,1863.08,Paga,0,Sem Cobrança,2023-12-10,1863.08,Alto,,12,2023
4407,306,228,2,2024-01-07,1863.08,Vencida,9,Email,,0.0,Médio,Equipe C,1,2024
4408,306,228,3,2024-02-06,1863.08,Paga,0,Sem Cobrança,2024-02-08,1863.08,Alto,,2,2024
4409,306,228,4,2024-03-07,1863.08,Paga,0,Sem Cobrança,2024-03-09,1863.08,Alto,,3,2024
4410,306,228,5,2024-04-06,1863.08,Paga,0,Sem Cobrança,2024-04-07,1863.08,Alto,,4,2024
4411,306,228,6,2024-05-06,1863.08,Paga,0,Sem Cobrança,2024-05-06,1863.08,Alto,,5,2024
4412,306,228,7,2024-06-05,1863.08,Renegociada,1,SMS,2024-06-06,1702.63,Médio,Terceirizado Norte,6,2024
4413,306,228,8,2024-07-05,1863.08,Vencida,15,Ligação,,0.0,Médio,Terceirizado Norte,7,2024
4414,306,228,9,2024-08-04,1863.08,Paga,0,Sem Cobrança,2024-08-04,1863.08,Alto,,8,2024
4415,306,228,10,2024-09-03,1863.08,Paga,0,Sem Cobrança,2024-09-06,1863.08,Alto,,9,2024
4416,306,228,11,2024-10-03,1863.08,Paga,0,Sem Cobrança,2024-10-04,1863.08,Alto,,10,2024
4417,306,228,12,2024-11-02,1863.08,Paga,0,Sem Cobrança,2024-11-03,1863.08,Alto,,11,2024
4418,306,228,13,2024-12-02,1863.08,Paga,0,Sem Cobrança,2024-12-02,1863.08,Alto,,12,2024
4419,306,228,14,2025-01-01,1863.08,Pendente,4,SMS,,0.0,Médio,Equipe B,1,2025
4420,306,228,15,2025-01-31,1863.08,Paga,0,Sem Cobrança,2025-02-03,1863.08,Alto,,1,2025
4421,306,228,16,2025-03-02,1863.08,Paga,0,Sem Cobrança,2025-03-02,1863.08,Alto,,3,2025
4422,306,228,17,2025-04-01,1863.08,Paga,0,Sem Cobrança,2025-04-01,1863.08,Alto,,4,2025
4423,307,229,1,2022-08-06,2636.84,Paga,0,Sem Cobrança,2022-08-09,2636.84,Alto,,8,2022
4424,307,229,2,2022-09-05,2636.84,Paga,0,Sem Cobrança,2022-09-05,2636.84,Alto,,9,2022
4425,307,229,3,2022-10-05,2636.84,Paga,0,Sem Cobrança,2022-10-06,2636.84,Alto,,10,2022
4426,307,229,4,2022-11-04,2636.84,Vencida,12,Email,,0.0,Alto,Equipe B,11,2022
4427,307,229,5,2022-12-04,2636.84,Paga,0,Sem Cobrança,2022-12-05,2636.84,Alto,,12,2022
4428,307,229,6,2023-01-03,2636.84,Paga,0,Sem Cobrança,2023-01-04,2636.84,Alto,,1,2023
4429,307,229,7,2023-02-02,2636.84,Paga,0,Sem Cobrança,2023-02-03,2636.84,Alto,,2,2023
4430,307,229,8,2023-03-04,2636.84,Paga,0,Sem Cobrança,2023-03-04,2636.84,Alto,,3,2023
4431,308,230,1,2020-04-11,4270.06,Paga,0,Sem Cobrança,2020-04-11,4270.06,Alto,,4,2020
4432,308,230,2,2020-05-11,4270.06,Paga,0,Sem Cobrança,2020-05-14,4270.06,Alto,,5,2020
4433,308,230,3,2020-06-10,4270.06,Paga,0,Sem Cobrança,2020-06-12,4270.06,Alto,,6,2020
4434,308,230,4,2020-07-10,4270.06,Paga,0,Sem Cobrança,2020-07-10,4270.06,Alto,,7,2020
4435,308,230,5,2020-08-09,4270.06,Paga,0,Sem Cobrança,2020-08-11,4270.06,Alto,,8,2020
4436,308,230,6,2020-09-08,4270.06,Paga,0,Sem Cobrança,2020-09-10,4270.06,Alto,,9,2020
4437,308,230,7,2020-10-08,4270.06,Paga,0,Sem Cobrança,2020-10-10,4270.06,Alto,,10,2020
4438,309,231,1,2021-04-11,3931.68,Paga,0,Sem Cobrança,2021-04-11,3931.68,Alto,,4,2021
4439,309,231,2,2021-05-11,3931.68,Paga,0,Sem Cobrança,2021-05-12,3931.68,Alto,,5,2021
4440,309,231,3,2021-06-10,3931.68,Paga,0,Sem Cobrança,2021-06-12,3931.68,Alto,,6,2021
4441,309,231,4,2021-07-10,3931.68,Paga,0,Sem Cobrança,2021-07-13,3931.68,Alto,,7,2021
4442,309,231,5,2021-08-09,3931.68,Paga,0,Sem Cobrança,2021-08-10,3931.68,Alto,,8,2021
4443,309,231,6,2021-09-08,3931.68,Paga,0,Sem Cobrança,2021-09-08,3931.68,Alto,,9,2021
4444,309,231,7,2021-10-08,3931.68,Vencida,9,Email,,0.0,Médio,Equipe C,10,2021
4445,309,231,8,2021-11-07,3931.68,Paga,0,Sem Cobrança,2021-11-07,3931.68,Alto,,11,2021
4446,309,231,9,2021-12-07,3931.68,Vencida,19,Ligação,,0.0,Médio,Equipe C,12,2021
4447,309,231,10,2022-01-06,3931.68,Paga,0,Sem Cobrança,2022-01-09,3931.68,Alto,,1,2022
4448,309,231,11,2022-02-05,3931.68,Paga,0,Sem Cobrança,2022-02-08,3931.68,Alto,,2,2022
4449,309,231,12,2022-03-07,3931.68,Paga,0,Sem Cobrança,2022-03-08,3931.68,Alto,,3,2022
4450,309,231,13,2022-04-06,3931.68,Paga,0,Sem Cobrança,2022-04-06,3931.68,Alto,,4,2022
4451,309,231,14,2022-05-06,3931.68,Paga,0,Sem Cobrança,2022-05-08,3931.68,Alto,,5,2022
4452,310,231,1,2020-06-21,1125.37,Paga,0,Sem Cobrança,2020-06-22,1125.37,Alto,,6,2020
4453,310,231,2,2020-07-21,1125.37,Paga,0,Sem Cobrança,2020-07-21,1125.37,Alto,,7,2020
4454,310,231,3,2020-08-20,1125.37,Paga,0,Sem Cobrança,2020-08-23,1125.37,Alto,,8,2020
4455,310,231,4,2020-09-19,1125.37,Paga,0,Sem Cobrança,2020-09-21,1125.37,Alto,,9,2020
4456,310,231,5,2020-10-19,1125.37,Paga,0,Sem Cobrança,2020-10-19,1125.37,Alto,,10,2020
4457,310,231,6,2020-11-18,1125.37,Paga,0,Sem Cobrança,2020-11-21,1125.37,Alto,,11,2020
4458,310,231,7,2020-12-18,1125.37,Paga,0,Sem Cobrança,2020-12-19,1125.37,Alto,,12,2020
4459,310,231,8,2021-01-17,1125.37,Paga,0,Sem Cobrança,2021-01-18,1125.37,Alto,,1,2021
4460,310,231,9,2021-02-16,1125.37,Paga,0,Sem Cobrança,2021-02-17,1125.37,Alto,,2,2021
4461,310,231,10,2021-03-18,1125.37,Paga,0,Sem Cobrança,2021-03-19,1125.37,Alto,,3,2021
4462,310,231,11,2021-04-17,1125.37,Paga,0,Sem Cobrança,2021-04-18,1125.37,Alto,,4,2021
4463,310,231,12,2021-05-17,1125.37,Paga,0,Sem Cobrança,2021-05-17,1125.37,Alto,,5,2021
4464,310,231,13,2021-06-16,1125.37,Vencida,54,Cartório,,0.0,Médio,Terceirizado Sul,6,2021
4465,310,231,14,2021-07-16,1125.37,Paga,0,Sem Cobrança,2021-07-19,1125.37,Alto,,7,2021
4466,310,231,15,2021-08-15,1125.37,Paga,0,Sem Cobrança,2021-08-16,1125.37,Alto,,8,2021
4467,310,231,16,2021-09-14,1125.37,Paga,0,Sem Cobrança,2021-09-15,1125.37,Alto,,9,2021
4468,310,231,17,2021-10-14,1125.37,Paga,0,Sem Cobrança,2021-10-14,1125.37,Alto,,10,2021
4469,310,231,18,2021-11-13,1125.37,Paga,0,Sem Cobrança,2021-11-14,1125.37,Alto,,11,2021
4470,310,231,19,2021-12-13,1125.37,Vencida,52,Cartório,,0.0,Médio,Equipe A,12,2021
4471,310,231,20,2022-01-12,1125.37,Renegociada,43,Cartório,2022-02-24,809.04,Médio,Terceirizado Sul,1,2022
4472,310,231,21,2022-02-11,1125.37,Paga,0,Sem Cobrança,2022-02-14,1125.37,Alto,,2,2022
4473,311,231,1,2021-03-04,3416.45,Pendente,2,SMS,,0.0,Médio,Terceirizado Sul,3,2021
4474,311,231,2,2021-04-03,3416.45,Paga,0,Sem Cobrança,2021-04-06,3416.45,Alto,,4,2021
4475,311,231,3,2021-05-03,3416.45,Paga,0,Sem Cobrança,2021-05-03,3416.45,Alto,,5,2021
4476,311,231,4,2021-06-02,3416.45,Renegociada,62,Jurídico,2021-08-03,2773.48,Médio,Equipe A,6,2021
4477,311,231,5,2021-07-02,3416.45,Paga,0,Sem Cobrança,2021-07-03,3416.45,Alto,,7,2021
4478,311,231,6,2021-08-01,3416.45,Paga,0,Sem Cobrança,2021-08-03,3416.45,Alto,,8,2021
4479,311,231,7,2021-08-31,3416.45,Paga,0,Sem Cobrança,2021-09-01,3416.45,Alto,,8,2021
4480,311,231,8,2021-09-30,3416.45,Paga,0,Sem Cobrança,2021-09-30,3416.45,Alto,,9,2021
4481,311,231,9,2021-10-30,3416.45,Paga,0,Sem Cobrança,2021-10-30,3416.45,Alto,,10,2021
4482,311,231,10,2021-11-29,3416.45,Paga,0,Sem Cobrança,2021-12-01,3416.45,Alto,,11,2021
4483,311,231,11,2021-12-29,3416.45,Paga,0,Sem Cobrança,2021-12-30,3416.45,Alto,,12,2021
4484,311,231,12,2022-01-28,3416.45,Vencida,29,Ligação,,0.0,Médio,Terceirizado Sul,1,2022
4485,311,231,13,2022-02-27,3416.45,Paga,0,Sem Cobrança,2022-02-27,3416.45,Alto,,2,2022
4486,311,231,14,2022-03-29,3416.45,Vencida,40,Cartório,,0.0,Médio,Equipe A,3,2022
4487,311,231,15,2022-04-28,3416.45,Paga,0,Sem Cobrança,2022-05-01,3416.45,Alto,,4,2022
4488,311,231,16,2022-05-28,3416.45,Paga,0,Sem Cobrança,2022-05-28,3416.45,Alto,,5,2022
4489,311,231,17,2022-06-27,3416.45,Paga,0,Sem Cobrança,2022-06-29,3416.45,Alto,,6,2022
4490,311,231,18,2022-07-27,3416.45,Paga,0,Sem Cobrança,2022-07-30,3416.45,Alto,,7,2022
4491,312,232,1,2025-11-24,795.97,Paga,0,Sem Cobrança,2025-11-26,795.97,Alto,,11,2025
4492,312,232,2,2025-12-24,795.97,Paga,0,Email,2026-01-02,789.39,Alto,Terceirizado Norte,12,2025
4493,312,232,3,2026-01-23,795.97,Paga,0,Sem Cobrança,2026-01-23,795.97,Alto,,1,2026
4494,312,232,4,2026-02-22,795.97,Paga,0,SMS,2026-02-24,645.76,Alto,Equipe A,2,2026
4495,312,232,5,2026-03-24,795.97,Paga,0,Sem Cobrança,2026-03-25,795.97,Alto,,3,2026
4496,312,232,6,2026-04-23,795.97,Paga,0,Sem Cobrança,2026-04-23,795.97,Alto,,4,2026
4497,312,232,7,2026-05-23,795.97,Paga,0,Sem Cobrança,2026-05-25,795.97,Alto,,5,2026
4498,312,232,8,2026-06-22,795.97,Paga,0,Sem Cobrança,2026-06-24,795.97,Alto,,6,2026
4499,312,232,9,2026-07-22,795.97,Paga,0,Sem Cobrança,2026-07-25,795.97,Alto,,7,2026
4500,313,233,1,2020-05-10,1175.03,Paga,0,Sem Cobrança,2020-05-10,1175.03,Alto,,5,2020
4501,313,233,2,2020-06-09,1175.03,Paga,0,Sem Cobrança,2020-06-10,1175.03,Alto,,6,2020
4502,313,233,3,2020-07-09,1175.03,Paga,0,Sem Cobrança,2020-07-10,1175.03,Alto,,7,2020
4503,313,233,4,2020-08-08,1175.03,Paga,0,Sem Cobrança,2020-08-09,1175.03,Alto,,8,2020
4504,313,233,5,2020-09-07,1175.03,Paga,0,Sem Cobrança,2020-09-10,1175.03,Alto,,9,2020
4505,313,233,6,2020-10-07,1175.03,Vencida,12,Email,,0.0,Médio,Terceirizado Sul,10,2020
4506,313,233,7,2020-11-06,1175.03,Paga,0,Sem Cobrança,2020-11-09,1175.03,Alto,,11,2020
4507,314,234,1,2020-10-09,4979.89,Paga,0,Sem Cobrança,2020-10-09,4979.89,Alto,,10,2020
4508,314,234,2,2020-11-08,4979.89,Paga,0,Sem Cobrança,2020-11-11,4979.89,Alto,,11,2020
4509,314,234,3,2020-12-08,4979.89,Paga,0,Sem Cobrança,2020-12-08,4979.89,Alto,,12,2020
4510,314,234,4,2021-01-07,4979.89,Paga,0,Sem Cobrança,2021-01-09,4979.89,Alto,,1,2021
4511,314,234,5,2021-02-06,4979.89,Paga,0,Sem Cobrança,2021-02-09,4979.89,Alto,,2,2021
4512,314,234,6,2021-03-08,4979.89,Renegociada,19,Ligação,2021-03-27,4164.89,Médio,Terceirizado Norte,3,2021
4513,314,234,7,2021-04-07,4979.89,Renegociada,12,Email,2021-04-19,4895.13,Médio,Equipe B,4,2021
4514,314,234,8,2021-05-07,4979.89,Paga,0,Sem Cobrança,2021-05-09,4979.89,Alto,,5,2021
4515,314,234,9,2021-06-06,4979.89,Paga,0,Sem Cobrança,2021-06-07,4979.89,Alto,,6,2021
4516,314,234,10,2021-07-06,4979.89,Paga,0,Sem Cobrança,2021-07-08,4979.89,Alto,,7,2021
4517,314,234,11,2021-08-05,4979.89,Paga,0,Sem Cobrança,2021-08-05,4979.89,Alto,,8,2021
4518,314,234,12,2021-09-04,4979.89,Paga,0,Sem Cobrança,2021-09-06,4979.89,Alto,,9,2021
4519,314,234,13,2021-10-04,4979.89,Paga,0,Sem Cobrança,2021-10-04,4979.89,Alto,,10,2021
4520,314,234,14,2021-11-03,4979.89,Paga,0,Sem Cobrança,2021-11-05,4979.89,Alto,,11,2021
4521,314,234,15,2021-12-03,4979.89,Paga,0,Sem Cobrança,2021-12-05,4979.89,Alto,,12,2021
4522,314,234,16,2022-01-02,4979.89,Paga,0,Sem Cobrança,2022-01-02,4979.89,Alto,,1,2022
4523,314,234,17,2022-02-01,4979.89,Paga,0,Sem Cobrança,2022-02-04,4979.89,Alto,,2,2022
4524,314,234,18,2022-03-03,4979.89,Paga,0,Sem Cobrança,2022-03-03,4979.89,Alto,,3,2022
4525,314,234,19,2022-04-02,4979.89,Paga,0,Sem Cobrança,2022-04-03,4979.89,Alto,,4,2022
4526,314,234,20,2022-05-02,4979.89,Paga,0,Sem Cobrança,2022-05-05,4979.89,Alto,,5,2022
4527,314,234,21,2022-06-01,4979.89,Paga,0,Sem Cobrança,2022-06-01,4979.89,Alto,,6,2022
4528,314,234,22,2022-07-01,4979.89,Vencida,9,Email,,0.0,Médio,Terceirizado Sul,7,2022
4529,314,234,23,2022-07-31,4979.89,Vencida,59,Cartório,,0.0,Médio,Terceirizado Norte,7,2022
4530,315,234,1,2021-06-11,1028.08,Paga,0,Sem Cobrança,2021-06-12,1028.08,Alto,,6,2021
4531,315,234,2,2021-07-11,1028.08,Vencida,12,Email,,0.0,Médio,Terceirizado Sul,7,2021
4532,315,234,3,2021-08-10,1028.08,Paga,0,Sem Cobrança,2021-08-13,1028.08,Alto,,8,2021
4533,315,234,4,2021-09-09,1028.08,Vencida,8,Email,,0.0,Médio,Equipe C,9,2021
4534,315,234,5,2021-10-09,1028.08,Paga,0,Sem Cobrança,2021-10-11,1028.08,Alto,,10,2021
4535,315,234,6,2021-11-08,1028.08,Paga,0,Sem Cobrança,2021-11-09,1028.08,Alto,,11,2021
4536,315,234,7,2021-12-08,1028.08,Vencida,14,Email,,0.0,Médio,Equipe C,12,2021
4537,315,234,8,2022-01-07,1028.08,Paga,0,Sem Cobrança,2022-01-07,1028.08,Alto,,1,2022
4538,315,234,9,2022-02-06,1028.08,Paga,0,Sem Cobrança,2022-02-07,1028.08,Alto,,2,2022
4539,315,234,10,2022-03-08,1028.08,Renegociada,13,Email,2022-03-21,987.87,Médio,Terceirizado Norte,3,2022
4540,316,235,1,2022-01-20,4012.16,Paga,0,Sem Cobrança,2022-01-20,4012.16,Alto,,1,2022
4541,316,235,2,2022-02-19,4012.16,Paga,0,Sem Cobrança,2022-02-19,4012.16,Alto,,2,2022
4542,316,235,3,2022-03-21,4012.16,Vencida,22,Ligação,,0.0,Alto,Equipe C,3,2022
4543,316,235,4,2022-04-20,4012.16,Paga,0,Sem Cobrança,2022-04-20,4012.16,Alto,,4,2022
4544,316,235,5,2022-05-20,4012.16,Paga,0,Sem Cobrança,2022-05-21,4012.16,Alto,,5,2022
4545,316,235,6,2022-06-19,4012.16,Paga,0,Sem Cobrança,2022-06-21,4012.16,Alto,,6,2022
4546,317,236,1,2023-05-01,890.85,Paga,0,Sem Cobrança,2023-05-02,890.85,Alto,,5,2023
4547,317,236,2,2023-05-31,890.85,Paga,0,Sem Cobrança,2023-06-02,890.85,Alto,,5,2023
4548,317,236,3,2023-06-30,890.85,Paga,0,Sem Cobrança,2023-07-02,890.85,Alto,,6,2023
4549,317,236,4,2023-07-30,890.85,Vencida,60,Jurídico,,0.0,Médio,Terceirizado Sul,7,2023
4550,317,236,5,2023-08-29,890.85,Paga,0,Sem Cobrança,2023-08-31,890.85,Alto,,8,2023
4551,317,236,6,2023-09-28,890.85,Paga,0,Sem Cobrança,2023-09-29,890.85,Alto,,9,2023
4552,317,236,7,2023-10-28,890.85,Renegociada,1,SMS,2023-10-29,875.24,Médio,Terceirizado Sul,10,2023
4553,317,236,8,2023-11-27,890.85,Paga,0,Sem Cobrança,2023-11-29,890.85,Alto,,11,2023
4554,317,236,9,2023-12-27,890.85,Vencida,67,Jurídico,,0.0,Médio,Terceirizado Sul,12,2023
4555,317,236,10,2024-01-26,890.85,Paga,0,Sem Cobrança,2024-01-26,890.85,Alto,,1,2024
4556,317,236,11,2024-02-25,890.85,Vencida,13,Email,,0.0,Médio,Terceirizado Sul,2,2024
4557,317,236,12,2024-03-26,890.85,Paga,0,Sem Cobrança,2024-03-29,890.85,Alto,,3,2024
4558,317,236,13,2024-04-25,890.85,Paga,0,Sem Cobrança,2024-04-25,890.85,Alto,,4,2024
4559,317,236,14,2024-05-25,890.85,Paga,0,Sem Cobrança,2024-05-25,890.85,Alto,,5,2024
4560,317,236,15,2024-06-24,890.85,Paga,0,Sem Cobrança,2024-06-27,890.85,Alto,,6,2024
4561,317,236,16,2024-07-24,890.85,Pendente,3,SMS,,0.0,Médio,Equipe B,7,2024
4562,317,236,17,2024-08-23,890.85,Paga,0,Sem Cobrança,2024-08-26,890.85,Alto,,8,2024
4563,317,236,18,2024-09-22,890.85,Renegociada,14,Email,2024-10-06,632.37,Médio,Equipe A,9,2024
4564,317,236,19,2024-10-22,890.85,Paga,0,Sem Cobrança,2024-10-24,890.85,Alto,,10,2024
4565,317,236,20,2024-11-21,890.85,Paga,0,Sem Cobrança,2024-11-21,890.85,Alto,,11,2024
4566,317,236,21,2024-12-21,890.85,Paga,0,Sem Cobrança,2024-12-23,890.85,Alto,,12,2024
4567,318,237,1,2025-05-19,2381.66,Paga,0,Sem Cobrança,2025-05-21,2381.66,Alto,,5,2025
4568,318,237,2,2025-06-18,2381.66,Paga,0,Sem Cobrança,2025-06-20,2381.66,Alto,,6,2025
4569,318,237,3,2025-07-18,2381.66,Paga,0,Sem Cobrança,2025-07-19,2381.66,Alto,,7,2025
4570,318,237,4,2025-08-17,2381.66,Paga,0,Sem Cobrança,2025-08-18,2381.66,Alto,,8,2025
4571,318,237,5,2025-09-16,2381.66,Paga,0,Sem Cobrança,2025-09-19,2381.66,Alto,,9,2025
4572,318,237,6,2025-10-16,2381.66,Paga,0,Sem Cobrança,2025-10-17,2381.66,Alto,,10,2025
4573,318,237,7,2025-11-15,2381.66,Paga,0,Sem Cobrança,2025-11-18,2381.66,Alto,,11,2025
4574,318,237,8,2025-12-15,2381.66,Paga,0,Sem Cobrança,2025-12-17,2381.66,Alto,,12,2025
4575,319,238,1,2022-01-06,3181.46,Paga,0,Sem Cobrança,2022-01-06,3181.46,Alto,,1,2022
4576,319,238,2,2022-02-05,3181.46,Paga,0,Sem Cobrança,2022-02-05,3181.46,Alto,,2,2022
4577,319,238,3,2022-03-07,3181.46,Paga,0,Sem Cobrança,2022-03-08,3181.46,Alto,,3,2022
4578,319,238,4,2022-04-06,3181.46,Paga,0,Sem Cobrança,2022-04-07,3181.46,Alto,,4,2022
4579,319,238,5,2022-05-06,3181.46,Paga,0,Sem Cobrança,2022-05-06,3181.46,Alto,,5,2022
4580,319,238,6,2022-06-05,3181.46,Paga,0,Sem Cobrança,2022-06-05,3181.46,Alto,,6,2022
4581,319,238,7,2022-07-05,3181.46,Renegociada,27,Ligação,2022-08-01,2966.41,Médio,Terceirizado Sul,7,2022
4582,319,238,8,2022-08-04,3181.46,Paga,0,Sem Cobrança,2022-08-05,3181.46,Alto,,8,2022
4583,319,238,9,2022-09-03,3181.46,Renegociada,2,SMS,2022-09-05,3068.5,Médio,Equipe C,9,2022
4584,319,238,10,2022-10-03,3181.46,Paga,0,Sem Cobrança,2022-10-04,3181.46,Alto,,10,2022
4585,319,238,11,2022-11-02,3181.46,Paga,0,Sem Cobrança,2022-11-03,3181.46,Alto,,11,2022
4586,319,238,12,2022-12-02,3181.46,Paga,0,Sem Cobrança,2022-12-02,3181.46,Alto,,12,2022
4587,319,238,13,2023-01-01,3181.46,Paga,0,Sem Cobrança,2023-01-03,3181.46,Alto,,1,2023
4588,319,238,14,2023-01-31,3181.46,Paga,0,Sem Cobrança,2023-02-03,3181.46,Alto,,1,2023
4589,320,239,1,2024-08-10,6680.43,Paga,0,Sem Cobrança,2024-08-13,6680.43,Alto,,8,2024
4590,320,239,2,2024-09-09,6680.43,Paga,0,Sem Cobrança,2024-09-10,6680.43,Alto,,9,2024
4591,320,239,3,2024-10-09,6680.43,Paga,0,Sem Cobrança,2024-10-11,6680.43,Alto,,10,2024
4592,320,239,4,2024-11-08,6680.43,Paga,0,Sem Cobrança,2024-11-09,6680.43,Alto,,11,2024
4593,320,239,5,2024-12-08,6680.43,Paga,0,Sem Cobrança,2024-12-09,6680.43,Alto,,12,2024
4594,320,239,6,2025-01-07,6680.43,Paga,0,Sem Cobrança,2025-01-08,6680.43,Alto,,1,2025
4595,320,239,7,2025-02-06,6680.43,Paga,0,Sem Cobrança,2025-02-08,6680.43,Alto,,2,2025
4596,321,240,1,2025-01-30,5765.88,Paga,0,Sem Cobrança,2025-01-30,5765.88,Alto,,1,2025
4597,321,240,2,2025-03-01,5765.88,Paga,0,Sem Cobrança,2025-03-01,5765.88,Alto,,3,2025
4598,321,240,3,2025-03-31,5765.88,Paga,0,Sem Cobrança,2025-04-03,5765.88,Alto,,3,2025
4599,321,240,4,2025-04-30,5765.88,Paga,0,Sem Cobrança,2025-04-30,5765.88,Alto,,4,2025
4600,321,240,5,2025-05-30,5765.88,Paga,0,Sem Cobrança,2025-06-02,5765.88,Alto,,5,2025
4601,321,240,6,2025-06-29,5765.88,Paga,0,Sem Cobrança,2025-07-01,5765.88,Alto,,6,2025
4602,321,240,7,2025-07-29,5765.88,Paga,0,Sem Cobrança,2025-08-01,5765.88,Alto,,7,2025
4603,321,240,8,2025-08-28,5765.88,Paga,0,Sem Cobrança,2025-08-29,5765.88,Alto,,8,2025
4604,321,240,9,2025-09-27,5765.88,Paga,0,Sem Cobrança,2025-09-27,5765.88,Alto,,9,2025
4605,321,240,10,2025-10-27,5765.88,Paga,0,Sem Cobrança,2025-10-29,5765.88,Alto,,10,2025
4606,321,240,11,2025-11-26,5765.88,Paga,0,Sem Cobrança,2025-11-28,5765.88,Alto,,11,2025
4607,321,240,12,2025-12-26,5765.88,Paga,0,Sem Cobrança,2025-12-29,5765.88,Alto,,12,2025
4608,321,240,13,2026-01-25,5765.88,Paga,0,Sem Cobrança,2026-01-27,5765.88,Alto,,1,2026
4609,321,240,14,2026-02-24,5765.88,Paga,0,Sem Cobrança,2026-02-24,5765.88,Alto,,2,2026
4610,321,240,15,2026-03-26,5765.88,Paga,0,Sem Cobrança,2026-03-26,5765.88,Alto,,3,2026
4611,321,240,16,2026-04-25,5765.88,Paga,0,Sem Cobrança,2026-04-25,5765.88,Alto,,4,2026
4612,321,240,17,2026-05-25,5765.88,Paga,0,Sem Cobrança,2026-05-28,5765.88,Alto,,5,2026
4613,321,240,18,2026-06-24,5765.88,Paga,0,Sem Cobrança,2026-06-24,5765.88,Alto,,6,2026
4614,322,241,1,2025-07-12,994.88,Paga,0,Sem Cobrança,2025-07-14,994.88,Alto,,7,2025
4615,322,241,2,2025-08-11,994.88,Paga,0,Sem Cobrança,2025-08-14,994.88,Alto,,8,2025
4616,322,241,3,2025-09-10,994.88,Paga,0,Sem Cobrança,2025-09-10,994.88,Alto,,9,2025
4617,322,241,4,2025-10-10,994.88,Paga,0,Sem Cobrança,2025-10-11,994.88,Alto,,10,2025
4618,322,241,5,2025-11-09,994.88,Vencida,93,Jurídico,,0.0,Baixo,Equipe C,11,2025
4619,322,241,6,2025-12-09,994.88,Paga,0,Sem Cobrança,2025-12-11,994.88,Alto,,12,2025
4620,322,241,7,2026-01-08,994.88,Paga,0,Sem Cobrança,2026-01-10,994.88,Alto,,1,2026
4621,322,241,8,2026-02-07,994.88,Paga,0,Sem Cobrança,2026-02-07,994.88,Alto,,2,2026
4622,322,241,9,2026-03-09,994.88,Paga,0,Sem Cobrança,2026-03-09,994.88,Alto,,3,2026
4623,322,241,10,2026-04-08,994.88,Paga,0,Sem Cobrança,2026-04-09,994.88,Alto,,4,2026
4624,323,242,1,2024-07-23,6947.79,Paga,0,Sem Cobrança,2024-07-25,6947.79,Alto,,7,2024
4625,323,242,2,2024-08-22,6947.79,Paga,0,Sem Cobrança,2024-08-24,6947.79,Alto,,8,2024
4626,323,242,3,2024-09-21,6947.79,Paga,0,Sem Cobrança,2024-09-21,6947.79,Alto,,9,2024
4627,323,242,4,2024-10-21,6947.79,Pendente,3,SMS,,0.0,Alto,Equipe A,10,2024
4628,323,242,5,2024-11-20,6947.79,Renegociada,54,Cartório,2025-01-13,6363.08,Médio,Equipe B,11,2024
4629,323,242,6,2024-12-20,6947.79,Paga,0,Sem Cobrança,2024-12-22,6947.79,Alto,,12,2024
4630,323,242,7,2025-01-19,6947.79,Paga,0,Sem Cobrança,2025-01-21,6947.79,Alto,,1,2025
4631,323,242,8,2025-02-18,6947.79,Paga,0,Sem Cobrança,2025-02-20,6947.79,Alto,,2,2025
4632,323,242,9,2025-03-20,6947.79,Vencida,31,Cartório,,0.0,Alto,Terceirizado Norte,3,2025
4633,323,242,10,2025-04-19,6947.79,Paga,0,Sem Cobrança,2025-04-22,6947.79,Alto,,4,2025
4634,323,242,11,2025-05-19,6947.79,Paga,0,Sem Cobrança,2025-05-20,6947.79,Alto,,5,2025
4635,324,243,1,2023-07-22,7394.8,Paga,0,Sem Cobrança,2023-07-22,7394.8,Alto,,7,2023
4636,324,243,2,2023-08-21,7394.8,Paga,0,Sem Cobrança,2023-08-23,7394.8,Alto,,8,2023
4637,324,243,3,2023-09-20,7394.8,Paga,0,Sem Cobrança,2023-09-21,7394.8,Alto,,9,2023
4638,324,243,4,2023-10-20,7394.8,Paga,0,Sem Cobrança,2023-10-20,7394.8,Alto,,10,2023
4639,324,243,5,2023-11-19,7394.8,Paga,0,SMS,2023-11-20,6679.44,Alto,Equipe B,11,2023
4640,324,243,6,2023-12-19,7394.8,Paga,0,Sem Cobrança,2023-12-19,7394.8,Alto,,12,2023
4641,324,243,7,2024-01-18,7394.8,Paga,0,Sem Cobrança,2024-01-18,7394.8,Alto,,1,2024
4642,324,243,8,2024-02-17,7394.8,Vencida,26,Ligação,,0.0,Alto,Equipe B,2,2024
4643,324,243,9,2024-03-18,7394.8,Paga,0,Sem Cobrança,2024-03-20,7394.8,Alto,,3,2024
4644,324,243,10,2024-04-17,7394.8,Vencida,15,Ligação,,0.0,Alto,Equipe A,4,2024
4645,324,243,11,2024-05-17,7394.8,Paga,0,Sem Cobrança,2024-05-19,7394.8,Alto,,5,2024
4646,324,243,12,2024-06-16,7394.8,Paga,0,Sem Cobrança,2024-06-17,7394.8,Alto,,6,2024
4647,324,243,13,2024-07-16,7394.8,Paga,0,Sem Cobrança,2024-07-18,7394.8,Alto,,7,2024
4648,324,243,14,2024-08-15,7394.8,Paga,0,Sem Cobrança,2024-08-16,7394.8,Alto,,8,2024
4649,324,243,15,2024-09-14,7394.8,Paga,0,Sem Cobrança,2024-09-16,7394.8,Alto,,9,2024
4650,324,243,16,2024-10-14,7394.8,Paga,0,Sem Cobrança,2024-10-16,7394.8,Alto,,10,2024
4651,324,243,17,2024-11-13,7394.8,Paga,0,Sem Cobrança,2024-11-13,7394.8,Alto,,11,2024
4652,324,243,18,2024-12-13,7394.8,Pendente,1,SMS,,0.0,Alto,Terceirizado Sul,12,2024
4653,324,243,19,2025-01-12,7394.8,Vencida,98,Jurídico,,0.0,Baixo,Terceirizado Sul,1,2025
4654,324,243,20,2025-02-11,7394.8,Vencida,15,Ligação,,0.0,Alto,Terceirizado Norte,2,2025
4655,325,244,1,2020-12-18,5741.26,Paga,0,Email,2020-12-27,4843.87,Alto,Equipe C,12,2020
4656,325,244,2,2021-01-17,5741.26,Paga,0,Sem Cobrança,2021-01-18,5741.26,Alto,,1,2021
4657,325,244,3,2021-02-16,5741.26,Paga,0,Sem Cobrança,2021-02-17,5741.26,Alto,,2,2021
4658,325,244,4,2021-03-18,5741.26,Paga,0,Sem Cobrança,2021-03-20,5741.26,Alto,,3,2021
4659,325,244,5,2021-04-17,5741.26,Vencida,8,Email,,0.0,Alto,Equipe B,4,2021
4660,325,244,6,2021-05-17,5741.26,Paga,0,Ligação,2021-06-09,5325.76,Alto,Equipe B,5,2021
4661,325,244,7,2021-06-16,5741.26,Vencida,120,Jurídico,,0.0,Baixo,Equipe C,6,2021
4662,325,244,8,2021-07-16,5741.26,Paga,0,Sem Cobrança,2021-07-16,5741.26,Alto,,7,2021
4663,325,244,9,2021-08-15,5741.26,Paga,0,Sem Cobrança,2021-08-18,5741.26,Alto,,8,2021
4664,325,244,10,2021-09-14,5741.26,Vencida,51,Cartório,,0.0,Médio,Equipe C,9,2021
4665,325,244,11,2021-10-14,5741.26,Paga,0,Ligação,2021-10-29,4124.2,Alto,Equipe B,10,2021
4666,325,244,12,2021-11-13,5741.26,Paga,0,Sem Cobrança,2021-11-14,5741.26,Alto,,11,2021
4667,325,244,13,2021-12-13,5741.26,Paga,0,Cartório,2022-01-19,4182.94,Alto,Equipe A,12,2021
4668,325,244,14,2022-01-12,5741.26,Paga,0,Sem Cobrança,2022-01-12,5741.26,Alto,,1,2022
4669,326,244,1,2020-08-21,2783.99,Paga,0,SMS,2020-08-23,2514.03,Alto,Equipe C,8,2020
4670,326,244,2,2020-09-20,2783.99,Paga,0,Sem Cobrança,2020-09-23,2783.99,Alto,,9,2020
4671,326,244,3,2020-10-20,2783.99,Paga,0,Sem Cobrança,2020-10-21,2783.99,Alto,,10,2020
4672,326,244,4,2020-11-19,2783.99,Paga,0,SMS,2020-11-22,2269.53,Alto,Terceirizado Norte,11,2020
4673,326,244,5,2020-12-19,2783.99,Paga,0,Sem Cobrança,2020-12-20,2783.99,Alto,,12,2020
4674,326,244,6,2021-01-18,2783.99,Paga,0,Sem Cobrança,2021-01-18,2783.99,Alto,,1,2021
4675,326,244,7,2021-02-17,2783.99,Paga,0,Sem Cobrança,2021-02-19,2783.99,Alto,,2,2021
4676,326,244,8,2021-03-19,2783.99,Paga,0,Sem Cobrança,2021-03-22,2783.99,Alto,,3,2021
4677,326,244,9,2021-04-18,2783.99,Paga,0,Sem Cobrança,2021-04-21,2783.99,Alto,,4,2021
4678,326,244,10,2021-05-18,2783.99,Paga,0,Sem Cobrança,2021-05-19,2783.99,Alto,,5,2021
4679,326,244,11,2021-06-17,2783.99,Paga,0,Sem Cobrança,2021-06-20,2783.99,Alto,,6,2021
4680,326,244,12,2021-07-17,2783.99,Paga,0,Sem Cobrança,2021-07-20,2783.99,Alto,,7,2021
4681,326,244,13,2021-08-16,2783.99,Paga,0,SMS,2021-08-17,2509.24,Alto,Equipe B,8,2021
4682,326,244,14,2021-09-15,2783.99,Paga,0,Sem Cobrança,2021-09-16,2783.99,Alto,,9,2021
4683,326,244,15,2021-10-15,2783.99,Paga,0,Sem Cobrança,2021-10-17,2783.99,Alto,,10,2021
4684,326,244,16,2021-11-14,2783.99,Paga,0,Sem Cobrança,2021-11-14,2783.99,Alto,,11,2021
4685,326,244,17,2021-12-14,2783.99,Paga,0,Sem Cobrança,2021-12-17,2783.99,Alto,,12,2021
4686,326,244,18,2022-01-13,2783.99,Paga,0,Sem Cobrança,2022-01-14,2783.99,Alto,,1,2022
4687,326,244,19,2022-02-12,2783.99,Paga,0,Ligação,2022-03-04,2236.31,Alto,Equipe B,2,2022
4688,326,244,20,2022-03-14,2783.99,Paga,0,Sem Cobrança,2022-03-14,2783.99,Alto,,3,2022
4689,326,244,21,2022-04-13,2783.99,Paga,0,Sem Cobrança,2022-04-16,2783.99,Alto,,4,2022
4690,326,244,22,2022-05-13,2783.99,Paga,0,Sem Cobrança,2022-05-14,2783.99,Alto,,5,2022
4691,326,244,23,2022-06-12,2783.99,Paga,0,Sem Cobrança,2022-06-13,2783.99,Alto,,6,2022
4692,326,244,24,2022-07-12,2783.99,Paga,0,SMS,2022-07-14,2052.77,Alto,Terceirizado Sul,7,2022
4693,327,245,1,2020-03-01,4289.93,Paga,0,Sem Cobrança,2020-03-03,4289.93,Alto,,3,2020
4694,327,245,2,2020-03-31,4289.93,Paga,0,Sem Cobrança,2020-04-03,4289.93,Alto,,3,2020
4695,327,245,3,2020-04-30,4289.93,Vencida,54,Cartório,,0.0,Médio,Terceirizado Sul,4,2020
4696,327,245,4,2020-05-30,4289.93,Paga,0,Sem Cobrança,2020-05-30,4289.93,Alto,,5,2020
4697,327,245,5,2020-06-29,4289.93,Paga,0,Sem Cobrança,2020-07-01,4289.93,Alto,,6,2020
4698,327,245,6,2020-07-29,4289.93,Paga,0,Sem Cobrança,2020-08-01,4289.93,Alto,,7,2020
4699,327,245,7,2020-08-28,4289.93,Paga,0,Sem Cobrança,2020-08-31,4289.93,Alto,,8,2020
4700,327,245,8,2020-09-27,4289.93,Vencida,9,Email,,0.0,Médio,Terceirizado Sul,9,2020
4701,327,245,9,2020-10-27,4289.93,Vencida,74,Jurídico,,0.0,Médio,Equipe C,10,2020
4702,327,245,10,2020-11-26,4289.93,Paga,0,Sem Cobrança,2020-11-29,4289.93,Alto,,11,2020
4703,327,245,11,2020-12-26,4289.93,Paga,0,Sem Cobrança,2020-12-27,4289.93,Alto,,12,2020
4704,327,245,12,2021-01-25,4289.93,Pendente,1,SMS,,0.0,Médio,Equipe B,1,2021
4705,327,245,13,2021-02-24,4289.93,Paga,0,Sem Cobrança,2021-02-27,4289.93,Alto,,2,2021
4706,327,245,14,2021-03-26,4289.93,Paga,0,Sem Cobrança,2021-03-28,4289.93,Alto,,3,2021
4707,327,245,15,2021-04-25,4289.93,Paga,0,Sem Cobrança,2021-04-27,4289.93,Alto,,4,2021
4708,327,245,16,2021-05-25,4289.93,Paga,0,Sem Cobrança,2021-05-25,4289.93,Alto,,5,2021
4709,327,245,17,2021-06-24,4289.93,Paga,0,Sem Cobrança,2021-06-25,4289.93,Alto,,6,2021
4710,327,245,18,2021-07-24,4289.93,Renegociada,7,Email,2021-07-31,3072.41,Médio,Terceirizado Sul,7,2021
4711,327,245,19,2021-08-23,4289.93,Renegociada,30,Cartório,2021-09-22,4195.49,Médio,Equipe B,8,2021
4712,327,245,20,2021-09-22,4289.93,Renegociada,1,SMS,2021-09-23,3117.08,Médio,Equipe C,9,2021
4713,327,245,21,2021-10-22,4289.93,Paga,0,Sem Cobrança,2021-10-24,4289.93,Alto,,10,2021
4714,328,246,1,2021-11-19,1295.5,Paga,0,Sem Cobrança,2021-11-19,1295.5,Alto,,11,2021
4715,328,246,2,2021-12-19,1295.5,Pendente,1,SMS,,0.0,Médio,Terceirizado Sul,12,2021
4716,328,246,3,2022-01-18,1295.5,Paga,0,Sem Cobrança,2022-01-19,1295.5,Alto,,1,2022
4717,328,246,4,2022-02-17,1295.5,Paga,0,Sem Cobrança,2022-02-18,1295.5,Alto,,2,2022
4718,328,246,5,2022-03-19,1295.5,Paga,0,Sem Cobrança,2022-03-19,1295.5,Alto,,3,2022
4719,328,246,6,2022-04-18,1295.5,Vencida,11,Email,,0.0,Médio,Equipe C,4,2022
4720,328,246,7,2022-05-18,1295.5,Paga,0,Sem Cobrança,2022-05-19,1295.5,Alto,,5,2022
4721,328,246,8,2022-06-17,1295.5,Paga,0,Sem Cobrança,2022-06-18,1295.5,Alto,,6,2022
4722,328,246,9,2022-07-17,1295.5,Vencida,20,Ligação,,0.0,Médio,Equipe B,7,2022
4723,328,246,10,2022-08-16,1295.5,Paga,0,Sem Cobrança,2022-08-16,1295.5,Alto,,8,2022
4724,328,246,11,2022-09-15,1295.5,Paga,0,Sem Cobrança,2022-09-16,1295.5,Alto,,9,2022
4725,328,246,12,2022-10-15,1295.5,Renegociada,6,Email,2022-10-21,943.2,Médio,Equipe C,10,2022
4726,329,247,1,2024-08-01,3692.03,Paga,0,Sem Cobrança,2024-08-04,3692.03,Alto,,8,2024
4727,329,247,2,2024-08-31,3692.03,Paga,0,Sem Cobrança,2024-08-31,3692.03,Alto,,8,2024
4728,329,247,3,2024-09-30,3692.03,Paga,0,Sem Cobrança,2024-10-01,3692.03,Alto,,9,2024
4729,329,247,4,2024-10-30,3692.03,Paga,0,Sem Cobrança,2024-11-02,3692.03,Alto,,10,2024
4730,329,247,5,2024-11-29,3692.03,Paga,0,Sem Cobrança,2024-12-01,3692.03,Alto,,11,2024
4731,329,247,6,2024-12-29,3692.03,Paga,0,Sem Cobrança,2024-12-29,3692.03,Alto,,12,2024
4732,329,247,7,2025-01-28,3692.03,Paga,0,Sem Cobrança,2025-01-29,3692.03,Alto,,1,2025
4733,330,248,1,2020-07-21,8439.71,Paga,0,Sem Cobrança,2020-07-21,8439.71,Alto,,7,2020
4734,330,248,2,2020-08-20,8439.71,Paga,0,Sem Cobrança,2020-08-20,8439.71,Alto,,8,2020
4735,330,248,3,2020-09-19,8439.71,Paga,0,Sem Cobrança,2020-09-19,8439.71,Alto,,9,2020
4736,330,248,4,2020-10-19,8439.71,Paga,0,Sem Cobrança,2020-10-22,8439.71,Alto,,10,2020
4737,330,248,5,2020-11-18,8439.71,Paga,0,Sem Cobrança,2020-11-18,8439.71,Alto,,11,2020
4738,330,248,6,2020-12-18,8439.71,Paga,0,Sem Cobrança,2020-12-19,8439.71,Alto,,12,2020
4739,330,248,7,2021-01-17,8439.71,Paga,0,Sem Cobrança,2021-01-18,8439.71,Alto,,1,2021
4740,330,248,8,2021-02-16,8439.71,Renegociada,6,Email,2021-02-22,8040.04,Médio,Terceirizado Sul,2,2021
4741,330,248,9,2021-03-18,8439.71,Paga,0,Sem Cobrança,2021-03-18,8439.71,Alto,,3,2021
4742,330,248,10,2021-04-17,8439.71,Paga,0,Sem Cobrança,2021-04-20,8439.71,Alto,,4,2021
4743,331,249,1,2023-01-27,1122.57,Paga,0,Sem Cobrança,2023-01-27,1122.57,Alto,,1,2023
4744,331,249,2,2023-02-26,1122.57,Paga,0,Sem Cobrança,2023-02-27,1122.57,Alto,,2,2023
4745,331,249,3,2023-03-28,1122.57,Paga,0,Sem Cobrança,2023-03-31,1122.57,Alto,,3,2023
4746,331,249,4,2023-04-27,1122.57,Paga,0,Sem Cobrança,2023-04-27,1122.57,Alto,,4,2023
4747,331,249,5,2023-05-27,1122.57,Paga,0,Sem Cobrança,2023-05-29,1122.57,Alto,,5,2023
4748,331,249,6,2023-06-26,1122.57,Paga,0,Sem Cobrança,2023-06-29,1122.57,Alto,,6,2023
4749,331,249,7,2023-07-26,1122.57,Paga,0,Sem Cobrança,2023-07-29,1122.57,Alto,,7,2023
4750,331,249,8,2023-08-25,1122.57,Paga,0,Sem Cobrança,2023-08-25,1122.57,Alto,,8,2023
4751,331,249,9,2023-09-24,1122.57,Paga,0,Sem Cobrança,2023-09-27,1122.57,Alto,,9,2023
4752,331,249,10,2023-10-24,1122.57,Paga,0,Sem Cobrança,2023-10-24,1122.57,Alto,,10,2023
4753,331,249,11,2023-11-23,1122.57,Paga,0,Sem Cobrança,2023-11-26,1122.57,Alto,,11,2023
4754,332,250,1,2023-04-25,1553.19,Paga,0,Sem Cobrança,2023-04-27,1553.19,Alto,,4,2023
4755,332,250,2,2023-05-25,1553.19,Paga,0,Sem Cobrança,2023-05-27,1553.19,Alto,,5,2023
4756,332,250,3,2023-06-24,1553.19,Paga,0,Sem Cobrança,2023-06-24,1553.19,Alto,,6,2023
4757,332,250,4,2023-07-24,1553.19,Paga,0,Sem Cobrança,2023-07-27,1553.19,Alto,,7,2023
4758,332,250,5,2023-08-23,1553.19,Paga,0,Sem Cobrança,2023-08-24,1553.19,Alto,,8,2023
4759,332,250,6,2023-09-22,1553.19,Paga,0,Sem Cobrança,2023-09-23,1553.19,Alto,,9,2023
4760,332,250,7,2023-10-22,1553.19,Paga,0,Sem Cobrança,2023-10-25,1553.19,Alto,,10,2023
4761,332,250,8,2023-11-21,1553.19,Paga,0,Sem Cobrança,2023-11-23,1553.19,Alto,,11,2023
4762,332,250,9,2023-12-21,1553.19,Paga,0,Sem Cobrança,2023-12-24,1553.19,Alto,,12,2023
4763,332,250,10,2024-01-20,1553.19,Paga,0,Sem Cobrança,2024-01-21,1553.19,Alto,,1,2024
4764,332,250,11,2024-02-19,1553.19,Renegociada,44,Cartório,2024-04-03,1498.24,Médio,Equipe A,2,2024
4765,332,250,12,2024-03-20,1553.19,Renegociada,1,SMS,2024-03-21,1453.4,Médio,Equipe B,3,2024
4766,332,250,13,2024-04-19,1553.19,Paga,0,Sem Cobrança,2024-04-21,1553.19,Alto,,4,2024
4767,332,250,14,2024-05-19,1553.19,Paga,0,Sem Cobrança,2024-05-21,1553.19,Alto,,5,2024
4768,332,250,15,2024-06-18,1553.19,Paga,0,Sem Cobrança,2024-06-19,1553.19,Alto,,6,2024
4769,332,250,16,2024-07-18,1553.19,Vencida,16,Ligação,,0.0,Médio,Equipe A,7,2024
4770,332,250,17,2024-08-17,1553.19,Paga,0,Sem Cobrança,2024-08-20,1553.19,Alto,,8,2024
